census_tract,total_pop,under_5,5_to_9,10 to 14 years,15 to 19 years,20 to 24 years,25 to 29 years,30 to 34 years,35 to 39 years,40 to 44 years,45 to 49 years,50 to 54 years,55 to 59 years,60 to 64 years,65 to 69 years,70 to 74 years,75 to 79 years,80 to 84 years,85 years and over,Selected Age Categories,16 years and over,18 years and over,21 years and over,62 years and over,65 years and over,Male population,Under 5 years,5 to 9 years,10 to 14 years_1,15 to 19 years_1,20 to 24 years_1,25 to 29 years_1,30 to 34 years_1,35 to 39 years_1,40 to 44 years_1,45 to 49 years_1,50 to 54 years_1,55 to 59 years_1,60 to 64 years_1,65 to 69 years_1,70 to 74 years_1,75 to 79 years_1,80 to 84 years_1,85 years and over_1,Selected Age Categories_1,16 years and over_1,18 years and over_1,21 years and over_1,62 years and over_1,65 years and over_1,Female population,Under 5 years_1,5 to 9 years_1,10 to 14 years_2,15 to 19 years_2,20 to 24 years_2,25 to 29 years_2,30 to 34 years_2,35 to 39 years_2,40 to 44 years_2,45 to 49 years_2,50 to 54 years_2,55 to 59 years_2,60 to 64 years_2,65 to 69 years_2,70 to 74 years_2,75 to 79 years_2,80 to 84 years_2,85 years and over_2,Selected Age Categories_2,16 years and over_2,18 years and over_2,21 years and over_2,62 years and over_2,65 years and over_2,MEDIAN AGE BY SEX,Both sexes,Male,Female,RACE,Total population,One Race,White,Black or African American,American Indian and Alaska Native,Asian,Native Hawaiian and Other Pacific Islander,Some Other Race,Two or More Races,TOTAL RACES TALLIED [1],Total races tallied,White alone or in combination with one or more other races,Black or African American alone or in combination with one or more other races,American Indian and Alaska Native alone or in combination with one or more other races,Asian alone or in combination with one or more other races,Native Hawaiian and Other Pacific Islander alone or in combination with one or more other races,Some Other Race alone or in combination with one or more other races,HISPANIC OR LATINO,Total population_1,Hispanic or Latino (of any race),Not Hispanic or Latino,HISPANIC OR LATINO BY RACE,Total population_2,Hispanic or Latino,White alone,Black or African American alone,American Indian and Alaska Native alone,Asian alone,Native Hawaiian and Other Pacific Islander alone,Some Other Race alone,Two or More Races_1,Not Hispanic or Latino_1,White alone_1,Black or African American alone_1,American Indian and Alaska Native alone_1,Asian alone_1,Native Hawaiian and Other Pacific Islander alone_1,Some Other Race alone_1,Two or More Races_2,RELATIONSHIP,Total population_3,In households,Householder,Opposite-sex spouse,Same-sex spouse,Opposite-sex unmarried partner,Same-sex unmarried partner,Child [2],Under 18 years,Grandchild,Under 18 years_1,Other relatives,Nonrelatives,In group quarters,Institutionalized population:,Male_1,Female_1,Noninstitutionalized population:,Male_2,Female_2,HOUSEHOLDS BY TYPE,Total households,Married couple household,With own children under 18 [3],Cohabiting couple household,With own children under 18 [3]_1,"Male householder, no spouse or partner present:",Living alone,65 years and over_3,With own children under 18 [3]_2,"Female householder, no spouse or partner present:",Living alone_1,65 years and over_4,With own children under 18 [3]_3,Households with individuals under 18 years,Households with individuals 65 years and over,HOUSING OCCUPANCY,Total housing units,Occupied housing units,Vacant housing units,For rent,"Rented, not occupied",For sale only,"Sold, not occupied","For seasonal, recreational, or occasional use",All other vacants,VACANCY RATES,Homeowner vacancy rate (percent) [4],Rental vacancy rate (percent) [5],HOUSING TENURE,Occupied housing units_1,Owner-occupied housing units,Renter-occupied housing units,near_hblr,white_pct,black_pct,asian_pct,amerindian_pct,other_pct,hispanic_pct,near_path
Census Tract 1.01; Hudson County; New Jersey!!Percent,100.00%,6.30%,6.30%,6.70%,5.70%,6.80%,10.40%,9.70%,8.30%,5.80%,4.50%,6.40%,6.60%,5.30%,4.50%,2.90%,1.30%,1.60%,0.70%,,79.70%,77.20%,74.30%,13.90%,11.20%,100.00%,7.30%,6.80%,6.90%,5.60%,7.20%,10.00%,10.30%,8.80%,6.00%,4.60%,6.30%,6.00%,4.40%,4.20%,2.80%,0.90%,1.60%,0.50%,,78.30%,75.50%,72.70%,12.20%,10.00%,100.00%,5.20%,5.80%,6.50%,5.80%,6.40%,10.80%,9.10%,7.90%,5.70%,4.50%,6.50%,7.20%,6.20%,4.90%,3.00%,1.80%,1.70%,1.00%,,81.10%,78.90%,75.80%,15.60%,12.40%,,(X),(X),(X),,100.00%,87.70%,24.20%,5.10%,1.30%,34.10%,0.00%,23.10%,12.30%,,112.70%,33.90%,7.90%,2.10%,35.00%,0.00%,33.80%,,100.00%,41.50%,58.50%,,100.00%,41.50%,6.30%,1.00%,1.30%,0.30%,0.00%,21.70%,10.80%,58.50%,17.80%,4.10%,0.00%,33.80%,0.00%,1.40%,1.40%,,100.00%,99.50%,33.60%,14.90%,0.20%,2.20%,0.10%,29.80%,20.10%,2.20%,1.60%,10.50%,6.10%,0.50%,0.00%,0.00%,0.00%,0.50%,0.40%,0.20%,,100.00%,45.50%,22.30%,6.30%,3.20%,22.30%,10.50%,2.60%,2.10%,26.00%,9.60%,3.20%,6.50%,38.30%,22.30%,,100.00%,91.90%,8.10%,2.60%,0.10%,1.10%,0.70%,0.80%,2.90%,,(X),(X),,100.00%,37.90%,62.10%,False,17.8,4.1,33.8,0.0,1.4,41.5,False
Census Tract 1.02; Hudson County; New Jersey!!Percent,100.00%,5.50%,5.30%,5.60%,5.50%,7.10%,9.10%,11.10%,8.40%,6.40%,5.70%,6.20%,6.60%,5.70%,4.40%,3.30%,1.90%,1.10%,1.10%,,82.40%,80.40%,76.90%,14.90%,11.80%,100.00%,6.20%,5.10%,5.50%,5.70%,6.90%,10.10%,10.90%,9.30%,6.40%,5.40%,6.00%,5.80%,5.80%,4.20%,3.00%,2.10%,1.10%,0.60%,,82.40%,80.10%,76.40%,14.20%,11.00%,100.00%,4.90%,5.60%,5.70%,5.30%,7.20%,8.20%,11.30%,7.60%,6.40%,5.90%,6.30%,7.50%,5.60%,4.50%,3.60%,1.80%,1.20%,1.60%,,82.50%,80.70%,77.50%,15.50%,12.60%,,(X),(X),(X),,100.00%,88.20%,23.90%,7.10%,1.10%,32.20%,0.10%,23.80%,11.80%,,112.50%,33.40%,9.40%,2.20%,32.90%,0.30%,34.30%,,100.00%,41.50%,58.50%,,100.00%,41.50%,5.60%,1.40%,0.90%,0.00%,0.10%,23.00%,10.50%,58.50%,18.30%,5.70%,0.20%,32.20%,0.00%,0.80%,1.40%,,100.00%,99.90%,34.70%,15.40%,0.20%,2.10%,0.10%,29.10%,16.80%,2.00%,1.80%,10.00%,6.30%,0.10%,0.00%,0.00%,0.00%,0.10%,0.10%,0.00%,,100.00%,45.30%,19.20%,6.30%,2.40%,21.60%,10.70%,1.50%,2.90%,26.80%,10.50%,4.40%,5.50%,34.50%,23.10%,,100.00%,92.60%,7.40%,3.60%,0.30%,0.40%,0.10%,0.20%,2.70%,,(X),(X),,100.00%,32.60%,67.40%,False,18.3,5.7,32.2,0.2,0.8,41.5,False
Census Tract 2; Hudson County; New Jersey!!Percent,100.00%,5.10%,6.40%,5.60%,5.20%,7.30%,9.60%,10.40%,8.10%,6.60%,5.90%,5.60%,5.10%,4.60%,4.40%,4.00%,2.80%,1.90%,1.40%,,81.60%,79.70%,76.30%,17.00%,14.50%,100.00%,5.10%,6.80%,5.50%,5.50%,8.40%,10.30%,10.80%,8.90%,6.60%,5.70%,5.30%,4.70%,4.60%,4.00%,3.10%,2.30%,1.50%,0.90%,,81.10%,79.00%,75.50%,14.20%,11.80%,100.00%,5.10%,6.00%,5.60%,4.90%,6.20%,8.90%,10.00%,7.30%,6.60%,6.20%,5.90%,5.50%,4.50%,4.80%,4.90%,3.30%,2.30%,1.90%,,82.10%,80.30%,77.00%,19.80%,17.20%,,(X),(X),(X),,100.00%,84.30%,23.50%,7.60%,0.90%,19.50%,0.10%,32.80%,15.70%,,117.10%,36.00%,11.50%,2.10%,20.50%,0.40%,46.60%,,100.00%,54.80%,45.20%,,100.00%,54.80%,7.60%,1.60%,0.70%,0.20%,0.00%,31.20%,13.60%,45.20%,15.90%,5.90%,0.20%,19.30%,0.10%,1.60%,2.10%,,100.00%,100.00%,38.50%,12.60%,0.40%,2.80%,0.20%,28.10%,17.10%,2.60%,2.30%,8.50%,6.30%,0.00%,0.00%,0.00%,0.00%,0.00%,0.00%,0.00%,,100.00%,33.30%,14.10%,8.00%,2.90%,23.10%,13.50%,3.90%,2.20%,35.50%,17.10%,9.70%,7.30%,29.50%,29.80%,,100.00%,93.10%,6.90%,3.30%,0.10%,0.80%,0.20%,0.00%,2.40%,,(X),(X),,100.00%,25.00%,75.00%,False,15.9,5.9,19.3,0.2,1.6,54.8,False
Census Tract 3; Hudson County; New Jersey!!Percent,100.00%,5.00%,5.40%,5.10%,4.70%,7.40%,12.10%,10.60%,9.70%,7.20%,6.80%,5.90%,5.40%,4.80%,4.20%,2.30%,1.60%,1.00%,0.90%,,83.50%,82.10%,78.90%,12.40%,9.90%,100.00%,5.50%,4.90%,5.30%,4.60%,6.80%,12.50%,11.00%,9.60%,7.60%,6.40%,6.20%,5.80%,4.50%,4.10%,2.30%,1.10%,1.00%,0.60%,,83.50%,82.30%,79.10%,11.50%,9.10%,100.00%,4.50%,6.00%,4.90%,4.80%,8.00%,11.60%,10.20%,9.90%,6.70%,7.20%,5.50%,5.00%,5.10%,4.30%,2.20%,2.00%,1.10%,1.20%,,83.50%,81.90%,78.60%,13.30%,10.70%,,(X),(X),(X),,100.00%,85.50%,38.00%,4.50%,1.50%,12.70%,0.00%,28.70%,14.50%,,115.50%,50.30%,6.70%,2.60%,14.60%,0.30%,41.00%,,100.00%,48.40%,51.60%,,100.00%,48.40%,6.40%,0.90%,1.40%,0.20%,0.00%,27.70%,11.80%,51.60%,31.60%,3.60%,0.10%,12.60%,0.00%,1.10%,2.70%,,100.00%,100.00%,40.20%,14.30%,0.40%,3.30%,0.30%,25.40%,15.70%,1.60%,1.40%,6.20%,8.30%,0.00%,0.00%,0.00%,0.00%,0.00%,0.00%,0.00%,,100.00%,36.50%,16.20%,8.60%,2.00%,27.10%,17.40%,1.90%,1.60%,27.80%,13.40%,3.90%,4.70%,27.50%,17.90%,,100.00%,91.50%,8.50%,3.20%,0.30%,0.60%,0.60%,0.60%,3.20%,,(X),(X),,100.00%,31.30%,68.70%,True,31.6,3.6,12.6,0.1,1.1,48.4,False
Census Tract 4; Hudson County; New Jersey!!Percent,100.00%,6.20%,6.50%,5.20%,4.90%,7.00%,11.20%,9.50%,7.80%,7.30%,6.10%,6.60%,5.40%,6.00%,3.90%,3.20%,2.10%,0.70%,0.50%,,81.30%,79.10%,76.60%,13.40%,10.30%,100.00%,6.20%,7.00%,5.10%,4.80%,7.60%,11.30%,10.10%,8.20%,7.50%,6.40%,6.60%,4.60%,5.70%,3.30%,3.10%,1.40%,0.50%,0.30%,,81.10%,78.80%,76.30%,12.10%,8.80%,100.00%,6.20%,5.90%,5.20%,5.10%,6.50%,11.10%,8.80%,7.40%,7.10%,5.80%,6.50%,6.20%,6.20%,4.40%,3.40%,2.80%,0.80%,0.60%,,81.50%,79.30%,77.00%,14.80%,11.90%,,(X),(X),(X),,100.00%,89.70%,21.60%,4.80%,1.10%,41.80%,0.00%,20.40%,10.30%,,111.00%,28.60%,7.50%,2.40%,43.40%,0.20%,28.90%,,100.00%,34.50%,65.50%,,100.00%,34.50%,4.80%,1.10%,0.70%,0.20%,0.00%,19.20%,8.60%,65.50%,16.80%,3.70%,0.50%,41.60%,0.00%,1.20%,1.80%,,100.00%,100.00%,35.50%,16.10%,0.30%,2.20%,0.10%,28.70%,18.60%,1.70%,1.40%,9.60%,5.80%,0.00%,0.00%,0.00%,0.00%,0.00%,0.00%,0.00%,,100.00%,45.70%,22.10%,6.30%,2.80%,22.40%,12.10%,2.30%,1.80%,25.50%,11.60%,4.50%,4.20%,33.00%,23.50%,,100.00%,91.60%,8.40%,3.20%,0.00%,1.10%,0.40%,0.00%,3.70%,,(X),(X),,100.00%,31.90%,68.10%,False,16.8,3.7,41.6,0.5,1.2,34.5,False
Census Tract 5; Hudson County; New Jersey!!Percent,100.00%,6.50%,6.40%,5.10%,5.60%,7.40%,10.60%,10.50%,8.80%,7.50%,5.60%,5.70%,4.90%,4.90%,4.00%,2.80%,1.70%,1.10%,0.90%,,81.00%,79.00%,75.40%,13.40%,10.50%,100.00%,6.70%,6.00%,5.40%,6.10%,8.20%,10.80%,10.10%,9.70%,8.10%,5.50%,5.40%,4.60%,5.00%,3.40%,2.60%,1.30%,0.60%,0.50%,,80.70%,78.40%,75.30%,11.00%,8.50%,100.00%,6.20%,6.90%,4.90%,5.10%,6.60%,10.40%,11.00%,7.80%,6.90%,5.60%,6.10%,5.20%,4.80%,4.70%,3.00%,2.20%,1.50%,1.20%,,81.40%,79.60%,75.60%,15.70%,12.60%,,(X),(X),(X),,100.00%,88.30%,28.40%,6.20%,1.00%,30.40%,0.10%,22.30%,11.70%,,112.50%,37.70%,9.20%,1.70%,31.80%,0.30%,31.90%,,100.00%,38.80%,61.20%,,100.00%,38.80%,6.20%,1.60%,0.80%,0.00%,0.10%,21.00%,9.20%,61.20%,22.20%,4.60%,0.20%,30.30%,0.00%,1.30%,2.50%,,100.00%,100.00%,36.40%,14.70%,0.30%,2.30%,0.40%,28.50%,18.40%,2.30%,1.80%,8.80%,6.30%,0.00%,0.00%,0.00%,0.00%,0.00%,0.00%,0.00%,,100.00%,41.40%,20.10%,7.30%,2.00%,23.90%,13.60%,1.40%,1.70%,27.40%,11.50%,4.10%,5.60%,33.60%,18.70%,,100.00%,91.30%,8.70%,4.40%,0.60%,0.50%,0.40%,0.30%,2.40%,,(X),(X),,100.00%,30.60%,69.40%,False,22.2,4.6,30.3,0.2,1.3,38.8,False
Census Tract 6; Hudson County; New Jersey!!Percent,100.00%,6.00%,6.50%,5.20%,5.10%,6.70%,9.30%,10.50%,8.90%,7.30%,5.90%,6.40%,5.80%,5.50%,4.30%,2.70%,1.90%,0.80%,1.00%,,81.00%,79.30%,76.00%,13.80%,10.80%,100.00%,6.00%,7.00%,5.50%,5.10%,7.30%,9.50%,10.10%,9.10%,7.40%,5.60%,6.50%,5.70%,5.00%,4.10%,2.80%,2.00%,0.60%,0.60%,,80.40%,78.70%,75.30%,13.10%,10.10%,100.00%,6.00%,6.10%,4.80%,5.20%,6.10%,9.10%,10.90%,8.70%,7.20%,6.20%,6.40%,5.90%,6.10%,4.60%,2.70%,1.80%,0.90%,1.50%,,81.60%,79.90%,76.70%,14.60%,11.40%,,(X),(X),(X),,100.00%,85.90%,26.90%,6.20%,0.70%,27.70%,0.00%,24.40%,14.10%,,115.00%,38.50%,9.70%,1.70%,28.90%,0.10%,36.00%,,100.00%,42.30%,57.70%,,100.00%,42.30%,5.50%,1.20%,0.50%,0.00%,0.00%,23.20%,11.80%,57.70%,21.40%,4.90%,0.20%,27.70%,0.00%,1.30%,2.30%,,100.00%,100.00%,38.30%,14.90%,0.20%,2.30%,0.20%,28.30%,18.90%,1.70%,1.20%,7.90%,6.10%,0.00%,0.00%,0.00%,0.00%,0.00%,0.00%,0.00%,,100.00%,39.60%,18.10%,6.50%,2.70%,23.20%,13.30%,2.10%,1.80%,30.70%,15.00%,4.70%,6.50%,31.60%,21.00%,,100.00%,92.10%,7.90%,3.80%,0.20%,0.70%,0.20%,0.10%,3.00%,,(X),(X),,100.00%,24.00%,76.00%,False,21.4,4.9,27.7,0.2,1.3,42.3,False
Census Tract 7; Hudson County; New Jersey!!Percent,100.00%,5.60%,5.50%,5.70%,5.00%,6.60%,11.70%,11.90%,9.70%,7.70%,5.00%,5.50%,5.10%,4.70%,3.40%,3.10%,1.40%,1.40%,0.90%,,82.00%,79.90%,77.60%,13.00%,10.20%,100.00%,5.80%,5.40%,5.60%,6.00%,6.70%,11.40%,12.20%,10.10%,7.90%,4.80%,6.00%,5.00%,3.80%,3.20%,3.10%,1.20%,1.30%,0.80%,,82.00%,79.60%,77.00%,11.60%,9.50%,100.00%,5.50%,5.60%,5.80%,4.00%,6.50%,11.90%,11.70%,9.40%,7.60%,5.20%,4.90%,5.30%,5.70%,3.70%,3.10%,1.70%,1.60%,0.90%,,82.10%,80.20%,78.10%,14.40%,10.90%,,(X),(X),(X),,100.00%,84.50%,32.70%,5.80%,1.60%,13.70%,0.00%,30.70%,15.50%,,116.60%,45.80%,8.60%,2.90%,15.00%,0.30%,44.00%,,100.00%,51.60%,48.40%,,100.00%,51.60%,6.30%,1.10%,1.30%,0.20%,0.00%,29.40%,13.30%,48.40%,26.50%,4.70%,0.30%,13.50%,0.00%,1.30%,2.10%,,100.00%,99.80%,39.30%,13.40%,0.50%,3.60%,0.50%,26.10%,17.40%,1.60%,1.40%,8.60%,6.20%,0.20%,0.00%,0.00%,0.00%,0.20%,0.10%,0.10%,,100.00%,35.00%,15.00%,9.90%,2.90%,24.30%,15.20%,3.30%,2.00%,30.80%,14.50%,4.10%,6.90%,31.00%,20.90%,,100.00%,91.30%,8.70%,3.30%,0.10%,0.80%,0.50%,0.10%,4.00%,,(X),(X),,100.00%,27.90%,72.10%,False,26.5,4.7,13.5,0.3,1.3,51.6,False
Census Tract 8; Hudson County; New Jersey!!Percent,100.00%,6.10%,4.00%,4.00%,3.90%,8.40%,14.60%,14.60%,10.20%,6.50%,5.70%,5.30%,4.30%,4.10%,3.10%,2.40%,1.60%,0.70%,0.70%,,85.20%,83.60%,81.00%,10.70%,8.40%,100.00%,6.10%,3.30%,4.10%,4.40%,10.30%,15.50%,14.00%,9.70%,6.70%,5.20%,5.60%,4.00%,3.80%,2.90%,2.00%,1.60%,0.50%,0.40%,,85.60%,84.20%,80.90%,9.40%,7.30%,100.00%,6.20%,4.80%,3.90%,3.30%,6.10%,13.50%,15.40%,10.70%,6.30%,6.20%,4.80%,4.70%,4.50%,3.30%,2.90%,1.50%,0.90%,1.00%,,84.70%,82.90%,81.00%,12.30%,9.70%,,(X),(X),(X),,100.00%,86.30%,43.40%,5.40%,0.60%,13.50%,0.00%,23.40%,13.70%,,114.70%,55.00%,8.60%,1.70%,14.70%,0.20%,34.40%,,100.00%,38.30%,61.70%,,100.00%,38.30%,4.60%,1.00%,0.60%,0.20%,0.00%,21.70%,10.20%,61.70%,38.80%,4.40%,0.00%,13.30%,0.00%,1.70%,3.50%,,100.00%,100.00%,42.40%,14.20%,0.30%,4.00%,0.70%,21.30%,14.70%,1.20%,0.90%,6.30%,9.50%,0.00%,0.00%,0.00%,0.00%,0.00%,0.00%,0.00%,,100.00%,34.40%,13.40%,10.80%,1.90%,29.80%,16.20%,2.40%,2.10%,24.90%,13.00%,1.80%,4.10%,23.50%,14.70%,,100.00%,90.20%,9.80%,5.70%,0.20%,0.50%,0.30%,0.20%,3.00%,,(X),(X),,100.00%,27.70%,72.30%,True,38.8,4.4,13.3,0.0,1.7,38.3,False
Census Tract 9.02; Hudson County; New Jersey!!Percent,100.00%,6.90%,5.70%,3.10%,2.50%,5.20%,11.30%,14.00%,10.90%,6.20%,4.10%,4.20%,4.10%,4.60%,6.00%,4.90%,3.00%,1.80%,1.50%,,83.70%,82.90%,81.00%,20.00%,17.10%,100.00%,6.80%,5.70%,3.10%,2.80%,6.00%,11.60%,14.20%,12.40%,6.80%,4.00%,4.00%,3.70%,4.10%,5.60%,4.50%,2.40%,1.30%,0.90%,,83.90%,82.70%,80.70%,17.50%,14.80%,100.00%,7.00%,5.80%,3.10%,2.30%,4.30%,10.90%,13.70%,9.20%,5.60%,4.30%,4.40%,4.70%,5.10%,6.50%,5.40%,3.50%,2.20%,2.10%,,83.60%,83.10%,81.20%,22.70%,19.70%,,(X),(X),(X),,100.00%,94.90%,22.30%,4.80%,0.40%,60.20%,0.00%,7.20%,5.10%,,105.60%,26.40%,6.20%,0.90%,61.10%,0.10%,10.80%,,100.00%,13.20%,86.80%,,100.00%,13.20%,2.60%,0.70%,0.20%,0.10%,0.00%,6.20%,3.50%,86.80%,19.80%,4.10%,0.20%,60.10%,0.00%,0.90%,1.60%,,100.00%,99.70%,42.90%,18.40%,0.10%,1.10%,0.20%,23.00%,16.20%,0.90%,0.70%,5.80%,7.20%,0.30%,0.00%,0.00%,0.00%,0.30%,0.20%,0.10%,,100.00%,42.90%,20.50%,2.90%,0.30%,25.30%,15.20%,6.40%,0.90%,28.90%,18.00%,10.80%,2.90%,26.10%,30.60%,,100.00%,93.10%,6.90%,3.70%,0.20%,0.30%,0.10%,0.80%,1.80%,,(X),(X),,100.00%,22.00%,78.00%,False,19.8,4.1,60.1,0.2,0.9,13.2,True
Census Tract 10; Hudson County; New Jersey!!Percent,100.00%,7.10%,7.50%,5.20%,3.70%,5.90%,9.00%,10.70%,10.30%,6.30%,5.20%,5.40%,5.70%,5.30%,4.80%,3.70%,2.30%,0.70%,1.20%,,79.70%,78.00%,75.90%,16.20%,12.70%,100.00%,7.60%,7.90%,4.60%,3.50%,7.00%,9.00%,10.60%,11.20%,6.40%,5.00%,5.10%,6.00%,4.30%,3.90%,4.20%,1.70%,0.70%,1.20%,,79.40%,78.30%,75.70%,14.50%,11.80%,100.00%,6.50%,7.10%,5.90%,4.00%,4.90%,8.90%,10.80%,9.30%,6.10%,5.40%,5.60%,5.40%,6.40%,5.60%,3.20%,2.90%,0.70%,1.20%,,80.00%,77.70%,76.10%,18.00%,13.60%,,(X),(X),(X),,100.00%,92.20%,27.60%,5.60%,1.40%,42.70%,0.00%,14.80%,7.80%,,108.40%,33.70%,7.30%,2.70%,43.70%,0.20%,20.90%,,100.00%,24.50%,75.50%,,100.00%,24.50%,3.90%,0.60%,0.80%,0.00%,0.00%,13.40%,5.80%,75.50%,23.70%,5.10%,0.60%,42.70%,0.00%,1.40%,2.10%,,100.00%,100.00%,36.90%,15.30%,0.40%,1.70%,0.10%,27.90%,19.30%,1.90%,1.50%,8.80%,6.90%,0.00%,0.00%,0.00%,0.00%,0.00%,0.00%,0.00%,,100.00%,42.50%,20.40%,4.80%,1.70%,22.10%,9.70%,2.60%,2.90%,30.60%,12.50%,4.10%,4.30%,33.20%,24.60%,,100.00%,92.60%,7.40%,4.80%,0.60%,0.20%,0.00%,0.70%,1.10%,,(X),(X),,100.00%,31.50%,68.50%,False,23.7,5.1,42.7,0.6,1.4,24.5,False
Census Tract 11; Hudson County; New Jersey!!Percent,100.00%,6.10%,5.00%,4.70%,4.10%,6.80%,12.10%,12.30%,9.10%,6.60%,5.70%,5.80%,5.70%,5.40%,4.50%,2.60%,1.40%,1.10%,0.90%,,83.70%,81.80%,78.80%,13.40%,10.50%,100.00%,5.40%,4.80%,4.80%,4.20%,8.10%,12.90%,11.90%,10.20%,7.00%,5.10%,5.80%,6.10%,5.00%,3.20%,2.50%,1.30%,0.90%,0.70%,,84.30%,82.60%,79.40%,11.30%,8.60%,100.00%,6.90%,5.30%,4.60%,4.10%,5.30%,11.20%,12.60%,8.10%,6.20%,6.30%,5.90%,5.30%,5.70%,5.90%,2.60%,1.60%,1.40%,1.10%,,83.10%,80.90%,78.30%,15.60%,12.50%,,(X),(X),(X),,100.00%,88.20%,30.20%,5.50%,0.90%,30.60%,0.00%,21.00%,11.80%,,113.20%,39.50%,8.60%,2.20%,32.00%,0.30%,30.70%,,100.00%,35.30%,64.70%,,100.00%,35.30%,4.70%,0.90%,0.80%,0.10%,0.00%,19.70%,9.10%,64.70%,25.40%,4.60%,0.10%,30.60%,0.00%,1.30%,2.70%,,100.00%,99.90%,38.20%,15.10%,0.30%,2.30%,0.30%,26.00%,16.10%,1.80%,1.40%,8.00%,7.80%,0.10%,0.00%,0.00%,0.00%,0.10%,0.10%,0.00%,,100.00%,40.20%,19.20%,7.10%,2.00%,24.90%,13.30%,1.50%,2.00%,27.80%,12.30%,3.20%,4.30%,30.30%,18.70%,,100.00%,90.90%,9.10%,4.00%,0.40%,1.00%,0.20%,0.30%,3.40%,,(X),(X),,100.00%,29.20%,70.80%,False,25.4,4.6,30.6,0.1,1.3,35.3,False
Census Tract 12.01; Hudson County; New Jersey!!Percent,100.00%,7.00%,5.30%,4.50%,3.90%,7.90%,12.70%,12.30%,10.30%,6.00%,5.20%,5.30%,4.60%,5.00%,3.00%,3.00%,2.20%,1.10%,0.70%,,82.20%,81.10%,78.40%,12.60%,10.00%,100.00%,7.70%,5.30%,5.20%,3.80%,9.20%,13.90%,12.30%,10.20%,6.10%,5.00%,5.30%,4.40%,3.80%,3.20%,2.00%,1.30%,0.80%,0.40%,,80.60%,79.60%,77.50%,9.80%,7.70%,100.00%,6.10%,5.30%,3.50%,4.20%,6.20%,11.10%,12.30%,10.30%,5.90%,5.50%,5.30%,4.90%,6.40%,2.80%,4.20%,3.20%,1.60%,1.10%,,84.10%,83.10%,79.50%,16.10%,12.90%,,(X),(X),(X),,100.00%,91.80%,18.80%,4.70%,1.00%,55.50%,0.00%,11.80%,8.20%,,109.10%,23.80%,7.20%,2.20%,58.30%,0.30%,17.20%,,100.00%,21.60%,78.40%,,100.00%,21.60%,4.30%,0.60%,0.30%,0.20%,0.00%,10.80%,5.30%,78.40%,14.50%,4.10%,0.70%,55.30%,0.00%,1.00%,2.80%,,100.00%,100.00%,37.30%,15.60%,0.20%,1.70%,0.00%,25.90%,16.80%,1.10%,1.10%,7.20%,10.90%,0.00%,0.00%,0.00%,0.00%,0.00%,0.00%,0.00%,,100.00%,42.20%,21.30%,4.80%,1.40%,26.90%,13.20%,1.60%,2.00%,26.10%,12.00%,4.80%,3.80%,32.00%,20.20%,,100.00%,93.00%,7.00%,2.90%,0.90%,0.10%,0.60%,0.20%,2.20%,,(X),(X),,100.00%,21.70%,78.30%,False,14.5,4.1,55.3,0.7,1.0,21.6,False
Census Tract 12.02; Hudson County; New Jersey!!Percent,100.00%,4.60%,5.80%,4.50%,5.80%,7.10%,11.40%,11.80%,7.00%,6.00%,6.70%,6.30%,5.40%,5.40%,5.40%,2.70%,1.70%,1.40%,0.90%,,84.40%,81.50%,78.80%,15.50%,12.10%,100.00%,5.20%,6.70%,3.90%,6.60%,7.50%,13.20%,13.20%,7.10%,6.60%,6.30%,4.90%,4.10%,4.40%,5.80%,2.50%,1.30%,0.30%,0.60%,,83.20%,80.10%,76.80%,12.50%,10.50%,100.00%,4.00%,4.80%,5.10%,5.10%,6.70%,9.70%,10.50%,7.00%,5.40%,7.10%,7.80%,6.80%,6.30%,5.10%,2.90%,2.20%,2.50%,1.10%,,85.60%,83.00%,80.80%,18.40%,13.80%,,(X),(X),(X),,100.00%,90.30%,21.50%,23.40%,0.70%,27.90%,0.00%,16.70%,9.70%,,110.60%,28.90%,26.50%,2.30%,29.50%,0.20%,23.30%,,100.00%,31.20%,68.80%,,100.00%,31.20%,6.70%,1.30%,0.60%,0.00%,0.00%,15.50%,7.10%,68.80%,14.80%,22.20%,0.20%,27.90%,0.00%,1.20%,2.60%,,100.00%,100.00%,41.90%,10.40%,0.60%,2.30%,0.50%,25.20%,15.00%,3.00%,2.20%,7.20%,9.00%,0.00%,0.00%,0.00%,0.00%,0.00%,0.00%,0.00%,,100.00%,26.60%,10.50%,7.10%,2.20%,25.80%,11.60%,2.40%,2.40%,40.40%,18.70%,8.60%,6.70%,26.00%,26.20%,,100.00%,88.60%,11.40%,5.30%,0.50%,0.50%,0.00%,0.20%,5.00%,,(X),(X),,100.00%,12.70%,87.30%,False,14.8,22.2,27.9,0.2,1.2,31.2,True
Census Tract 13; Hudson County; New Jersey!!Percent,100.00%,4.20%,3.40%,4.20%,4.10%,7.10%,12.30%,14.30%,9.80%,6.70%,7.10%,5.20%,4.40%,4.50%,3.80%,3.60%,1.70%,1.70%,1.90%,,87.40%,86.00%,83.20%,15.30%,12.80%,100.00%,3.50%,3.30%,4.40%,4.60%,7.30%,13.10%,14.40%,10.40%,6.80%,7.40%,5.00%,3.90%,4.20%,4.00%,3.60%,1.30%,1.70%,1.10%,,88.00%,86.30%,83.10%,14.00%,11.80%,100.00%,4.90%,3.50%,4.10%,3.50%,6.80%,11.40%,14.10%,9.10%,6.70%,6.80%,5.40%,5.00%,4.90%,3.60%,3.50%,2.10%,1.70%,2.80%,,86.80%,85.60%,83.20%,16.60%,13.80%,,(X),(X),(X),,100.00%,86.10%,41.70%,6.30%,0.70%,17.10%,0.10%,20.10%,13.90%,,115.30%,53.00%,9.70%,1.80%,18.70%,0.60%,31.50%,,100.00%,36.70%,63.30%,,100.00%,36.70%,6.60%,0.70%,0.60%,0.00%,0.00%,18.40%,10.30%,63.30%,35.00%,5.60%,0.20%,17.10%,0.10%,1.70%,3.70%,,100.00%,94.90%,42.60%,12.50%,0.40%,4.20%,0.20%,21.20%,12.80%,1.40%,0.80%,4.40%,7.90%,5.10%,5.10%,2.10%,2.90%,0.00%,0.00%,0.00%,,100.00%,29.80%,12.40%,11.10%,2.50%,28.80%,18.60%,2.50%,1.20%,30.30%,15.10%,3.90%,5.20%,23.50%,17.30%,,100.00%,89.00%,11.00%,4.20%,0.00%,1.50%,0.40%,0.20%,4.80%,,(X),(X),,100.00%,31.40%,68.60%,False,35.0,5.6,17.1,0.2,1.7,36.7,False
Census Tract 14; Hudson County; New Jersey!!Percent,100.00%,5.50%,5.50%,5.10%,4.80%,6.90%,12.60%,11.90%,10.20%,6.60%,6.40%,5.60%,5.70%,4.10%,3.40%,2.50%,1.80%,0.70%,0.80%,,83.20%,80.90%,77.90%,11.50%,9.10%,100.00%,5.00%,5.60%,5.50%,4.60%,7.10%,13.30%,13.00%,11.10%,6.60%,6.50%,5.30%,5.20%,3.80%,3.00%,1.90%,1.40%,0.30%,0.40%,,83.20%,80.80%,78.00%,9.30%,7.00%,100.00%,5.90%,5.30%,4.80%,4.90%,6.60%,11.70%,10.80%,9.20%,6.70%,6.30%,5.90%,6.20%,4.30%,3.80%,3.10%,2.20%,1.20%,1.20%,,83.20%,81.10%,77.90%,13.80%,11.40%,,(X),(X),(X),,100.00%,87.50%,28.70%,7.20%,1.00%,27.80%,0.00%,22.80%,12.50%,,113.40%,38.40%,11.20%,2.20%,29.00%,0.30%,32.30%,,100.00%,38.90%,61.10%,,100.00%,38.90%,5.40%,1.70%,0.50%,0.10%,0.00%,21.80%,9.40%,61.10%,23.30%,5.50%,0.50%,27.70%,0.00%,1.10%,3.10%,,100.00%,99.70%,40.20%,13.20%,0.40%,3.20%,0.40%,26.40%,16.80%,1.90%,1.50%,7.00%,7.00%,0.30%,0.30%,0.10%,0.20%,0.00%,0.00%,0.00%,,100.00%,33.80%,15.70%,9.30%,2.70%,27.60%,16.60%,1.80%,1.80%,29.20%,13.80%,4.20%,6.30%,29.40%,17.80%,,100.00%,90.00%,10.00%,3.10%,2.40%,1.10%,0.10%,0.50%,2.80%,,(X),(X),,100.00%,18.60%,81.40%,False,23.3,5.5,27.7,0.5,1.1,38.9,False
Census Tract 17.01; Hudson County; New Jersey!!Percent,100.00%,6.90%,6.90%,5.80%,5.30%,8.00%,12.90%,13.00%,8.40%,7.20%,5.00%,5.50%,4.40%,4.00%,2.50%,1.30%,1.30%,0.60%,0.90%,,79.20%,76.80%,74.10%,9.10%,6.50%,100.00%,6.80%,7.40%,5.30%,5.00%,8.30%,13.30%,13.40%,8.70%,7.30%,5.30%,5.80%,3.70%,4.20%,2.30%,1.40%,1.10%,0.30%,0.60%,,79.40%,76.90%,74.40%,8.20%,5.60%,100.00%,7.10%,6.30%,6.30%,5.50%,7.60%,12.50%,12.70%,8.20%,7.10%,4.80%,5.20%,5.10%,3.90%,2.70%,1.20%,1.50%,1.00%,1.20%,,78.90%,76.70%,73.60%,10.10%,7.60%,,(X),(X),(X),,100.00%,90.30%,24.60%,12.90%,0.70%,39.30%,0.00%,12.80%,9.70%,,110.20%,32.90%,15.30%,1.30%,41.60%,0.20%,18.80%,,100.00%,21.50%,78.50%,,100.00%,21.50%,2.50%,1.00%,0.40%,0.10%,0.00%,11.70%,5.90%,78.50%,22.10%,11.90%,0.40%,39.20%,0.00%,1.10%,3.80%,,100.00%,99.50%,36.10%,13.50%,0.50%,2.10%,0.20%,29.20%,20.60%,2.10%,1.70%,7.90%,8.00%,0.50%,0.00%,0.00%,0.00%,0.50%,0.20%,0.20%,,100.00%,38.90%,17.80%,5.90%,1.10%,27.60%,13.80%,1.80%,2.70%,27.60%,11.80%,2.40%,6.90%,30.80%,16.20%,,100.00%,92.30%,7.70%,4.70%,0.50%,0.10%,0.10%,0.10%,2.20%,,(X),(X),,100.00%,22.80%,77.20%,False,22.1,11.9,39.2,0.4,1.1,21.5,False
Census Tract 18; Hudson County; New Jersey!!Percent,100.00%,8.00%,7.30%,6.60%,4.50%,6.40%,11.70%,12.40%,8.50%,6.20%,6.40%,4.90%,4.70%,4.10%,3.40%,2.10%,1.40%,0.90%,0.50%,,77.00%,75.50%,72.30%,10.60%,8.30%,100.00%,7.90%,8.00%,6.60%,5.00%,6.70%,12.00%,10.90%,8.00%,7.30%,6.10%,4.50%,5.40%,3.70%,3.30%,1.80%,1.60%,0.80%,0.20%,,76.60%,74.80%,70.90%,9.70%,7.90%,100.00%,8.10%,6.60%,6.60%,3.90%,6.10%,11.30%,13.90%,8.90%,5.00%,6.70%,5.40%,3.90%,4.60%,3.50%,2.50%,1.10%,1.00%,0.70%,,77.40%,76.10%,73.80%,11.50%,8.80%,,(X),(X),(X),,100.00%,91.50%,25.10%,13.80%,0.90%,39.20%,0.10%,12.20%,8.50%,,110.00%,31.90%,16.40%,1.90%,41.60%,0.40%,17.70%,,100.00%,21.40%,78.60%,,100.00%,21.40%,2.70%,1.30%,0.60%,0.00%,0.10%,11.30%,5.30%,78.60%,22.40%,12.50%,0.40%,39.20%,0.00%,0.90%,3.20%,,100.00%,100.00%,38.70%,14.30%,0.20%,1.70%,0.20%,31.10%,22.40%,1.60%,1.20%,6.00%,6.30%,0.00%,0.00%,0.00%,0.00%,0.00%,0.00%,0.00%,,100.00%,37.90%,21.20%,4.40%,0.80%,25.80%,13.50%,2.80%,2.00%,31.90%,13.40%,3.10%,9.70%,36.10%,17.40%,,100.00%,91.40%,8.60%,5.80%,0.40%,0.20%,0.50%,0.10%,1.70%,,(X),(X),,100.00%,10.80%,89.20%,False,22.4,12.5,39.2,0.4,0.9,21.4,False
Census Tract 19; Hudson County; New Jersey!!Percent,100.00%,3.70%,2.80%,1.70%,2.10%,8.60%,23.50%,19.40%,10.10%,5.70%,4.20%,3.20%,4.10%,4.10%,2.20%,2.30%,0.80%,0.90%,0.60%,,91.20%,90.50%,89.10%,8.70%,6.70%,100.00%,3.10%,2.80%,1.70%,1.20%,7.30%,22.30%,19.80%,11.80%,6.50%,4.90%,3.60%,4.90%,4.40%,2.00%,2.10%,0.50%,0.50%,0.50%,,92.30%,91.70%,91.10%,7.40%,5.60%,100.00%,4.40%,2.80%,1.70%,3.10%,10.30%,25.00%,18.90%,8.10%,4.80%,3.30%,2.80%,3.00%,3.70%,2.40%,2.50%,1.20%,1.20%,0.70%,,89.90%,89.00%,86.70%,10.30%,8.00%,,(X),(X),(X),,100.00%,92.40%,23.40%,7.00%,0.80%,55.40%,0.00%,5.80%,7.60%,,108.30%,29.00%,8.40%,2.30%,57.40%,0.30%,10.80%,,100.00%,12.30%,87.70%,,100.00%,12.30%,1.50%,0.40%,0.70%,0.20%,0.00%,5.10%,4.30%,87.70%,21.90%,6.60%,0.10%,55.20%,0.00%,0.60%,3.40%,,100.00%,99.10%,50.20%,15.10%,0.60%,5.10%,0.10%,12.70%,8.20%,0.50%,0.50%,5.70%,9.20%,0.90%,0.00%,0.00%,0.00%,0.90%,0.70%,0.10%,,100.00%,32.00%,8.90%,10.80%,0.40%,34.60%,25.70%,1.60%,1.00%,22.60%,14.90%,2.30%,1.30%,12.80%,9.80%,,100.00%,88.20%,11.80%,10.00%,0.30%,0.20%,0.00%,0.30%,0.90%,,(X),(X),,100.00%,4.10%,95.90%,False,21.9,6.6,55.2,0.1,0.6,12.3,True
Census Tract 20.01; Hudson County; New Jersey!!Percent,100.00%,5.90%,3.60%,3.30%,3.40%,6.00%,14.90%,14.80%,9.50%,6.30%,4.90%,4.90%,6.00%,5.50%,4.40%,2.50%,1.80%,1.70%,0.70%,,86.60%,85.30%,83.20%,14.60%,11.10%,100.00%,5.60%,4.30%,3.40%,3.70%,6.10%,14.80%,15.00%,10.40%,7.00%,4.00%,4.40%,5.50%,5.50%,4.00%,2.60%,1.70%,1.70%,0.30%,,86.20%,85.40%,82.30%,14.00%,10.30%,100.00%,6.30%,2.90%,3.10%,3.10%,6.00%,14.90%,14.50%,8.30%,5.60%,5.80%,5.40%,6.50%,5.40%,4.90%,2.30%,1.90%,1.80%,1.20%,,87.10%,85.20%,84.40%,15.20%,12.10%,,(X),(X),(X),,100.00%,89.70%,27.00%,5.90%,0.90%,46.80%,0.00%,9.20%,10.30%,,110.90%,35.60%,8.30%,1.40%,48.60%,0.10%,16.90%,,100.00%,18.40%,81.60%,,100.00%,18.40%,2.30%,0.60%,0.50%,0.20%,0.00%,8.30%,6.60%,81.60%,24.70%,5.30%,0.40%,46.50%,0.00%,0.90%,3.70%,,100.00%,100.00%,42.90%,16.30%,0.10%,1.50%,0.10%,19.90%,13.70%,0.60%,0.30%,5.60%,13.20%,0.00%,0.00%,0.00%,0.00%,0.00%,0.00%,0.00%,,100.00%,38.60%,16.90%,3.90%,0.30%,32.60%,17.70%,2.20%,2.00%,24.90%,16.00%,4.20%,2.30%,23.20%,20.30%,,100.00%,92.20%,7.80%,5.70%,0.00%,0.00%,0.50%,0.00%,1.60%,,(X),(X),,100.00%,12.20%,87.80%,False,24.7,5.3,46.5,0.4,0.9,18.4,True
Census Tract 20.02; Hudson County; New Jersey!!Percent,100.00%,6.50%,4.60%,3.80%,3.70%,5.80%,13.20%,14.00%,9.80%,5.70%,5.20%,5.40%,6.70%,4.80%,4.40%,2.50%,2.00%,1.30%,0.60%,,84.20%,82.90%,80.60%,13.80%,10.70%,100.00%,6.20%,4.80%,4.10%,3.70%,5.90%,12.70%,14.00%,11.10%,5.30%,5.30%,4.70%,6.50%,5.10%,5.00%,2.50%,1.60%,1.30%,0.20%,,84.40%,82.80%,80.30%,14.30%,10.60%,100.00%,6.90%,4.40%,3.50%,3.70%,5.60%,13.80%,14.10%,8.30%,6.20%,5.00%,6.10%,7.00%,4.60%,3.70%,2.60%,2.40%,1.30%,1.00%,,84.00%,83.10%,80.90%,13.30%,10.90%,,(X),(X),(X),,100.00%,88.70%,33.50%,9.20%,0.70%,36.10%,0.30%,8.90%,11.30%,,112.90%,42.90%,12.00%,2.40%,37.60%,0.90%,17.20%,,100.00%,20.40%,79.60%,,100.00%,20.40%,2.30%,0.70%,0.50%,0.60%,0.20%,7.80%,8.20%,79.60%,31.20%,8.50%,0.20%,35.50%,0.10%,1.10%,3.00%,,100.00%,99.60%,47.20%,14.30%,0.60%,2.60%,0.20%,21.40%,15.30%,0.80%,0.80%,6.70%,5.80%,0.40%,0.00%,0.00%,0.00%,0.40%,0.40%,0.00%,,100.00%,31.20%,13.80%,6.20%,1.20%,33.30%,23.10%,4.10%,0.70%,29.40%,19.40%,5.10%,2.40%,20.70%,16.40%,,100.00%,89.10%,10.90%,7.90%,0.50%,0.30%,0.10%,0.10%,2.00%,,(X),(X),,100.00%,6.70%,93.30%,False,31.2,8.5,35.5,0.2,1.1,20.4,True
Census Tract 22; Hudson County; New Jersey!!Percent,100.00%,6.20%,2.80%,2.30%,1.20%,3.30%,15.80%,20.00%,15.80%,9.20%,5.30%,3.70%,3.50%,2.90%,2.50%,2.00%,1.20%,1.30%,1.00%,,88.60%,88.00%,87.20%,9.60%,8.00%,100.00%,5.90%,2.80%,3.00%,1.40%,2.40%,14.50%,18.90%,16.30%,10.40%,5.70%,4.20%,4.40%,3.10%,3.20%,1.10%,1.00%,1.20%,0.30%,,88.30%,87.40%,86.60%,8.90%,7.00%,100.00%,6.50%,2.90%,1.50%,0.90%,4.30%,17.20%,21.30%,15.30%,7.90%,4.90%,3.10%,2.60%,2.60%,1.60%,2.80%,1.40%,1.40%,1.70%,,88.90%,88.60%,87.80%,10.40%,9.00%,,(X),(X),(X),,100.00%,88.70%,58.90%,4.90%,0.40%,18.20%,0.10%,6.20%,11.30%,,112.30%,68.70%,7.40%,1.90%,21.10%,0.20%,13.00%,,100.00%,16.60%,83.40%,,100.00%,16.60%,3.90%,0.50%,0.20%,0.30%,0.10%,5.40%,6.10%,83.40%,55.00%,4.40%,0.20%,17.90%,0.00%,0.80%,5.20%,,100.00%,99.70%,51.00%,15.70%,0.70%,6.30%,0.80%,14.50%,11.10%,0.50%,0.50%,3.40%,6.70%,0.30%,0.00%,0.00%,0.00%,0.30%,0.10%,0.10%,,100.00%,33.40%,12.70%,14.00%,0.60%,26.80%,18.90%,1.80%,1.30%,25.80%,16.80%,3.80%,1.40%,16.40%,13.50%,,100.00%,91.50%,8.50%,4.20%,1.10%,1.00%,0.00%,0.30%,1.90%,,(X),(X),,100.00%,37.70%,62.30%,False,55.0,4.4,17.9,0.2,0.8,16.6,False
Census Tract 23; Hudson County; New Jersey!!Percent,100.00%,5.80%,4.30%,2.50%,1.70%,4.40%,18.00%,19.70%,14.20%,7.70%,6.30%,4.40%,2.80%,3.30%,2.10%,1.10%,0.80%,0.40%,0.60%,,86.80%,86.10%,85.30%,7.00%,5.00%,100.00%,6.60%,4.10%,2.30%,1.30%,5.20%,18.10%,17.90%,14.50%,8.20%,7.00%,4.70%,2.80%,3.20%,1.80%,0.90%,0.60%,0.60%,0.20%,,86.60%,86.20%,85.50%,6.00%,4.00%,100.00%,5.10%,4.40%,2.70%,2.20%,3.50%,17.80%,21.60%,13.90%,7.10%,5.60%,4.10%,2.70%,3.40%,2.40%,1.20%,1.00%,0.30%,1.10%,,87.10%,86.00%,85.10%,8.10%,6.00%,,(X),(X),(X),,100.00%,87.20%,54.50%,4.90%,0.00%,21.90%,0.00%,5.80%,12.80%,,114.10%,66.20%,7.70%,1.10%,24.90%,0.50%,13.60%,,100.00%,15.50%,84.50%,,100.00%,15.50%,2.80%,0.70%,0.00%,0.10%,0.00%,5.20%,6.70%,84.50%,51.70%,4.20%,0.00%,21.80%,0.00%,0.60%,6.20%,,100.00%,100.00%,48.50%,16.40%,1.00%,6.00%,0.60%,16.10%,12.90%,0.60%,0.60%,2.70%,8.00%,0.00%,0.00%,0.00%,0.00%,0.00%,0.00%,0.00%,,100.00%,35.30%,13.50%,13.70%,0.70%,25.90%,17.90%,1.20%,1.70%,25.10%,14.50%,2.00%,1.90%,18.80%,10.80%,,100.00%,91.20%,8.80%,5.10%,0.50%,0.00%,0.40%,0.70%,2.10%,,(X),(X),,100.00%,34.40%,65.60%,False,51.7,4.2,21.8,0.0,0.6,15.5,False
Census Tract 24; Hudson County; New Jersey!!Percent,100.00%,8.10%,4.20%,3.10%,2.10%,2.50%,11.10%,18.50%,15.10%,9.30%,7.00%,5.50%,4.50%,3.10%,2.10%,1.70%,1.10%,0.40%,0.60%,,84.10%,83.10%,82.30%,7.40%,5.90%,100.00%,8.90%,4.20%,2.60%,2.20%,1.90%,10.00%,17.50%,15.90%,10.10%,7.40%,5.40%,5.00%,3.50%,2.10%,1.60%,0.90%,0.50%,0.50%,,83.60%,82.80%,82.10%,7.40%,5.60%,100.00%,7.20%,4.30%,3.60%,2.00%,3.30%,12.40%,19.60%,14.30%,8.50%,6.60%,5.60%,4.00%,2.60%,2.10%,1.90%,1.30%,0.30%,0.70%,,84.70%,83.30%,82.60%,7.50%,6.20%,,(X),(X),(X),,100.00%,88.60%,65.00%,3.50%,0.20%,16.10%,0.10%,3.70%,11.40%,,112.50%,75.80%,5.90%,1.00%,19.70%,0.10%,9.90%,,100.00%,12.80%,87.20%,,100.00%,12.80%,3.80%,0.30%,0.10%,0.20%,0.00%,3.10%,5.20%,87.20%,61.20%,3.20%,0.00%,16.00%,0.00%,0.60%,6.10%,,100.00%,99.80%,48.10%,18.90%,0.90%,5.50%,0.90%,19.10%,16.40%,0.30%,0.20%,1.40%,4.80%,0.20%,0.00%,0.00%,0.00%,0.20%,0.10%,0.10%,,100.00%,40.80%,17.80%,13.00%,0.80%,22.80%,17.50%,1.00%,1.20%,23.40%,15.80%,2.10%,1.90%,22.80%,8.80%,,100.00%,91.30%,8.70%,3.60%,0.60%,0.70%,0.20%,0.70%,2.80%,,(X),(X),,100.00%,39.60%,60.40%,False,61.2,3.2,16.0,0.0,0.6,12.8,False
Census Tract 27; Hudson County; New Jersey!!Percent,100.00%,6.50%,7.30%,7.00%,6.00%,7.60%,9.70%,8.50%,9.20%,6.80%,7.30%,5.50%,5.30%,4.90%,3.80%,2.10%,1.30%,0.60%,0.50%,,77.90%,75.40%,71.90%,11.20%,8.30%,100.00%,6.30%,8.10%,6.90%,6.50%,8.50%,10.50%,8.00%,8.90%,6.20%,7.50%,4.90%,4.80%,5.40%,3.50%,1.90%,1.10%,0.60%,0.30%,,77.10%,74.50%,70.70%,10.70%,7.40%,100.00%,6.70%,6.50%,7.10%,5.60%,6.80%,9.00%,9.10%,9.50%,7.40%,7.00%,6.10%,5.80%,4.40%,4.10%,2.30%,1.50%,0.60%,0.60%,,78.80%,76.30%,73.00%,11.60%,9.10%,,(X),(X),(X),,100.00%,90.60%,25.40%,20.80%,0.90%,24.20%,0.20%,19.20%,9.40%,,110.10%,32.30%,24.00%,2.00%,25.80%,0.40%,25.60%,,100.00%,28.90%,71.10%,,100.00%,28.90%,4.80%,1.60%,0.60%,0.00%,0.00%,16.60%,5.40%,71.10%,20.60%,19.30%,0.30%,24.10%,0.20%,2.70%,4.00%,,100.00%,95.40%,32.00%,12.80%,0.20%,1.60%,0.20%,31.40%,21.50%,2.40%,2.00%,8.00%,6.80%,4.60%,2.60%,1.30%,1.30%,2.00%,0.90%,1.10%,,100.00%,40.30%,20.90%,5.20%,1.90%,23.80%,10.80%,2.20%,2.20%,30.70%,11.80%,3.30%,9.10%,37.20%,19.00%,,100.00%,91.30%,8.70%,4.30%,0.40%,0.60%,0.20%,0.60%,2.70%,,(X),(X),,100.00%,28.50%,71.50%,False,20.6,19.3,24.1,0.3,2.7,28.9,False
Census Tract 28; Hudson County; New Jersey!!Percent,100.00%,5.80%,4.60%,4.00%,4.30%,9.00%,9.90%,10.70%,8.60%,6.00%,5.60%,5.40%,6.00%,5.70%,4.30%,4.00%,2.40%,2.00%,1.80%,,85.00%,83.60%,78.90%,17.60%,14.50%,100.00%,5.80%,4.60%,4.40%,4.90%,9.50%,9.60%,11.20%,9.30%,6.40%,5.00%,5.50%,6.10%,6.20%,3.90%,3.20%,1.80%,1.60%,1.00%,,84.70%,83.30%,78.00%,14.70%,11.50%,100.00%,5.90%,4.50%,3.60%,3.80%,8.40%,10.10%,10.30%,7.80%,5.60%,6.10%,5.40%,5.90%,5.20%,4.60%,4.80%,2.90%,2.50%,2.50%,,85.40%,83.90%,79.70%,20.30%,17.40%,,(X),(X),(X),,100.00%,87.60%,34.90%,15.30%,0.90%,21.10%,0.00%,15.50%,12.40%,,113.00%,45.10%,18.40%,1.70%,22.90%,0.20%,24.80%,,100.00%,28.20%,71.80%,,100.00%,28.20%,4.20%,0.90%,0.50%,0.10%,0.00%,14.00%,8.60%,71.80%,30.70%,14.40%,0.40%,20.90%,0.00%,1.50%,3.80%,,100.00%,93.10%,40.80%,13.80%,0.40%,2.10%,0.30%,23.40%,15.20%,0.90%,0.50%,6.50%,4.90%,6.90%,0.00%,0.00%,0.00%,6.90%,2.60%,4.30%,,100.00%,35.20%,15.90%,5.80%,0.90%,25.10%,17.50%,4.00%,0.80%,34.00%,21.00%,10.60%,3.10%,22.90%,27.50%,,100.00%,94.30%,5.70%,3.10%,0.50%,0.60%,0.30%,0.10%,1.10%,,(X),(X),,100.00%,19.80%,80.20%,False,30.7,14.4,20.9,0.4,1.5,28.2,False
Census Tract 29; Hudson County; New Jersey!!Percent,100.00%,6.10%,4.70%,3.50%,4.40%,8.60%,11.30%,12.30%,9.20%,7.10%,6.10%,5.50%,5.60%,4.80%,3.70%,2.90%,2.00%,1.20%,1.00%,,85.10%,83.60%,80.00%,13.40%,10.80%,100.00%,6.00%,4.70%,3.20%,4.40%,7.80%,11.50%,13.10%,10.40%,7.10%,5.90%,6.30%,5.80%,4.90%,3.50%,2.30%,1.50%,0.70%,0.70%,,85.60%,83.70%,80.70%,11.40%,8.80%,100.00%,6.20%,4.70%,3.70%,4.50%,9.50%,11.10%,11.30%,7.90%,7.10%,6.30%,4.70%,5.50%,4.70%,3.90%,3.50%,2.50%,1.60%,1.40%,,84.60%,83.40%,79.30%,15.50%,12.90%,,(X),(X),(X),,100.00%,90.60%,34.90%,10.30%,0.90%,36.20%,0.10%,8.20%,9.40%,,109.90%,42.50%,13.00%,1.40%,37.70%,0.30%,14.90%,,100.00%,17.70%,82.30%,,100.00%,17.70%,3.00%,0.70%,0.40%,0.20%,0.00%,7.20%,6.30%,82.30%,32.00%,9.60%,0.60%,35.90%,0.10%,1.00%,3.10%,,100.00%,94.40%,38.30%,14.80%,0.60%,2.30%,0.30%,22.60%,14.70%,1.20%,1.00%,6.40%,8.00%,5.60%,0.00%,0.00%,0.00%,5.60%,2.50%,3.20%,,100.00%,39.80%,18.10%,6.80%,1.10%,28.30%,19.20%,2.80%,1.10%,25.10%,14.40%,4.10%,1.80%,24.40%,19.90%,,100.00%,90.60%,9.40%,4.60%,0.10%,1.20%,0.70%,0.70%,2.20%,,(X),(X),,100.00%,30.00%,70.00%,False,32.0,9.6,35.9,0.6,1.0,17.7,False
Census Tract 30; Hudson County; New Jersey!!Percent,100.00%,7.30%,5.20%,4.10%,4.20%,6.70%,12.00%,11.90%,7.30%,6.10%,5.60%,5.40%,4.70%,5.10%,4.40%,3.80%,2.80%,2.00%,1.40%,,82.80%,81.00%,77.70%,16.70%,14.30%,100.00%,6.30%,4.30%,4.30%,4.20%,7.00%,12.20%,12.00%,7.80%,7.80%,5.60%,5.30%,5.40%,4.80%,3.70%,3.40%,2.30%,2.30%,1.30%,,84.50%,82.60%,78.80%,15.00%,13.00%,100.00%,8.30%,6.10%,3.90%,4.30%,6.30%,11.80%,11.70%,6.80%,4.40%,5.70%,5.50%,4.00%,5.40%,5.00%,4.20%,3.40%,1.60%,1.50%,,81.10%,79.40%,76.70%,18.40%,15.70%,,(X),(X),(X),,100.00%,88.90%,32.70%,16.00%,1.10%,18.10%,0.20%,20.80%,11.10%,,112.30%,41.30%,20.00%,2.40%,19.40%,0.60%,28.70%,,100.00%,33.30%,66.70%,,100.00%,33.30%,3.90%,1.60%,0.30%,0.10%,0.10%,19.60%,7.70%,66.70%,28.80%,14.40%,0.80%,18.00%,0.10%,1.20%,3.40%,,100.00%,99.20%,43.70%,12.30%,0.30%,2.10%,0.40%,25.90%,16.80%,1.70%,1.10%,5.90%,6.90%,0.80%,0.00%,0.00%,0.00%,0.80%,0.50%,0.30%,,100.00%,28.50%,13.10%,5.40%,1.20%,32.90%,22.80%,6.20%,1.80%,33.20%,19.20%,10.20%,5.30%,23.90%,27.00%,,100.00%,77.30%,22.70%,5.00%,1.10%,0.40%,0.50%,0.00%,15.70%,,(X),(X),,100.00%,14.90%,85.10%,False,28.8,14.4,18.0,0.8,1.2,33.3,False
Census Tract 31.01; Hudson County; New Jersey!!Percent,100.00%,7.10%,3.30%,1.80%,1.40%,5.00%,22.30%,23.50%,13.50%,5.80%,3.30%,2.70%,1.90%,2.10%,1.90%,1.90%,1.30%,1.10%,0.20%,,87.60%,86.90%,86.10%,7.40%,6.30%,100.00%,7.30%,3.20%,1.30%,1.30%,5.40%,21.10%,22.70%,16.00%,6.40%,3.30%,2.60%,1.50%,2.10%,1.80%,2.20%,1.00%,1.00%,0.00%,,88.00%,87.40%,86.80%,7.20%,6.00%,100.00%,6.90%,3.50%,2.30%,1.60%,4.50%,23.60%,24.40%,10.90%,5.20%,3.30%,2.70%,2.20%,2.10%,2.00%,1.60%,1.60%,1.10%,0.40%,,87.10%,86.40%,85.30%,7.70%,6.70%,,(X),(X),(X),,100.00%,91.80%,22.30%,9.60%,0.30%,52.90%,0.00%,6.70%,8.20%,,109.20%,29.10%,11.90%,1.00%,54.30%,0.00%,12.90%,,100.00%,13.40%,86.60%,,100.00%,13.40%,1.70%,0.60%,0.10%,0.00%,0.00%,5.60%,5.40%,86.60%,20.70%,9.00%,0.10%,52.80%,0.00%,1.20%,2.80%,,100.00%,100.00%,54.60%,18.10%,0.30%,4.40%,0.50%,14.40%,12.30%,0.30%,0.20%,2.70%,4.60%,0.00%,0.00%,0.00%,0.00%,0.00%,0.00%,0.00%,,100.00%,34.40%,12.70%,8.50%,0.80%,27.50%,21.70%,3.20%,0.40%,29.70%,21.10%,3.60%,3.20%,17.80%,11.00%,,100.00%,91.00%,9.00%,7.60%,0.30%,0.10%,0.00%,0.20%,0.90%,,(X),(X),,100.00%,8.50%,91.50%,False,20.7,9.0,52.8,0.1,1.2,13.4,False
Census Tract 31.02; Hudson County; New Jersey!!Percent,100.00%,7.60%,6.40%,6.70%,4.60%,6.60%,11.20%,10.90%,9.10%,7.80%,5.60%,6.30%,5.50%,4.30%,2.80%,1.70%,1.60%,0.80%,0.60%,,78.50%,76.50%,74.00%,10.10%,7.50%,100.00%,7.50%,6.10%,6.80%,4.40%,7.70%,11.60%,10.60%,9.30%,8.30%,6.10%,6.50%,6.10%,3.40%,2.40%,1.60%,1.10%,0.40%,0.40%,,78.70%,77.00%,74.40%,7.70%,5.80%,100.00%,7.70%,6.70%,6.50%,4.80%,5.30%,10.70%,11.40%,8.90%,7.20%,5.00%,6.10%,4.90%,5.40%,3.30%,1.90%,2.30%,1.30%,0.70%,,78.20%,75.90%,73.60%,13.00%,9.50%,,(X),(X),(X),,100.00%,91.10%,33.60%,12.80%,0.60%,28.60%,0.10%,15.20%,8.90%,,109.30%,40.50%,15.90%,1.30%,29.70%,0.10%,21.60%,,100.00%,25.00%,75.00%,,100.00%,25.00%,3.50%,1.10%,0.60%,0.40%,0.00%,13.70%,5.60%,75.00%,30.10%,11.70%,0.00%,28.20%,0.10%,1.50%,3.30%,,100.00%,99.80%,38.90%,12.60%,0.00%,2.60%,0.20%,30.10%,21.90%,1.20%,1.00%,8.00%,6.00%,0.20%,0.00%,0.00%,0.00%,0.20%,0.20%,0.00%,,100.00%,33.40%,18.20%,7.30%,1.30%,29.80%,18.40%,2.60%,2.80%,29.60%,14.00%,2.00%,5.10%,30.80%,14.50%,,100.00%,91.80%,8.20%,4.90%,0.20%,0.80%,0.30%,0.00%,2.00%,,(X),(X),,100.00%,14.10%,85.90%,False,30.1,11.7,28.2,0.0,1.5,25.0,False
Census Tract 35; Hudson County; New Jersey!!Percent,100.00%,6.90%,4.70%,2.70%,2.50%,5.10%,10.90%,17.70%,11.60%,9.00%,7.30%,4.40%,4.80%,4.20%,3.40%,1.90%,0.90%,0.90%,1.10%,,85.10%,84.10%,82.60%,10.60%,8.10%,100.00%,7.30%,5.30%,2.70%,2.60%,4.30%,10.10%,19.10%,11.50%,9.00%,7.50%,5.10%,5.40%,3.40%,2.40%,2.30%,0.40%,0.60%,1.00%,,83.90%,83.40%,81.90%,8.50%,6.60%,100.00%,6.50%,4.00%,2.80%,2.50%,5.90%,11.70%,16.30%,11.70%,9.10%,7.10%,3.70%,4.30%,5.00%,4.30%,1.40%,1.40%,1.20%,1.20%,,86.30%,84.80%,83.20%,12.70%,9.60%,,(X),(X),(X),,100.00%,84.80%,47.30%,7.00%,0.30%,14.00%,0.00%,16.20%,15.20%,,117.40%,60.30%,11.30%,1.70%,16.70%,0.30%,27.00%,,100.00%,31.40%,68.60%,,100.00%,31.40%,4.30%,1.40%,0.20%,0.20%,0.00%,15.20%,10.10%,68.60%,43.00%,5.60%,0.10%,13.80%,0.00%,1.00%,5.10%,,100.00%,100.00%,47.90%,14.70%,1.20%,5.50%,0.80%,20.30%,14.50%,1.40%,1.00%,2.40%,5.70%,0.00%,0.00%,0.00%,0.00%,0.00%,0.00%,0.00%,,100.00%,33.60%,12.60%,12.80%,1.50%,22.20%,16.50%,1.10%,0.70%,31.30%,18.50%,5.30%,5.50%,22.80%,14.20%,,100.00%,94.80%,5.20%,3.20%,0.00%,0.20%,0.20%,0.40%,1.10%,,(X),(X),,100.00%,33.40%,66.60%,False,43.0,5.6,13.8,0.1,1.0,31.4,True
Census Tract 40; Hudson County; New Jersey!!Percent,100.00%,6.80%,6.10%,7.00%,6.20%,6.50%,9.20%,7.70%,7.10%,6.50%,6.30%,6.40%,6.30%,6.30%,4.20%,3.30%,2.20%,1.10%,0.70%,,78.90%,76.90%,72.40%,15.00%,11.50%,100.00%,6.80%,6.60%,6.70%,6.00%,6.40%,8.90%,8.10%,7.60%,6.70%,6.60%,6.60%,6.00%,6.30%,4.20%,3.30%,1.90%,0.60%,0.60%,,78.90%,77.10%,72.30%,13.90%,10.70%,100.00%,6.90%,5.70%,7.30%,6.40%,6.60%,9.40%,7.30%,6.60%,6.30%,6.00%,6.20%,6.60%,6.30%,4.10%,3.40%,2.50%,1.60%,0.80%,,78.90%,76.60%,72.50%,15.90%,12.30%,,(X),(X),(X),,100.00%,91.60%,15.60%,21.30%,0.90%,37.00%,0.20%,16.60%,8.40%,,109.30%,21.00%,24.50%,1.70%,38.50%,0.50%,23.10%,,100.00%,26.40%,73.60%,,100.00%,26.40%,3.70%,2.00%,0.80%,0.20%,0.00%,14.10%,5.60%,73.60%,11.90%,19.20%,0.10%,36.80%,0.20%,2.60%,2.90%,,100.00%,99.80%,32.90%,13.10%,0.20%,2.10%,0.10%,33.10%,20.20%,2.70%,1.80%,10.20%,5.20%,0.20%,0.00%,0.00%,0.00%,0.20%,0.20%,0.10%,,100.00%,40.10%,18.10%,7.30%,3.20%,20.90%,10.40%,2.30%,2.70%,31.70%,10.60%,2.50%,8.60%,36.80%,23.50%,,100.00%,93.10%,6.90%,3.60%,0.20%,0.20%,0.60%,0.20%,2.20%,,(X),(X),,100.00%,34.20%,65.80%,False,11.9,19.2,36.8,0.1,2.6,26.4,False
Census Tract 41.02; Hudson County; New Jersey!!Percent,100.00%,6.00%,5.10%,6.00%,6.10%,7.20%,9.50%,9.40%,8.10%,6.30%,7.20%,6.60%,6.60%,5.40%,4.40%,2.60%,1.40%,1.20%,0.70%,,81.40%,79.30%,75.70%,13.30%,10.30%,100.00%,5.50%,5.10%,6.00%,5.60%,7.70%,9.80%,8.90%,8.60%,6.80%,6.70%,7.00%,7.60%,5.90%,3.80%,2.70%,1.10%,0.80%,0.40%,,82.50%,80.10%,76.60%,11.90%,8.80%,100.00%,6.40%,5.10%,6.10%,6.60%,6.80%,9.30%,10.00%,7.50%,5.90%,7.70%,6.30%,5.70%,4.90%,5.00%,2.50%,1.60%,1.50%,1.00%,,80.40%,78.50%,74.90%,14.70%,11.70%,,(X),(X),(X),,100.00%,89.20%,18.70%,37.10%,0.50%,10.40%,0.10%,22.40%,10.80%,,112.10%,25.00%,43.10%,2.00%,11.70%,0.40%,29.90%,,100.00%,34.90%,65.10%,,100.00%,34.90%,3.80%,2.30%,0.40%,0.10%,0.10%,21.40%,6.80%,65.10%,14.90%,34.80%,0.10%,10.30%,0.00%,0.90%,3.90%,,100.00%,99.60%,41.10%,9.50%,0.40%,3.30%,0.30%,29.10%,17.80%,2.50%,1.90%,7.20%,6.30%,0.40%,0.00%,0.00%,0.00%,0.40%,0.30%,0.10%,,100.00%,24.90%,11.70%,8.20%,2.20%,29.10%,19.20%,2.90%,2.20%,37.70%,17.10%,4.70%,9.40%,29.80%,18.60%,,100.00%,91.70%,8.30%,4.00%,0.10%,0.10%,0.40%,0.00%,3.60%,,(X),(X),,100.00%,18.70%,81.30%,False,14.9,34.8,10.3,0.1,0.9,34.9,False
Census Tract 41.03; Hudson County; New Jersey!!Percent,100.00%,6.50%,6.80%,5.10%,4.90%,6.30%,9.10%,10.00%,9.40%,7.10%,6.30%,6.90%,6.20%,5.60%,3.60%,2.10%,2.10%,1.00%,1.00%,,80.60%,78.10%,75.60%,12.20%,9.80%,100.00%,7.00%,6.60%,5.40%,6.20%,6.80%,8.10%,9.30%,9.80%,7.30%,6.20%,6.40%,6.20%,5.70%,3.50%,1.90%,2.00%,1.20%,0.50%,,79.60%,76.80%,73.40%,11.50%,9.10%,100.00%,6.00%,7.00%,4.90%,3.70%,5.90%,10.20%,10.60%,9.10%,6.90%,6.30%,7.40%,6.20%,5.40%,3.70%,2.30%,2.30%,0.80%,1.50%,,81.60%,79.30%,77.80%,12.90%,10.50%,,(X),(X),(X),,100.00%,89.10%,30.80%,32.50%,0.70%,10.40%,0.30%,14.40%,10.90%,,111.90%,38.00%,37.50%,1.90%,11.90%,0.60%,22.00%,,100.00%,27.10%,72.90%,,100.00%,27.10%,4.30%,1.60%,0.60%,0.40%,0.00%,13.00%,7.20%,72.90%,26.50%,30.90%,0.10%,9.90%,0.30%,1.40%,3.70%,,100.00%,99.50%,39.20%,13.10%,0.50%,3.00%,0.20%,29.80%,19.80%,2.20%,1.40%,7.10%,4.50%,0.50%,0.00%,0.00%,0.00%,0.50%,0.30%,0.20%,,100.00%,34.70%,15.90%,7.90%,2.10%,22.90%,15.20%,3.20%,0.80%,34.60%,15.20%,3.30%,7.40%,30.10%,18.40%,,100.00%,95.00%,5.00%,2.90%,0.40%,0.30%,0.20%,0.00%,1.20%,,(X),(X),,100.00%,31.00%,69.00%,False,26.5,30.9,9.9,0.1,1.4,27.1,False
Census Tract 41.04; Hudson County; New Jersey!!Percent,100.00%,6.50%,6.70%,5.70%,5.30%,6.60%,8.50%,9.80%,8.50%,6.70%,6.70%,6.90%,6.00%,5.00%,4.10%,3.00%,1.90%,1.50%,0.70%,,79.90%,77.90%,74.40%,14.00%,11.10%,100.00%,6.80%,7.30%,5.90%,5.10%,5.70%,8.50%,9.50%,9.90%,6.80%,7.10%,7.20%,6.40%,5.20%,3.30%,2.40%,1.10%,1.20%,0.50%,,78.50%,76.90%,73.30%,11.50%,8.60%,100.00%,6.20%,6.10%,5.40%,5.50%,7.40%,8.60%,10.00%,7.10%,6.70%,6.20%,6.60%,5.70%,4.80%,4.80%,3.60%,2.60%,1.70%,0.90%,,81.20%,79.00%,75.40%,16.50%,13.70%,,(X),(X),(X),,100.00%,87.60%,30.50%,23.10%,0.80%,14.60%,0.00%,18.50%,12.40%,,113.70%,39.20%,27.70%,2.40%,16.20%,0.20%,28.10%,,100.00%,31.70%,68.30%,,100.00%,31.70%,3.60%,1.40%,0.50%,0.20%,0.00%,16.80%,9.10%,68.30%,26.90%,21.70%,0.30%,14.40%,0.00%,1.70%,3.30%,,100.00%,99.00%,39.90%,12.90%,0.40%,2.20%,0.30%,29.30%,19.60%,1.60%,1.20%,8.20%,4.20%,1.00%,0.00%,0.00%,0.00%,1.00%,0.90%,0.20%,,100.00%,33.80%,16.80%,6.10%,1.50%,25.30%,17.20%,2.30%,1.00%,34.80%,17.40%,5.60%,7.10%,28.90%,19.10%,,100.00%,95.60%,4.40%,1.70%,0.30%,0.30%,0.10%,0.00%,2.00%,,(X),(X),,100.00%,20.20%,79.80%,False,26.9,21.7,14.4,0.3,1.7,31.7,False
Census Tract 42; Hudson County; New Jersey!!Percent,100.00%,6.90%,8.10%,6.80%,5.70%,7.20%,9.30%,9.70%,7.80%,6.20%,5.60%,6.50%,5.60%,4.70%,3.70%,3.00%,1.60%,0.90%,0.50%,,77.00%,75.10%,71.10%,12.50%,9.70%,100.00%,6.40%,8.00%,6.90%,6.60%,7.30%,9.80%,9.90%,7.40%,7.30%,5.40%,5.90%,6.20%,4.80%,3.10%,2.50%,1.60%,0.70%,0.20%,,77.40%,75.20%,70.90%,11.10%,8.10%,100.00%,7.40%,8.20%,6.80%,5.00%,7.10%,8.90%,9.60%,8.20%,5.30%,5.70%,7.00%,5.10%,4.70%,4.20%,3.40%,1.70%,1.00%,0.80%,,76.60%,74.90%,71.20%,13.70%,11.10%,,(X),(X),(X),,100.00%,88.60%,18.60%,37.10%,0.90%,13.30%,0.10%,18.50%,11.40%,,112.10%,26.30%,41.50%,2.40%,14.60%,0.40%,26.80%,,100.00%,30.60%,69.40%,,100.00%,30.60%,3.60%,2.60%,0.60%,0.20%,0.00%,16.10%,7.50%,69.40%,15.00%,34.50%,0.30%,13.10%,0.10%,2.50%,4.00%,,100.00%,99.30%,35.40%,11.10%,0.10%,2.60%,0.30%,32.90%,21.20%,3.20%,2.50%,9.20%,4.50%,0.70%,0.50%,0.30%,0.20%,0.20%,0.10%,0.00%,,100.00%,31.20%,15.30%,8.40%,2.90%,21.10%,11.90%,2.30%,2.00%,39.30%,14.70%,2.90%,11.40%,36.20%,19.90%,,100.00%,92.50%,7.50%,4.30%,1.20%,0.20%,0.40%,0.00%,1.40%,,(X),(X),,100.00%,21.30%,78.70%,True,15.0,34.5,13.1,0.3,2.5,30.6,False
Census Tract 43; Hudson County; New Jersey!!Percent,100.00%,6.60%,5.20%,4.50%,6.20%,7.20%,8.90%,10.90%,9.40%,7.00%,7.00%,6.40%,6.90%,5.40%,3.30%,2.70%,0.90%,0.70%,0.80%,,82.00%,79.40%,76.60%,11.20%,8.40%,100.00%,7.40%,5.00%,4.10%,6.50%,7.90%,9.40%,10.90%,9.60%,6.30%,6.70%,5.60%,6.80%,6.50%,3.80%,2.20%,0.70%,0.60%,0.00%,,81.80%,79.50%,76.20%,10.80%,7.30%,100.00%,5.80%,5.50%,4.80%,5.90%,6.40%,8.50%,10.80%,9.20%,7.70%,7.20%,7.20%,7.00%,4.50%,2.90%,3.10%,1.10%,0.80%,1.50%,,82.20%,79.40%,76.90%,11.50%,9.50%,,(X),(X),(X),,100.00%,90.90%,19.70%,51.90%,1.30%,4.60%,0.80%,12.60%,9.10%,,109.90%,25.90%,56.40%,2.40%,5.70%,1.00%,18.50%,,100.00%,22.10%,77.90%,,100.00%,22.10%,2.40%,1.40%,1.00%,0.40%,0.40%,11.00%,5.40%,77.90%,17.30%,50.50%,0.20%,4.20%,0.40%,1.60%,3.70%,,100.00%,99.60%,41.40%,10.80%,0.30%,2.90%,0.30%,27.30%,17.20%,2.70%,2.10%,8.10%,5.90%,0.40%,0.00%,0.00%,0.00%,0.40%,0.40%,0.00%,,100.00%,26.60%,12.50%,7.00%,2.00%,24.90%,14.50%,3.20%,2.00%,41.50%,17.70%,4.60%,10.20%,30.60%,19.90%,,100.00%,90.10%,9.90%,4.80%,0.70%,0.40%,0.80%,0.20%,3.00%,,(X),(X),,100.00%,29.00%,71.00%,False,17.3,50.5,4.2,0.2,1.6,22.1,False
Census Tract 44; Hudson County; New Jersey!!Percent,100.00%,7.20%,7.30%,7.90%,6.50%,7.30%,7.30%,8.60%,6.70%,6.20%,5.70%,5.60%,5.40%,5.20%,4.20%,3.70%,2.40%,1.40%,1.30%,,76.20%,73.10%,69.80%,16.10%,13.10%,100.00%,8.10%,8.40%,8.80%,7.10%,6.70%,8.30%,8.00%,6.50%,6.30%,5.50%,5.20%,4.60%,5.80%,3.80%,3.50%,1.90%,1.00%,0.30%,,73.40%,69.80%,66.20%,14.00%,10.60%,100.00%,6.50%,6.40%,7.10%,6.10%,7.80%,6.60%,9.10%,6.80%,6.10%,5.90%,5.90%,6.00%,4.70%,4.40%,3.90%,2.70%,1.80%,2.10%,,78.30%,75.70%,72.60%,17.70%,14.90%,,(X),(X),(X),,100.00%,92.70%,7.00%,70.00%,0.60%,2.80%,0.10%,12.10%,7.30%,,108.40%,12.50%,73.50%,1.90%,3.40%,0.30%,16.90%,,100.00%,24.50%,75.50%,,100.00%,24.50%,2.90%,4.70%,0.50%,0.00%,0.00%,11.50%,5.00%,75.50%,4.20%,65.40%,0.10%,2.70%,0.10%,0.60%,2.40%,,100.00%,100.00%,40.30%,7.70%,0.30%,2.20%,0.20%,32.80%,21.90%,3.60%,2.80%,8.70%,4.20%,0.00%,0.00%,0.00%,0.00%,0.00%,0.00%,0.00%,,100.00%,19.90%,8.80%,6.10%,3.40%,22.50%,16.30%,6.70%,1.90%,51.50%,22.90%,13.50%,15.40%,34.30%,30.60%,,100.00%,92.30%,7.70%,3.10%,1.00%,0.90%,0.00%,0.60%,2.10%,,(X),(X),,100.00%,16.10%,83.90%,True,4.2,65.4,2.7,0.1,0.6,24.5,False
Census Tract 45; Hudson County; New Jersey!!Percent,100.00%,5.80%,6.40%,7.10%,6.30%,6.90%,8.80%,9.80%,6.90%,6.60%,6.60%,6.70%,6.40%,5.10%,3.60%,3.00%,1.70%,1.30%,1.00%,,79.40%,76.60%,73.20%,13.10%,10.60%,100.00%,6.50%,6.30%,8.80%,7.50%,6.40%,8.60%,10.30%,7.20%,6.90%,7.00%,5.60%,6.10%,5.20%,2.60%,2.50%,1.10%,0.80%,0.70%,,76.40%,73.40%,69.30%,10.10%,7.70%,100.00%,5.20%,6.50%,5.60%,5.40%,7.40%,9.00%,9.30%,6.70%,6.40%,6.20%,7.70%,6.60%,5.00%,4.50%,3.50%,2.20%,1.60%,1.20%,,82.00%,79.30%,76.50%,15.60%,13.00%,,(X),(X),(X),,100.00%,91.80%,10.90%,58.90%,1.00%,2.20%,0.00%,18.70%,8.20%,,109.40%,16.20%,63.30%,2.30%,3.10%,0.30%,24.20%,,100.00%,29.90%,70.10%,,100.00%,29.90%,3.50%,3.40%,0.60%,0.10%,0.00%,17.10%,5.10%,70.10%,7.40%,55.40%,0.40%,2.00%,0.00%,1.60%,3.00%,,100.00%,99.50%,36.40%,9.70%,0.50%,2.20%,0.30%,32.20%,19.20%,3.30%,2.40%,8.80%,6.00%,0.50%,0.00%,0.00%,0.00%,0.50%,0.20%,0.30%,,100.00%,27.40%,12.60%,7.40%,3.00%,21.00%,12.70%,2.30%,2.30%,44.30%,15.30%,5.30%,12.10%,34.80%,22.70%,,100.00%,92.70%,7.30%,3.30%,0.60%,0.70%,0.30%,0.00%,2.40%,,(X),(X),,100.00%,25.80%,74.20%,True,7.4,55.4,2.0,0.4,1.6,29.9,False
Census Tract 46; Hudson County; New Jersey!!Percent,100.00%,7.10%,6.10%,5.60%,5.50%,6.90%,8.90%,9.70%,7.80%,7.30%,6.40%,6.60%,5.50%,5.40%,4.20%,3.70%,1.60%,1.00%,0.80%,,80.10%,78.20%,74.40%,14.40%,11.30%,100.00%,7.30%,6.00%,5.60%,4.70%,7.90%,8.50%,11.10%,7.60%,8.50%,5.60%,6.50%,5.60%,5.10%,4.20%,3.20%,1.50%,0.70%,0.40%,,80.20%,78.30%,74.60%,13.00%,10.10%,100.00%,6.80%,6.10%,5.60%,6.20%,5.90%,9.40%,8.30%,8.00%,6.20%,7.20%,6.70%,5.50%,5.70%,4.20%,4.10%,1.80%,1.30%,1.20%,,80.00%,78.10%,74.30%,15.80%,12.60%,,(X),(X),(X),,100.00%,87.40%,15.20%,33.40%,2.90%,2.40%,0.00%,33.30%,12.60%,,114.40%,24.80%,37.20%,4.80%,3.60%,0.30%,43.80%,,100.00%,52.80%,47.20%,,100.00%,52.80%,4.00%,2.60%,2.70%,0.50%,0.00%,32.70%,10.30%,47.20%,11.30%,30.80%,0.20%,1.90%,0.00%,0.60%,2.30%,,100.00%,100.00%,38.00%,10.40%,0.20%,3.40%,0.10%,31.50%,19.10%,3.40%,1.80%,7.50%,5.30%,0.00%,0.00%,0.00%,0.00%,0.00%,0.00%,0.00%,,100.00%,28.60%,11.40%,9.80%,4.30%,23.70%,12.20%,2.50%,2.60%,37.90%,14.30%,5.40%,9.10%,32.20%,23.80%,,100.00%,88.90%,11.10%,4.90%,0.50%,0.40%,1.20%,0.20%,3.90%,,(X),(X),,100.00%,29.80%,70.20%,True,11.3,30.8,1.9,0.2,0.6,52.8,False
Census Tract 47; Hudson County; New Jersey!!Percent,100.00%,6.10%,5.40%,5.10%,4.50%,6.10%,14.00%,14.40%,10.50%,6.90%,6.10%,5.30%,5.30%,4.40%,2.60%,1.80%,0.80%,0.40%,0.40%,,82.70%,80.70%,78.20%,8.50%,6.10%,100.00%,5.30%,5.10%,5.10%,4.60%,4.80%,15.10%,15.30%,11.40%,7.00%,6.30%,5.90%,4.90%,4.00%,2.20%,1.90%,0.90%,0.10%,0.10%,,83.70%,81.50%,79.20%,7.20%,5.20%,100.00%,6.80%,5.60%,5.10%,4.40%,7.40%,12.90%,13.50%,9.60%,6.80%,6.00%,4.70%,5.60%,4.70%,3.00%,1.80%,0.80%,0.70%,0.70%,,81.80%,80.00%,77.20%,9.80%,6.90%,,(X),(X),(X),,100.00%,87.30%,35.10%,23.20%,1.00%,7.80%,0.00%,20.20%,12.70%,,114.50%,45.60%,27.80%,2.40%,9.00%,0.10%,29.60%,,100.00%,35.80%,64.20%,,100.00%,35.80%,4.80%,1.70%,0.90%,0.10%,0.00%,19.30%,9.00%,64.20%,30.30%,21.50%,0.00%,7.70%,0.00%,0.90%,3.70%,,100.00%,99.20%,43.60%,11.60%,0.50%,4.80%,0.70%,23.90%,16.00%,2.80%,2.30%,5.00%,6.40%,0.80%,0.00%,0.00%,0.00%,0.80%,0.60%,0.10%,,100.00%,27.70%,10.90%,12.90%,2.20%,26.70%,17.40%,1.40%,2.30%,32.70%,16.00%,2.50%,6.20%,25.10%,13.70%,,100.00%,85.90%,14.10%,10.40%,0.20%,0.30%,1.00%,0.50%,1.70%,,(X),(X),,100.00%,22.00%,78.00%,True,30.3,21.5,7.7,0.0,0.9,35.8,False
Census Tract 48; Hudson County; New Jersey!!Percent,100.00%,6.20%,6.70%,5.50%,6.40%,6.70%,8.40%,9.30%,8.10%,6.10%,7.00%,6.30%,6.60%,5.80%,4.20%,2.80%,2.00%,1.10%,0.70%,,80.30%,77.70%,73.90%,14.00%,10.80%,100.00%,6.50%,7.00%,6.00%,6.90%,6.40%,8.60%,9.70%,8.40%,6.60%,6.80%,6.40%,7.00%,4.40%,4.20%,2.70%,1.30%,0.80%,0.50%,,79.10%,76.20%,72.60%,12.00%,9.40%,100.00%,5.90%,6.40%,5.10%,6.00%,7.10%,8.20%,8.90%,7.90%,5.50%,7.30%,6.30%,6.20%,7.20%,4.10%,2.90%,2.80%,1.30%,1.00%,,81.50%,79.20%,75.30%,16.00%,12.10%,,(X),(X),(X),,100.00%,88.70%,17.80%,22.40%,0.50%,34.10%,0.10%,13.90%,11.30%,,112.10%,25.40%,26.50%,1.60%,36.30%,0.30%,22.00%,,100.00%,23.80%,76.20%,,100.00%,23.80%,2.70%,1.40%,0.30%,0.30%,0.00%,11.80%,7.40%,76.20%,15.10%,21.00%,0.20%,33.80%,0.10%,2.10%,3.90%,,100.00%,99.80%,35.60%,13.90%,0.20%,2.10%,0.30%,30.70%,19.20%,2.80%,2.00%,9.50%,4.60%,0.20%,0.00%,0.00%,0.00%,0.20%,0.10%,0.10%,,100.00%,39.90%,20.00%,6.60%,2.70%,23.50%,13.60%,3.00%,2.10%,30.10%,11.80%,3.70%,7.30%,35.90%,22.90%,,100.00%,92.00%,8.00%,3.40%,0.70%,0.70%,0.30%,0.40%,2.50%,,(X),(X),,100.00%,33.70%,66.30%,True,15.1,21.0,33.8,0.2,2.1,23.8,False
Census Tract 49; Hudson County; New Jersey!!Percent,100.00%,6.20%,6.50%,7.20%,6.20%,7.70%,8.80%,7.70%,6.60%,5.90%,6.80%,7.10%,6.80%,5.30%,4.20%,3.00%,1.90%,1.60%,0.70%,,78.50%,76.40%,72.50%,14.40%,11.30%,100.00%,6.60%,7.40%,7.40%,6.30%,7.90%,9.90%,6.70%,6.70%,5.80%,6.30%,7.40%,6.10%,5.40%,4.00%,2.90%,1.10%,1.40%,0.60%,,77.00%,74.90%,70.60%,13.20%,10.10%,100.00%,5.90%,5.60%,7.00%,6.00%,7.50%,7.80%,8.50%,6.40%,6.00%,7.30%,6.80%,7.50%,5.20%,4.40%,3.00%,2.50%,1.70%,0.70%,,79.90%,77.80%,74.20%,15.50%,12.40%,,(X),(X),(X),,100.00%,88.10%,14.40%,38.90%,0.50%,18.70%,0.00%,15.50%,11.90%,,113.00%,22.70%,44.10%,1.80%,19.80%,0.10%,24.40%,,100.00%,27.50%,72.50%,,100.00%,27.50%,3.90%,2.00%,0.30%,0.30%,0.00%,13.00%,8.00%,72.50%,10.50%,36.90%,0.30%,18.40%,0.00%,2.50%,3.80%,,100.00%,99.90%,33.40%,11.60%,0.20%,1.90%,0.20%,33.90%,20.00%,2.80%,2.00%,11.10%,4.60%,0.10%,0.00%,0.00%,0.00%,0.10%,0.10%,0.00%,,100.00%,35.10%,15.70%,6.60%,3.10%,21.10%,11.70%,2.40%,2.60%,37.30%,11.20%,4.10%,11.70%,38.40%,23.30%,,100.00%,92.80%,7.20%,3.70%,0.60%,0.10%,0.80%,0.30%,1.90%,,(X),(X),,100.00%,32.80%,67.20%,True,10.5,36.9,18.4,0.3,2.5,27.5,False
Census Tract 52; Hudson County; New Jersey!!Percent,100.00%,6.00%,6.60%,7.60%,7.70%,9.10%,7.60%,7.20%,6.40%,6.20%,5.60%,5.80%,6.10%,5.50%,4.00%,3.20%,2.90%,1.40%,1.10%,,78.30%,75.70%,69.90%,15.70%,12.60%,100.00%,6.50%,6.90%,8.90%,8.50%,9.50%,7.90%,6.70%,5.90%,5.70%,5.30%,5.70%,6.20%,5.30%,3.80%,2.40%,2.90%,1.10%,0.60%,,76.00%,73.00%,66.90%,13.40%,10.90%,100.00%,5.70%,6.30%,6.50%,7.10%,8.70%,7.30%,7.60%,6.80%,6.60%,5.80%,5.90%,5.90%,5.70%,4.20%,4.00%,2.80%,1.60%,1.50%,,80.20%,78.10%,72.40%,17.60%,14.00%,,(X),(X),(X),,100.00%,92.60%,17.10%,52.80%,0.90%,6.80%,0.00%,15.00%,7.40%,,108.30%,21.90%,55.70%,2.00%,8.00%,0.40%,20.40%,,100.00%,26.40%,73.60%,,100.00%,26.40%,3.30%,3.40%,0.80%,0.00%,0.00%,13.80%,5.10%,73.60%,13.80%,49.30%,0.10%,6.80%,0.00%,1.20%,2.30%,,100.00%,96.30%,37.10%,9.30%,0.10%,2.00%,0.10%,32.00%,20.10%,3.30%,2.50%,8.30%,4.20%,3.70%,0.00%,0.00%,0.00%,3.70%,1.50%,2.20%,,100.00%,24.90%,9.90%,5.40%,2.60%,23.80%,14.70%,4.10%,3.10%,46.00%,17.60%,8.10%,13.10%,33.80%,26.30%,,100.00%,90.60%,9.40%,3.90%,0.60%,0.30%,0.50%,0.20%,4.00%,,(X),(X),,100.00%,23.20%,76.80%,False,13.8,49.3,6.8,0.1,1.2,26.4,False
Census Tract 53; Hudson County; New Jersey!!Percent,100.00%,5.70%,7.50%,7.80%,7.00%,7.10%,8.50%,7.50%,7.40%,6.70%,6.30%,6.90%,5.30%,4.80%,3.40%,3.00%,2.40%,1.50%,1.10%,,77.40%,74.20%,71.10%,14.50%,11.40%,100.00%,5.90%,10.00%,8.00%,6.50%,7.20%,8.70%,8.10%,7.60%,5.70%,5.90%,6.90%,5.50%,4.00%,3.30%,2.50%,2.10%,1.40%,0.80%,,74.50%,72.00%,68.60%,12.50%,10.10%,100.00%,5.60%,5.40%,7.70%,7.50%,7.00%,8.30%,7.00%,7.30%,7.60%,6.70%,6.90%,5.20%,5.60%,3.50%,3.50%,2.60%,1.50%,1.30%,,79.90%,76.00%,73.20%,16.20%,12.50%,,(X),(X),(X),,100.00%,92.30%,8.70%,65.20%,0.20%,1.30%,0.20%,16.70%,7.70%,,108.70%,13.50%,69.90%,0.80%,1.60%,0.30%,22.60%,,100.00%,28.50%,71.50%,,100.00%,28.50%,2.80%,2.90%,0.20%,0.10%,0.20%,16.40%,5.90%,71.50%,5.90%,62.30%,0.00%,1.20%,0.00%,0.40%,1.70%,,100.00%,99.90%,36.00%,9.40%,0.20%,2.60%,0.20%,35.60%,22.80%,3.60%,2.00%,8.70%,3.60%,0.10%,0.00%,0.00%,0.00%,0.10%,0.00%,0.10%,,100.00%,26.00%,12.40%,7.90%,3.50%,22.20%,13.10%,2.80%,3.20%,44.00%,12.30%,5.60%,16.10%,40.70%,23.90%,,100.00%,90.30%,9.70%,5.10%,0.80%,0.20%,0.10%,0.00%,3.50%,,(X),(X),,100.00%,29.80%,70.20%,True,5.9,62.3,1.2,0.0,0.4,28.5,False
Census Tract 54; Hudson County; New Jersey!!Percent,100.00%,6.80%,5.90%,5.10%,6.10%,8.10%,7.10%,8.20%,8.20%,7.10%,6.10%,5.60%,5.90%,6.40%,4.70%,4.10%,2.30%,1.40%,1.00%,,81.40%,79.40%,74.50%,16.80%,13.40%,100.00%,7.40%,6.80%,5.80%,5.80%,8.00%,7.40%,8.00%,8.20%,7.90%,6.50%,5.30%,6.00%,5.70%,4.40%,3.40%,2.10%,1.00%,0.40%,,79.20%,77.00%,72.70%,14.30%,11.30%,100.00%,6.30%,5.00%,4.50%,6.30%,8.20%,6.80%,8.40%,8.10%,6.50%,5.80%,6.00%,5.80%,7.00%,4.90%,4.60%,2.50%,1.70%,1.50%,,83.30%,81.50%,76.10%,18.90%,15.20%,,(X),(X),(X),,100.00%,91.80%,16.00%,31.20%,0.40%,34.60%,0.00%,9.60%,8.20%,,109.00%,22.00%,34.40%,1.10%,36.40%,0.10%,15.00%,,100.00%,14.80%,85.20%,,100.00%,14.80%,2.30%,1.00%,0.20%,0.30%,0.00%,6.70%,4.30%,85.20%,13.70%,30.20%,0.20%,34.30%,0.00%,2.80%,3.90%,,100.00%,95.20%,37.00%,15.40%,0.30%,1.70%,0.20%,28.40%,18.10%,2.10%,1.60%,7.50%,2.60%,4.80%,0.00%,0.00%,0.00%,4.80%,2.00%,2.90%,,100.00%,42.70%,19.90%,4.90%,1.40%,17.30%,10.70%,3.30%,1.50%,35.10%,17.40%,6.90%,6.50%,32.80%,26.60%,,100.00%,94.60%,5.40%,3.00%,0.30%,0.30%,0.10%,0.20%,1.50%,,(X),(X),,100.00%,54.40%,45.60%,False,13.7,30.2,34.3,0.2,2.8,14.8,False
Census Tract 55; Hudson County; New Jersey!!Percent,100.00%,6.90%,8.30%,7.30%,7.30%,7.10%,9.30%,7.20%,6.00%,5.10%,6.50%,5.60%,7.00%,4.50%,4.00%,3.30%,2.10%,1.60%,0.80%,,75.80%,73.20%,68.70%,14.20%,11.80%,100.00%,7.30%,9.80%,7.00%,8.70%,7.20%,9.80%,7.50%,5.90%,4.30%,6.10%,5.50%,5.80%,5.10%,3.50%,3.10%,1.70%,1.20%,0.40%,,73.90%,70.20%,65.90%,12.60%,9.90%,100.00%,6.70%,7.10%,7.50%,6.10%,7.10%,8.90%,7.00%,6.20%,5.60%,6.80%,5.70%,8.00%,4.00%,4.30%,3.40%,2.50%,1.90%,1.10%,,77.30%,75.50%,70.90%,15.50%,13.30%,,(X),(X),(X),,100.00%,93.10%,6.10%,72.60%,0.50%,1.70%,0.00%,12.00%,6.90%,,107.40%,9.70%,76.40%,2.00%,2.50%,0.50%,16.20%,,100.00%,21.60%,78.40%,,100.00%,21.60%,2.20%,3.30%,0.10%,0.10%,0.00%,11.40%,4.30%,78.40%,3.90%,69.30%,0.40%,1.60%,0.00%,0.60%,2.60%,,100.00%,99.40%,34.90%,8.40%,0.10%,2.40%,0.00%,35.60%,21.20%,6.00%,4.20%,8.70%,3.40%,0.60%,0.00%,0.00%,0.00%,0.60%,0.10%,0.50%,,100.00%,24.50%,8.70%,6.50%,3.10%,18.60%,9.60%,2.50%,2.40%,50.50%,16.70%,7.60%,18.70%,40.60%,28.00%,,100.00%,93.10%,6.90%,2.70%,0.10%,0.50%,0.30%,0.00%,3.40%,,(X),(X),,100.00%,24.60%,75.40%,True,3.9,69.3,1.6,0.4,0.6,21.6,False
Census Tract 56; Hudson County; New Jersey!!Percent,100.00%,6.20%,6.50%,7.00%,7.10%,6.90%,7.50%,7.20%,6.70%,6.00%,6.20%,6.40%,6.90%,6.30%,5.20%,4.00%,2.10%,1.10%,0.60%,,78.60%,75.90%,71.80%,16.10%,13.00%,100.00%,6.70%,8.00%,7.60%,6.90%,6.80%,7.50%,7.30%,6.40%,5.60%,5.90%,5.90%,6.60%,6.40%,5.20%,3.80%,1.70%,1.00%,0.50%,,75.50%,73.20%,69.40%,15.50%,12.20%,100.00%,5.80%,5.00%,6.50%,7.20%,6.90%,7.50%,7.10%,7.00%,6.50%,6.50%,6.90%,7.10%,6.20%,5.20%,4.30%,2.40%,1.10%,0.70%,,81.40%,78.40%,73.90%,16.70%,13.70%,,(X),(X),(X),,100.00%,89.30%,12.20%,39.00%,0.80%,19.60%,0.10%,17.60%,10.70%,,111.70%,17.90%,43.10%,2.10%,22.00%,0.50%,26.10%,,100.00%,25.50%,74.50%,,100.00%,25.50%,3.40%,1.60%,0.30%,0.40%,0.10%,13.30%,6.50%,74.50%,8.80%,37.40%,0.60%,19.20%,0.00%,4.30%,4.20%,,100.00%,100.00%,34.90%,12.20%,0.20%,2.20%,0.10%,34.30%,20.30%,3.60%,2.70%,9.90%,2.60%,0.00%,0.00%,0.00%,0.00%,0.00%,0.00%,0.00%,,100.00%,35.60%,15.80%,6.70%,2.40%,21.00%,12.30%,3.80%,2.70%,36.70%,12.50%,4.90%,10.20%,36.30%,27.00%,,100.00%,94.40%,5.60%,2.30%,0.00%,0.80%,0.10%,0.30%,2.20%,,(X),(X),,100.00%,32.40%,67.60%,False,8.8,37.4,19.2,0.6,4.3,25.5,False
Census Tract 58.01; Hudson County; New Jersey!!Percent,100.00%,7.50%,8.30%,7.40%,7.10%,7.10%,8.10%,8.30%,6.70%,4.60%,6.60%,6.50%,5.30%,4.00%,3.70%,3.20%,2.60%,2.30%,0.80%,,75.40%,72.60%,68.50%,14.70%,12.50%,100.00%,8.30%,9.90%,8.00%,8.20%,7.70%,7.60%,9.20%,6.40%,4.00%,6.90%,6.50%,4.80%,3.30%,3.00%,2.20%,1.80%,1.90%,0.50%,,72.30%,69.00%,64.20%,11.30%,9.40%,100.00%,6.90%,7.00%,6.90%,6.10%,6.60%,8.60%,7.50%,6.90%,5.10%,6.30%,6.60%,5.70%,4.50%,4.30%,4.00%,3.20%,2.60%,1.10%,,78.00%,75.80%,72.10%,17.70%,15.20%,,(X),(X),(X),,100.00%,93.00%,6.80%,64.30%,0.90%,2.60%,0.00%,18.40%,7.00%,,107.60%,10.80%,68.40%,1.90%,3.10%,0.40%,23.00%,,100.00%,27.60%,72.40%,,100.00%,27.60%,2.90%,2.90%,0.40%,0.00%,0.00%,17.00%,4.40%,72.40%,3.90%,61.50%,0.50%,2.60%,0.00%,1.40%,2.60%,,100.00%,99.90%,36.10%,8.00%,0.20%,2.90%,0.10%,36.10%,23.00%,4.20%,2.90%,8.80%,3.60%,0.10%,0.00%,0.00%,0.00%,0.10%,0.00%,0.10%,,100.00%,22.70%,10.50%,7.90%,3.40%,20.60%,11.50%,2.70%,2.60%,48.80%,17.90%,9.10%,15.60%,37.40%,28.00%,,100.00%,92.10%,7.90%,4.00%,0.40%,0.60%,0.10%,0.10%,2.80%,,(X),(X),,100.00%,23.60%,76.40%,True,3.9,61.5,2.6,0.5,1.4,27.6,False
Census Tract 58.02; Hudson County; New Jersey!!Percent,100.00%,8.00%,6.20%,4.80%,2.50%,2.80%,5.20%,9.30%,12.10%,10.50%,9.00%,7.70%,7.00%,4.70%,4.80%,3.00%,1.60%,0.50%,0.30%,,80.20%,79.10%,77.90%,12.90%,10.20%,100.00%,8.80%,6.50%,5.60%,2.80%,2.50%,5.20%,8.60%,11.60%,10.90%,9.80%,6.70%,7.60%,4.50%,3.50%,2.90%,2.30%,0.00%,0.10%,,78.10%,76.80%,75.50%,11.50%,8.80%,100.00%,7.10%,6.00%,4.10%,2.20%,3.00%,5.10%,9.90%,12.60%,10.20%,8.20%,8.80%,6.40%,4.90%,6.00%,3.20%,0.90%,1.10%,0.50%,,82.10%,81.40%,80.20%,14.20%,11.60%,,(X),(X),(X),,100.00%,87.30%,51.70%,4.70%,0.20%,26.90%,0.00%,3.90%,12.70%,,114.00%,63.20%,7.30%,1.20%,31.20%,0.10%,11.10%,,100.00%,9.20%,90.80%,,100.00%,9.20%,1.50%,0.00%,0.00%,0.20%,0.00%,1.70%,5.80%,90.80%,50.20%,4.70%,0.20%,26.70%,0.00%,2.10%,6.90%,,100.00%,99.60%,45.00%,21.60%,0.40%,2.70%,0.40%,24.80%,20.00%,0.50%,0.40%,3.00%,1.20%,0.40%,0.00%,0.00%,0.00%,0.40%,0.10%,0.20%,,100.00%,47.60%,23.10%,8.00%,1.70%,18.30%,14.10%,1.70%,1.60%,26.10%,17.30%,5.00%,3.00%,31.20%,19.20%,,100.00%,94.00%,6.00%,3.10%,0.10%,1.40%,0.20%,0.70%,0.50%,,(X),(X),,100.00%,68.80%,31.20%,False,50.2,4.7,26.7,0.2,2.1,9.2,False
Census Tract 59.01; Hudson County; New Jersey!!Percent,100.00%,5.10%,4.80%,6.30%,6.50%,7.60%,7.30%,6.60%,5.90%,6.00%,7.00%,6.70%,6.90%,6.60%,5.70%,4.80%,3.20%,1.50%,1.50%,,82.90%,80.30%,76.20%,20.00%,16.70%,100.00%,5.60%,4.60%,6.60%,7.30%,7.40%,8.40%,7.90%,6.10%,5.30%,7.80%,6.70%,7.10%,6.30%,4.80%,4.00%,2.40%,0.90%,0.90%,,82.30%,78.80%,74.90%,16.40%,13.00%,100.00%,4.60%,5.00%,6.10%,5.80%,7.80%,6.40%,5.40%,5.60%,6.60%,6.30%,6.70%,6.70%,6.90%,6.50%,5.60%,3.80%,2.00%,2.00%,,83.40%,81.60%,77.30%,23.20%,20.00%,,(X),(X),(X),,100.00%,92.10%,16.30%,15.50%,0.90%,43.10%,0.10%,16.20%,7.90%,,108.60%,21.70%,18.50%,1.60%,44.40%,0.30%,22.10%,,100.00%,23.50%,76.50%,,100.00%,23.50%,2.20%,1.70%,0.60%,0.30%,0.00%,13.30%,5.40%,76.50%,14.10%,13.90%,0.40%,42.80%,0.10%,2.80%,2.50%,,100.00%,98.40%,34.00%,14.50%,0.20%,1.20%,0.10%,32.70%,16.70%,3.10%,2.20%,9.90%,2.80%,1.60%,0.00%,0.00%,0.00%,1.60%,0.10%,1.50%,,100.00%,44.00%,18.00%,3.70%,1.30%,19.40%,9.40%,2.70%,2.70%,32.90%,13.00%,5.60%,7.30%,33.60%,29.90%,,100.00%,94.60%,5.40%,1.80%,0.10%,0.30%,0.00%,0.30%,2.80%,,(X),(X),,100.00%,50.10%,49.90%,False,14.1,13.9,42.8,0.4,2.8,23.5,False
Census Tract 59.02; Hudson County; New Jersey!!Percent,100.00%,5.10%,4.60%,5.40%,6.40%,7.40%,8.20%,7.40%,6.00%,6.00%,5.80%,6.90%,7.60%,6.80%,5.70%,5.00%,2.10%,1.80%,1.80%,,84.00%,81.30%,77.10%,20.40%,16.40%,100.00%,5.30%,5.20%,6.00%,7.40%,7.80%,8.50%,7.00%,6.40%,5.60%,6.00%,6.70%,7.50%,6.20%,6.00%,4.60%,1.40%,1.20%,1.20%,,82.60%,79.50%,74.80%,18.60%,14.60%,100.00%,5.00%,4.20%,4.80%,5.60%,7.10%,8.00%,7.70%,5.60%,6.30%,5.80%,7.10%,7.60%,7.30%,5.40%,5.40%,2.70%,2.30%,2.30%,,85.30%,82.90%,79.20%,22.00%,18.10%,,(X),(X),(X),,100.00%,90.30%,15.90%,25.00%,0.30%,32.50%,0.10%,16.40%,9.70%,,110.80%,21.60%,29.60%,1.70%,33.60%,0.70%,23.60%,,100.00%,24.90%,75.10%,,100.00%,24.90%,3.10%,1.10%,0.30%,0.60%,0.00%,13.60%,6.20%,75.10%,12.80%,23.90%,0.00%,31.90%,0.10%,2.90%,3.50%,,100.00%,97.50%,35.00%,12.50%,0.40%,1.80%,0.20%,30.10%,16.20%,2.10%,1.50%,11.50%,3.80%,2.50%,2.50%,1.40%,1.10%,0.00%,0.00%,0.00%,,100.00%,37.00%,12.80%,6.00%,2.40%,20.40%,10.30%,2.70%,3.10%,36.70%,13.30%,6.80%,9.20%,32.50%,31.50%,,100.00%,95.30%,4.70%,1.90%,0.20%,0.00%,0.10%,0.00%,2.60%,,(X),(X),,100.00%,37.80%,62.20%,False,12.8,23.9,31.9,0.0,2.9,24.9,False
Census Tract 60; Hudson County; New Jersey!!Percent,100.00%,6.60%,6.40%,7.40%,6.80%,7.50%,7.90%,8.40%,6.20%,5.80%,6.10%,6.70%,7.40%,5.00%,4.00%,3.20%,2.10%,1.60%,1.10%,,78.10%,75.80%,71.60%,14.30%,11.90%,100.00%,8.20%,7.20%,8.80%,6.60%,8.70%,7.30%,9.00%,5.90%,5.70%,5.90%,6.10%,6.60%,5.00%,3.40%,2.10%,1.80%,1.10%,0.60%,,74.80%,72.10%,67.70%,11.70%,9.00%,100.00%,5.10%,5.70%,6.20%,6.90%,6.30%,8.40%,7.90%,6.50%,5.90%,6.20%,7.20%,8.10%,5.00%,4.60%,4.20%,2.30%,2.00%,1.60%,,81.10%,79.20%,75.00%,16.70%,14.60%,,(X),(X),(X),,100.00%,90.00%,8.50%,57.20%,0.30%,4.50%,0.00%,19.50%,10.00%,,110.60%,14.10%,62.30%,1.70%,5.50%,0.30%,26.60%,,100.00%,31.90%,68.10%,,100.00%,31.90%,4.30%,2.60%,0.20%,0.10%,0.00%,18.20%,6.50%,68.10%,4.10%,54.60%,0.20%,4.40%,0.00%,1.30%,3.50%,,100.00%,99.80%,36.60%,8.20%,0.10%,2.70%,0.20%,35.40%,19.90%,4.30%,3.10%,8.60%,3.60%,0.20%,0.00%,0.00%,0.00%,0.20%,0.10%,0.10%,,100.00%,23.10%,9.40%,7.60%,3.80%,21.80%,12.40%,2.40%,2.80%,47.40%,14.60%,5.50%,14.20%,37.10%,24.50%,,100.00%,93.20%,6.80%,3.50%,0.50%,0.20%,0.30%,0.20%,2.20%,,(X),(X),,100.00%,28.30%,71.70%,True,4.1,54.6,4.4,0.2,1.3,31.9,False
Census Tract 61.01; Hudson County; New Jersey!!Percent,100.00%,5.90%,5.60%,6.10%,5.80%,6.10%,7.30%,7.10%,6.50%,6.00%,6.90%,7.40%,6.70%,6.80%,5.80%,4.50%,2.50%,1.30%,1.60%,,81.10%,78.80%,75.20%,20.20%,15.70%,100.00%,6.60%,5.90%,6.70%,6.40%,5.90%,7.60%,6.60%,6.80%,5.70%,7.30%,7.30%,6.80%,6.70%,5.10%,4.30%,2.30%,0.90%,1.40%,,79.30%,77.00%,73.00%,18.20%,13.90%,100.00%,5.20%,5.30%,5.60%,5.20%,6.30%,7.10%,7.60%,6.30%,6.40%,6.50%,7.50%,6.60%,6.90%,6.40%,4.80%,2.70%,1.70%,1.80%,,82.80%,80.50%,77.40%,22.00%,17.40%,,(X),(X),(X),,100.00%,92.20%,25.20%,15.30%,0.90%,37.30%,0.10%,13.40%,7.80%,,108.80%,30.80%,17.90%,1.90%,38.50%,0.30%,19.50%,,100.00%,23.00%,77.00%,,100.00%,23.00%,3.10%,1.60%,0.60%,0.40%,0.00%,11.90%,5.40%,77.00%,22.20%,13.70%,0.30%,36.90%,0.10%,1.50%,2.40%,,100.00%,99.90%,35.40%,15.70%,0.40%,1.70%,0.20%,32.80%,19.30%,1.80%,1.10%,9.50%,2.50%,0.10%,0.00%,0.00%,0.00%,0.10%,0.10%,0.00%,,100.00%,45.70%,18.90%,5.40%,2.40%,19.40%,10.80%,1.90%,2.20%,29.50%,10.70%,5.70%,7.00%,34.10%,30.60%,,100.00%,94.70%,5.30%,2.60%,0.00%,0.50%,0.10%,0.10%,2.00%,,(X),(X),,100.00%,47.70%,52.30%,False,22.2,13.7,36.9,0.3,1.5,23.0,False
Census Tract 61.02; Hudson County; New Jersey!!Percent,100.00%,6.60%,6.40%,7.90%,6.30%,7.80%,8.40%,6.70%,6.60%,5.70%,6.30%,6.90%,6.60%,6.40%,4.10%,3.90%,1.90%,0.70%,0.90%,,77.60%,75.20%,71.60%,14.70%,11.50%,100.00%,7.40%,6.80%,8.50%,6.20%,8.10%,8.30%,6.80%,7.30%,5.80%,5.80%,7.20%,6.50%,5.50%,3.50%,3.60%,1.40%,0.60%,0.60%,,75.90%,74.10%,69.50%,12.40%,9.80%,100.00%,5.90%,6.00%,7.40%,6.30%,7.50%,8.40%,6.60%,5.90%,5.70%,6.70%,6.60%,6.70%,7.10%,4.60%,4.20%,2.40%,0.80%,1.10%,,79.10%,76.20%,73.50%,16.70%,13.10%,,(X),(X),(X),,100.00%,89.70%,11.90%,46.30%,0.90%,10.00%,0.00%,20.70%,10.30%,,111.10%,18.10%,49.90%,2.10%,12.00%,0.40%,28.60%,,100.00%,30.70%,69.30%,,100.00%,30.70%,4.40%,2.10%,0.40%,0.10%,0.00%,16.90%,6.80%,69.30%,7.50%,44.20%,0.60%,9.80%,0.00%,3.80%,3.50%,,100.00%,98.80%,35.60%,9.30%,0.30%,1.80%,0.10%,34.90%,20.30%,3.90%,3.00%,9.30%,3.50%,1.20%,0.00%,0.00%,0.00%,1.20%,0.80%,0.40%,,100.00%,26.60%,9.70%,6.00%,2.30%,21.40%,10.90%,1.90%,1.80%,45.90%,15.00%,6.70%,12.80%,31.40%,25.10%,,100.00%,95.20%,4.80%,3.10%,0.20%,0.80%,0.00%,0.00%,0.60%,,(X),(X),,100.00%,23.70%,76.30%,False,7.5,44.2,9.8,0.6,3.8,30.7,False
Census Tract 62; Hudson County; New Jersey!!Percent,100.00%,6.10%,6.90%,6.40%,5.80%,6.70%,7.40%,6.90%,6.60%,5.50%,5.30%,6.20%,5.70%,6.60%,4.80%,4.50%,3.50%,2.20%,2.90%,,79.50%,77.60%,73.40%,22.10%,17.90%,100.00%,6.00%,8.80%,6.50%,6.60%,8.10%,7.70%,7.10%,7.30%,5.00%,4.50%,6.40%,5.10%,6.10%,4.30%,4.30%,3.00%,1.70%,1.40%,,77.70%,75.40%,70.40%,18.50%,14.70%,100.00%,6.20%,5.30%,6.20%,5.00%,5.40%,7.00%,6.80%,6.10%,6.00%,6.00%,6.00%,6.20%,7.10%,5.20%,4.70%,3.90%,2.70%,4.20%,,81.20%,79.60%,76.10%,25.30%,20.70%,,(X),(X),(X),,100.00%,87.00%,14.90%,37.70%,1.00%,10.70%,0.00%,22.70%,13.00%,,113.90%,23.00%,43.00%,2.60%,11.90%,0.50%,33.00%,,100.00%,35.40%,64.60%,,100.00%,35.40%,5.20%,1.90%,0.50%,0.20%,0.00%,18.90%,8.60%,64.60%,9.70%,35.80%,0.50%,10.50%,0.00%,3.80%,4.30%,,100.00%,96.80%,37.50%,10.10%,0.00%,1.80%,0.30%,32.10%,19.70%,2.20%,1.40%,9.90%,3.00%,3.20%,2.30%,0.50%,1.80%,1.00%,0.10%,0.80%,,100.00%,27.30%,8.50%,5.50%,3.00%,24.40%,14.00%,5.80%,3.40%,42.80%,19.60%,10.30%,12.20%,31.20%,32.20%,,100.00%,93.40%,6.60%,3.00%,0.30%,0.10%,0.50%,0.00%,2.70%,,(X),(X),,100.00%,25.30%,74.70%,True,9.7,35.8,10.5,0.5,3.8,35.4,False
Census Tract 63; Hudson County; New Jersey!!Percent,100.00%,6.10%,6.40%,6.10%,6.30%,7.70%,8.20%,6.90%,6.40%,5.50%,6.30%,6.60%,6.60%,5.60%,4.90%,4.00%,2.90%,1.80%,1.40%,,80.00%,77.60%,73.50%,18.30%,15.10%,100.00%,6.30%,6.80%,6.60%,7.00%,8.80%,8.80%,6.30%,5.70%,5.10%,6.30%,6.40%,6.30%,5.00%,5.00%,4.30%,2.90%,1.20%,1.30%,,79.00%,76.20%,71.60%,17.70%,14.70%,100.00%,5.90%,6.10%,5.70%,5.80%,6.70%,7.60%,7.50%,7.00%,5.90%,6.30%,6.90%,6.90%,6.10%,4.80%,3.80%,3.00%,2.30%,1.50%,,80.90%,78.80%,75.30%,18.80%,15.50%,,(X),(X),(X),,100.00%,87.90%,14.40%,40.80%,1.10%,6.40%,0.10%,25.10%,12.10%,,113.50%,22.60%,46.00%,2.20%,7.50%,0.10%,35.00%,,100.00%,38.70%,61.30%,,100.00%,38.70%,4.90%,2.80%,0.50%,0.10%,0.10%,21.70%,8.70%,61.30%,9.60%,38.00%,0.60%,6.30%,0.00%,3.40%,3.40%,,100.00%,99.80%,36.50%,11.30%,0.30%,2.50%,0.20%,33.30%,18.40%,4.30%,3.20%,7.50%,3.90%,0.20%,0.00%,0.00%,0.00%,0.20%,0.10%,0.00%,,100.00%,30.90%,11.70%,7.10%,3.30%,23.30%,14.20%,5.60%,2.20%,38.70%,17.80%,9.20%,9.30%,33.00%,32.80%,,100.00%,91.00%,9.00%,4.30%,0.10%,0.70%,0.40%,0.20%,3.20%,,(X),(X),,100.00%,29.60%,70.40%,True,9.6,38.0,6.3,0.6,3.4,38.7,False
Census Tract 64; Hudson County; New Jersey!!Percent,100.00%,6.60%,2.90%,2.60%,1.80%,3.80%,16.10%,20.50%,15.50%,8.30%,4.30%,5.30%,3.30%,3.40%,2.30%,1.60%,0.60%,0.50%,0.50%,,87.50%,86.80%,85.70%,7.30%,5.50%,100.00%,6.60%,2.40%,2.70%,1.70%,3.60%,16.30%,20.20%,15.70%,8.50%,4.50%,6.70%,3.30%,3.10%,2.20%,1.30%,0.50%,0.40%,0.40%,,87.70%,87.10%,86.10%,6.70%,4.70%,100.00%,6.60%,3.40%,2.50%,2.00%,3.90%,16.00%,20.80%,15.40%,8.00%,4.10%,3.90%,3.30%,3.70%,2.30%,1.90%,0.80%,0.60%,0.60%,,87.30%,86.30%,85.20%,7.90%,6.30%,,(X),(X),(X),,100.00%,88.40%,58.20%,4.90%,0.40%,18.00%,0.00%,6.90%,11.60%,,112.50%,68.60%,6.90%,1.10%,21.40%,0.20%,14.30%,,100.00%,15.70%,84.30%,,100.00%,15.70%,2.80%,0.50%,0.20%,0.10%,0.00%,6.00%,6.10%,84.30%,55.40%,4.40%,0.20%,17.90%,0.00%,1.00%,5.50%,,100.00%,100.00%,49.50%,16.40%,1.10%,5.70%,0.50%,15.90%,12.50%,0.60%,0.40%,2.80%,7.40%,0.00%,0.00%,0.00%,0.00%,0.00%,0.00%,0.00%,,100.00%,35.20%,13.40%,12.70%,0.80%,27.10%,18.90%,2.00%,1.00%,25.00%,17.10%,2.20%,1.40%,17.50%,11.50%,,100.00%,88.80%,11.20%,5.30%,1.10%,0.50%,1.40%,1.90%,1.10%,,(X),(X),,100.00%,28.80%,71.20%,False,55.4,4.4,17.9,0.2,1.0,15.7,True
Census Tract 65; Hudson County; New Jersey!!Percent,100.00%,6.60%,6.10%,4.80%,2.40%,4.60%,12.50%,14.90%,13.00%,9.10%,6.60%,4.80%,4.80%,3.50%,2.10%,1.60%,1.10%,0.90%,0.70%,,82.20%,81.20%,79.80%,8.30%,6.40%,100.00%,8.10%,7.20%,3.60%,2.70%,4.80%,12.40%,15.20%,12.30%,10.50%,6.00%,4.80%,4.60%,3.00%,1.30%,1.10%,1.10%,0.70%,0.40%,,80.50%,79.90%,78.00%,5.90%,4.70%,100.00%,5.30%,5.20%,5.80%,2.10%,4.40%,12.60%,14.60%,13.60%,7.90%,7.10%,4.70%,5.00%,3.90%,2.80%,2.10%,1.00%,1.20%,0.90%,,83.60%,82.40%,81.40%,10.40%,7.90%,,(X),(X),(X),,100.00%,88.10%,47.30%,11.20%,0.60%,14.00%,0.10%,14.90%,11.90%,,113.30%,58.20%,13.50%,1.90%,16.90%,0.30%,22.60%,,100.00%,28.90%,71.10%,,100.00%,28.90%,5.00%,1.90%,0.60%,0.00%,0.00%,13.80%,7.60%,71.10%,42.30%,9.30%,0.00%,14.00%,0.00%,1.10%,4.40%,,100.00%,99.70%,46.40%,13.50%,1.00%,4.20%,0.70%,24.30%,17.20%,1.50%,1.10%,4.00%,4.30%,0.30%,0.00%,0.00%,0.00%,0.30%,0.10%,0.10%,,100.00%,30.40%,14.60%,11.80%,1.00%,20.20%,15.60%,1.50%,0.60%,37.60%,21.50%,3.70%,6.70%,25.10%,13.20%,,100.00%,90.20%,9.80%,6.10%,0.60%,1.30%,0.00%,0.40%,1.40%,,(X),(X),,100.00%,31.70%,68.30%,False,42.3,9.3,14.0,0.0,1.1,28.9,False
Census Tract 66; Hudson County; New Jersey!!Percent,100.00%,6.00%,5.90%,4.90%,5.00%,7.40%,10.20%,9.30%,8.10%,5.60%,5.30%,6.20%,4.60%,5.80%,6.20%,4.70%,2.60%,1.10%,0.90%,,81.30%,79.80%,77.20%,19.00%,15.60%,100.00%,5.70%,6.00%,5.40%,4.90%,8.50%,11.60%,8.50%,8.50%,5.90%,5.60%,6.30%,4.90%,5.20%,5.20%,4.00%,2.90%,0.90%,0.30%,,81.10%,79.70%,77.50%,16.30%,13.20%,100.00%,6.30%,5.90%,4.30%,5.20%,6.30%,8.70%,10.30%,7.60%,5.20%,5.10%,6.00%,4.30%,6.50%,7.40%,5.40%,2.40%,1.40%,1.60%,,81.60%,80.00%,76.90%,22.00%,18.20%,,(X),(X),(X),,100.00%,94.60%,16.50%,3.80%,0.40%,68.60%,0.00%,5.30%,5.40%,,106.20%,21.00%,4.90%,0.70%,71.00%,0.20%,8.50%,,100.00%,6.20%,93.80%,,100.00%,6.20%,0.50%,0.40%,0.20%,0.20%,0.00%,2.20%,2.70%,93.80%,16.00%,3.40%,0.20%,68.40%,0.00%,3.20%,2.70%,,100.00%,100.00%,31.80%,13.70%,0.20%,1.20%,0.00%,27.50%,16.10%,3.20%,2.80%,13.90%,8.50%,0.00%,0.00%,0.00%,0.00%,0.00%,0.00%,0.00%,,100.00%,43.40%,20.30%,3.10%,1.20%,26.50%,9.50%,3.10%,3.30%,27.00%,10.30%,5.30%,3.60%,33.20%,32.20%,,100.00%,93.70%,6.30%,3.10%,0.00%,0.00%,0.20%,0.00%,2.90%,,(X),(X),,100.00%,44.60%,55.40%,False,16.0,3.4,68.4,0.2,3.2,6.2,False
Census Tract 67; Hudson County; New Jersey!!Percent,100.00%,7.40%,7.00%,9.50%,8.30%,7.50%,6.60%,7.30%,7.50%,6.80%,5.10%,4.90%,5.10%,4.90%,4.10%,3.20%,2.00%,1.60%,1.30%,,74.50%,70.90%,66.30%,14.70%,12.10%,100.00%,9.30%,7.50%,11.70%,10.00%,8.10%,7.00%,7.00%,7.60%,6.20%,4.40%,4.10%,4.40%,4.00%,3.70%,2.20%,1.30%,0.90%,0.50%,,69.50%,65.10%,59.90%,11.00%,8.70%,100.00%,6.00%,6.50%,7.80%,6.90%,7.10%,6.30%,7.60%,7.40%,7.30%,5.60%,5.50%,5.70%,5.60%,4.40%,4.00%,2.40%,2.10%,1.80%,,78.20%,75.30%,71.00%,17.40%,14.70%,,(X),(X),(X),,100.00%,89.60%,15.60%,47.50%,0.70%,3.10%,0.10%,22.60%,10.40%,,111.50%,22.60%,52.60%,1.90%,4.20%,0.20%,29.90%,,100.00%,39.80%,60.20%,,100.00%,39.80%,5.40%,4.00%,0.50%,0.20%,0.10%,22.10%,7.50%,60.20%,10.20%,43.50%,0.20%,2.90%,0.00%,0.50%,2.90%,,100.00%,99.60%,38.90%,7.50%,0.30%,2.20%,0.20%,39.30%,25.60%,3.70%,3.00%,5.90%,1.80%,0.40%,0.00%,0.00%,0.00%,0.40%,0.20%,0.20%,,100.00%,20.60%,11.80%,5.90%,2.30%,17.00%,10.60%,2.70%,2.20%,56.40%,20.80%,10.80%,19.10%,39.50%,24.80%,,100.00%,78.70%,21.30%,12.50%,6.30%,0.00%,0.20%,0.10%,2.20%,,(X),(X),,100.00%,8.00%,92.00%,False,10.2,43.5,2.9,0.2,0.5,39.8,False
Census Tract 68; Hudson County; New Jersey!!Percent,100.00%,6.90%,8.10%,8.60%,7.50%,8.50%,7.80%,8.60%,7.00%,6.40%,5.80%,6.50%,5.60%,5.20%,3.10%,2.10%,1.20%,0.70%,0.50%,,74.90%,71.30%,67.20%,10.80%,7.60%,100.00%,7.10%,8.90%,9.30%,7.50%,9.50%,8.10%,9.20%,6.30%,5.40%,5.00%,6.20%,6.40%,4.20%,3.20%,1.60%,1.20%,0.40%,0.40%,,72.70%,69.40%,65.30%,9.40%,6.80%,100.00%,6.60%,7.40%,7.90%,7.40%,7.80%,7.60%,8.20%,7.50%,7.20%,6.40%,6.80%,5.00%,6.00%,3.10%,2.50%,1.20%,0.90%,0.50%,,76.70%,72.90%,68.80%,12.00%,8.30%,,(X),(X),(X),,100.00%,91.40%,6.40%,65.00%,0.20%,3.30%,0.00%,16.40%,8.60%,,109.10%,11.50%,69.40%,0.80%,4.10%,0.40%,22.80%,,100.00%,26.10%,73.90%,,100.00%,26.10%,2.70%,2.30%,0.20%,0.20%,0.00%,15.10%,5.60%,73.90%,3.70%,62.80%,0.00%,3.10%,0.00%,1.30%,3.00%,,100.00%,99.20%,33.80%,8.10%,0.20%,2.20%,0.30%,39.20%,24.30%,4.00%,3.10%,7.80%,3.50%,0.80%,0.00%,0.00%,0.00%,0.80%,0.70%,0.10%,,100.00%,25.40%,11.50%,7.00%,4.10%,19.00%,10.60%,2.10%,2.90%,48.60%,11.70%,3.50%,19.30%,43.30%,19.80%,,100.00%,90.40%,9.60%,3.80%,1.00%,0.80%,0.50%,0.10%,3.40%,,(X),(X),,100.00%,23.80%,76.20%,True,3.7,62.8,3.1,0.0,1.3,26.1,False
Census Tract 69; Hudson County; New Jersey!!Percent,100.00%,7.10%,7.10%,7.10%,11.10%,4.00%,4.00%,10.10%,4.00%,10.10%,4.00%,10.10%,5.10%,7.10%,1.00%,5.10%,1.00%,0.00%,2.00%,,72.70%,69.70%,67.70%,11.10%,9.10%,100.00%,11.80%,9.80%,9.80%,9.80%,5.90%,5.90%,3.90%,0.00%,11.80%,5.90%,9.80%,5.90%,5.90%,2.00%,2.00%,0.00%,0.00%,0.00%,,64.70%,60.80%,58.80%,3.90%,3.90%,100.00%,2.10%,4.20%,4.20%,12.50%,2.10%,2.10%,16.70%,8.30%,8.30%,2.10%,10.40%,4.20%,8.30%,0.00%,8.30%,2.10%,0.00%,4.20%,,81.30%,79.20%,77.10%,18.80%,14.60%,,(X),(X),(X),,100.00%,79.80%,41.40%,3.00%,0.00%,13.10%,1.00%,21.20%,20.20%,,125.30%,48.50%,15.20%,4.00%,15.20%,2.00%,40.40%,,100.00%,61.60%,38.40%,,100.00%,61.60%,21.20%,0.00%,0.00%,0.00%,1.00%,21.20%,18.20%,38.40%,20.20%,3.00%,0.00%,13.10%,0.00%,0.00%,2.00%,,100.00%,100.00%,31.30%,10.10%,0.00%,2.00%,0.00%,36.40%,27.30%,2.00%,2.00%,8.10%,10.10%,0.00%,0.00%,0.00%,0.00%,0.00%,0.00%,0.00%,,100.00%,40.60%,28.10%,3.10%,3.10%,21.90%,15.60%,0.00%,0.00%,34.40%,9.40%,3.10%,21.90%,62.50%,15.60%,,100.00%,80.00%,20.00%,5.00%,0.00%,0.00%,5.00%,0.00%,10.00%,,(X),(X),,100.00%,25.00%,75.00%,False,20.2,3.0,13.1,0.0,0.0,61.6,False
Census Tract 70.01; Hudson County; New Jersey!!Percent,100.00%,5.60%,4.00%,3.60%,4.30%,4.60%,12.50%,13.90%,9.30%,8.60%,5.20%,5.20%,4.90%,4.00%,3.40%,3.50%,3.40%,2.70%,1.40%,,85.80%,84.40%,82.00%,16.10%,14.20%,100.00%,5.60%,3.90%,3.50%,4.90%,5.30%,12.00%,16.30%,9.60%,7.90%,4.80%,6.10%,5.30%,4.30%,3.10%,2.50%,2.00%,2.00%,1.00%,,85.70%,84.00%,81.40%,12.20%,10.60%,100.00%,5.50%,4.10%,3.80%,3.80%,3.90%,12.90%,11.60%,9.10%,9.30%,5.70%,4.30%,4.50%,3.80%,3.60%,4.50%,4.70%,3.30%,1.70%,,86.00%,84.70%,82.70%,19.80%,17.80%,,(X),(X),(X),,100.00%,84.90%,40.10%,9.90%,0.60%,17.30%,0.00%,17.00%,15.10%,,116.80%,53.40%,13.30%,1.50%,19.90%,0.40%,28.20%,,100.00%,37.60%,62.40%,,100.00%,37.60%,7.40%,1.90%,0.50%,0.20%,0.00%,16.60%,11.00%,62.40%,32.70%,8.00%,0.00%,17.10%,0.00%,0.40%,4.20%,,100.00%,96.00%,45.40%,12.70%,0.60%,3.10%,0.50%,22.50%,13.90%,1.40%,1.20%,3.00%,6.70%,4.00%,0.00%,0.00%,0.00%,4.00%,2.50%,1.50%,,100.00%,28.70%,10.80%,8.00%,1.20%,25.10%,17.20%,4.00%,1.30%,38.20%,22.00%,8.70%,5.30%,21.10%,23.30%,,100.00%,93.10%,6.90%,4.30%,0.40%,0.40%,0.10%,1.00%,0.80%,,(X),(X),,100.00%,20.70%,79.30%,False,32.7,8.0,17.1,0.0,0.4,37.6,True
Census Tract 70.02; Hudson County; New Jersey!!Percent,100.00%,7.00%,2.70%,2.00%,0.90%,3.50%,16.70%,24.20%,14.90%,8.90%,5.00%,3.20%,2.90%,2.70%,1.60%,1.70%,1.40%,0.20%,0.60%,,88.20%,87.90%,86.90%,6.90%,5.50%,100.00%,8.00%,1.90%,1.80%,1.00%,3.30%,15.90%,24.60%,15.20%,9.60%,5.70%,3.30%,3.30%,1.80%,1.30%,1.30%,1.10%,0.20%,0.70%,,88.10%,87.60%,87.00%,5.30%,4.50%,100.00%,5.90%,3.50%,2.20%,0.70%,3.70%,17.60%,23.80%,14.70%,8.00%,4.20%,3.00%,2.60%,3.60%,1.90%,2.20%,1.80%,0.20%,0.40%,,88.30%,88.10%,86.90%,8.60%,6.50%,,(X),(X),(X),,100.00%,90.20%,46.30%,3.10%,0.10%,35.50%,0.20%,5.00%,9.80%,,110.40%,54.30%,5.20%,1.10%,38.20%,0.50%,11.10%,,100.00%,13.30%,86.70%,,100.00%,13.30%,2.90%,0.20%,0.10%,0.10%,0.00%,4.40%,5.60%,86.70%,43.40%,2.90%,0.00%,35.40%,0.20%,0.60%,4.20%,,100.00%,99.90%,49.50%,18.20%,0.70%,5.60%,0.80%,14.10%,11.50%,0.50%,0.20%,3.10%,7.40%,0.10%,0.00%,0.00%,0.00%,0.10%,0.00%,0.10%,,100.00%,37.80%,14.20%,12.80%,0.70%,27.00%,18.00%,1.50%,0.80%,22.40%,14.90%,1.60%,0.90%,17.30%,8.50%,,100.00%,89.00%,11.00%,4.70%,0.50%,0.90%,0.70%,2.70%,1.60%,,(X),(X),,100.00%,18.10%,81.90%,False,43.4,2.9,35.4,0.0,0.6,13.3,True
Census Tract 71; Hudson County; New Jersey!!Percent,100.00%,4.70%,3.90%,3.00%,3.00%,6.90%,14.20%,15.00%,10.00%,7.20%,6.80%,5.80%,4.70%,5.00%,3.10%,2.40%,1.60%,1.00%,1.70%,,87.60%,86.30%,84.90%,12.30%,9.90%,100.00%,4.30%,3.60%,2.60%,3.70%,6.40%,13.60%,15.70%,10.50%,7.70%,8.10%,6.80%,4.60%,4.90%,3.40%,2.10%,0.90%,0.60%,0.40%,,88.50%,87.10%,85.30%,9.70%,7.40%,100.00%,5.20%,4.30%,3.40%,2.00%,7.50%,14.90%,14.10%,9.50%,6.60%,5.20%,4.70%,4.80%,5.00%,2.80%,2.80%,2.50%,1.40%,3.30%,,86.50%,85.30%,84.50%,15.60%,12.90%,,(X),(X),(X),,100.00%,89.90%,36.40%,12.00%,0.20%,29.70%,0.00%,11.70%,10.10%,,111.70%,44.70%,15.00%,1.20%,31.70%,0.50%,18.60%,,100.00%,22.00%,78.00%,,100.00%,22.00%,4.40%,0.60%,0.20%,0.20%,0.00%,10.30%,6.40%,78.00%,32.00%,11.30%,0.00%,29.50%,0.00%,1.40%,3.70%,,100.00%,94.00%,44.40%,12.90%,0.60%,3.80%,0.70%,17.70%,12.20%,0.60%,0.50%,5.50%,7.90%,6.00%,6.00%,3.90%,2.10%,0.00%,0.00%,0.00%,,100.00%,31.10%,12.00%,10.10%,1.00%,33.00%,24.10%,3.20%,0.50%,25.90%,15.80%,2.30%,2.10%,17.20%,14.10%,,100.00%,89.40%,10.60%,5.70%,0.80%,1.00%,0.20%,0.00%,3.10%,,(X),(X),,100.00%,18.60%,81.40%,False,32.0,11.3,29.5,0.0,1.4,22.0,True
Census Tract 72; Hudson County; New Jersey!!Percent,100.00%,9.70%,4.40%,2.10%,1.90%,3.60%,14.50%,16.60%,14.20%,7.70%,5.60%,4.10%,3.10%,3.10%,2.40%,1.70%,1.50%,1.40%,2.40%,,83.50%,82.70%,81.40%,11.60%,9.50%,100.00%,8.70%,4.90%,2.40%,1.90%,4.00%,14.80%,15.40%,14.50%,8.40%,6.70%,4.40%,3.30%,3.30%,2.10%,1.70%,1.10%,0.80%,1.40%,,83.40%,82.50%,81.70%,9.70%,7.20%,100.00%,10.70%,3.80%,1.80%,1.80%,3.20%,14.10%,17.90%,13.80%,6.90%,4.50%,3.80%,2.90%,2.80%,2.80%,1.70%,1.90%,2.00%,3.50%,,83.50%,82.90%,81.10%,13.60%,11.90%,,(X),(X),(X),,100.00%,91.00%,48.80%,5.70%,0.20%,32.30%,0.00%,4.00%,9.00%,,109.40%,57.10%,7.10%,0.60%,35.70%,0.00%,8.90%,,100.00%,9.10%,90.90%,,100.00%,9.10%,1.50%,0.10%,0.10%,0.20%,0.00%,3.10%,4.10%,90.90%,47.20%,5.60%,0.10%,32.10%,0.00%,0.90%,4.90%,,100.00%,95.40%,42.40%,18.70%,0.80%,3.70%,0.50%,19.60%,16.40%,0.30%,0.30%,2.10%,7.30%,4.60%,3.60%,1.40%,2.20%,1.00%,0.30%,0.70%,,100.00%,45.80%,24.30%,9.80%,0.70%,23.90%,16.00%,1.90%,0.60%,20.50%,14.20%,3.20%,1.40%,27.50%,10.30%,,100.00%,92.50%,7.50%,3.90%,0.10%,0.10%,0.40%,0.50%,2.60%,,(X),(X),,100.00%,26.90%,73.10%,False,47.2,5.6,32.1,0.1,0.9,9.1,False
Census Tract 73; Hudson County; New Jersey!!Percent,100.00%,7.10%,3.40%,0.50%,0.40%,3.40%,23.30%,28.50%,17.00%,6.90%,3.20%,2.00%,1.50%,1.10%,0.80%,0.40%,0.20%,0.00%,0.10%,,88.80%,88.70%,88.40%,2.30%,1.60%,100.00%,7.10%,3.50%,0.40%,0.30%,2.90%,21.70%,27.50%,18.80%,7.70%,3.60%,2.20%,1.70%,1.00%,0.80%,0.60%,0.10%,0.00%,0.10%,,89.00%,88.90%,88.70%,2.40%,1.70%,100.00%,7.10%,3.30%,0.70%,0.60%,4.00%,24.90%,29.60%,15.20%,6.00%,2.80%,1.80%,1.30%,1.20%,0.90%,0.20%,0.40%,0.00%,0.00%,,88.70%,88.50%,88.10%,2.10%,1.50%,,(X),(X),(X),,100.00%,93.70%,50.10%,2.80%,0.00%,38.30%,0.00%,2.50%,6.30%,,106.60%,55.90%,3.80%,0.10%,40.00%,0.20%,6.60%,,100.00%,7.10%,92.90%,,100.00%,7.10%,1.70%,0.10%,0.00%,0.30%,0.00%,1.90%,3.10%,92.90%,48.40%,2.70%,0.00%,38.00%,0.00%,0.60%,3.20%,,100.00%,99.90%,52.80%,19.30%,0.50%,8.90%,0.70%,11.50%,10.90%,0.00%,0.00%,1.60%,4.40%,0.10%,0.10%,0.10%,0.00%,0.00%,0.00%,0.00%,,100.00%,37.50%,13.10%,18.20%,0.40%,23.20%,17.90%,0.50%,0.80%,21.10%,16.70%,0.80%,1.10%,15.60%,4.50%,,100.00%,92.90%,7.10%,3.80%,0.20%,0.20%,0.00%,0.50%,2.50%,,(X),(X),,100.00%,16.00%,84.00%,True,48.4,2.7,38.0,0.0,0.6,7.1,False
Census Tract 74; Hudson County; New Jersey!!Percent,100.00%,9.50%,4.70%,2.30%,1.10%,2.70%,12.40%,19.40%,16.60%,10.40%,5.50%,4.50%,3.70%,3.30%,2.20%,0.90%,0.60%,0.20%,0.10%,,83.30%,82.70%,82.20%,5.70%,4.00%,100.00%,9.60%,4.40%,2.00%,1.20%,2.30%,12.40%,18.20%,16.80%,10.90%,6.10%,4.80%,4.00%,3.50%,2.20%,0.80%,0.60%,0.20%,0.10%,,83.70%,83.00%,82.70%,5.30%,3.70%,100.00%,9.40%,5.10%,2.50%,1.00%,3.10%,12.30%,20.60%,16.30%,9.80%,4.80%,4.20%,3.50%,3.20%,2.20%,1.10%,0.60%,0.10%,0.20%,,82.80%,82.40%,81.70%,6.20%,4.30%,,(X),(X),(X),,100.00%,92.20%,50.70%,2.80%,0.20%,36.30%,0.10%,2.10%,7.80%,,108.40%,58.00%,4.10%,0.50%,38.70%,0.20%,6.90%,,100.00%,6.90%,93.10%,,100.00%,6.90%,1.70%,0.20%,0.10%,0.10%,0.00%,1.50%,3.30%,93.10%,49.10%,2.60%,0.10%,36.20%,0.00%,0.60%,4.50%,,100.00%,100.00%,48.20%,22.60%,0.70%,4.70%,0.50%,18.20%,16.80%,0.10%,0.00%,2.20%,2.80%,0.00%,0.00%,0.00%,0.00%,0.00%,0.00%,0.00%,,100.00%,48.00%,21.10%,10.80%,0.60%,23.10%,18.30%,0.60%,1.30%,18.10%,13.70%,1.00%,1.30%,25.10%,6.80%,,100.00%,84.60%,15.40%,8.60%,1.70%,4.00%,0.00%,0.40%,0.60%,,(X),(X),,100.00%,21.80%,78.20%,True,49.1,2.6,36.2,0.1,0.6,6.9,True
Census Tract 75; Hudson County; New Jersey!!Percent,100.00%,8.20%,4.20%,2.10%,1.00%,3.60%,14.10%,18.70%,14.60%,8.20%,4.80%,4.00%,3.30%,2.70%,2.70%,2.80%,2.00%,1.70%,1.20%,,85.20%,84.80%,84.30%,11.90%,10.40%,100.00%,8.30%,4.50%,2.40%,1.20%,3.10%,13.70%,18.20%,15.10%,9.80%,5.00%,4.30%,3.50%,2.60%,2.50%,2.20%,1.50%,1.30%,0.80%,,84.40%,83.90%,83.40%,9.90%,8.40%,100.00%,8.00%,3.80%,1.90%,0.90%,4.10%,14.50%,19.30%,14.20%,6.60%,4.50%,3.80%,3.10%,2.80%,2.90%,3.40%,2.40%,2.00%,1.60%,,86.00%,85.70%,85.10%,13.90%,12.40%,,(X),(X),(X),,100.00%,92.20%,45.30%,6.10%,0.20%,35.70%,0.00%,4.80%,7.80%,,108.50%,52.00%,7.80%,0.70%,37.90%,0.20%,9.80%,,100.00%,10.20%,89.80%,,100.00%,10.20%,2.00%,0.50%,0.00%,0.10%,0.00%,3.50%,4.10%,89.80%,43.30%,5.70%,0.10%,35.70%,0.00%,1.30%,3.70%,,100.00%,99.30%,51.10%,19.70%,0.70%,4.50%,0.30%,16.80%,14.40%,0.40%,0.30%,1.80%,4.00%,0.70%,0.00%,0.00%,0.00%,0.70%,0.00%,0.70%,,100.00%,39.60%,16.90%,9.50%,0.30%,23.20%,18.20%,2.80%,0.50%,27.70%,21.50%,6.90%,1.80%,20.10%,15.80%,,100.00%,92.10%,7.90%,6.20%,0.50%,0.20%,0.20%,0.20%,0.60%,,(X),(X),,100.00%,16.80%,83.20%,True,43.3,5.7,35.7,0.1,1.3,10.2,True
Census Tract 76.01; Hudson County; New Jersey!!Percent,100.00%,7.20%,2.60%,1.40%,0.70%,6.40%,24.00%,26.10%,14.40%,7.20%,3.80%,2.40%,1.70%,1.00%,0.40%,0.40%,0.20%,0.10%,0.10%,,88.70%,88.50%,87.80%,1.70%,1.10%,100.00%,7.20%,2.40%,1.60%,0.60%,5.50%,21.90%,25.90%,15.50%,8.40%,4.20%,2.70%,1.90%,1.10%,0.50%,0.20%,0.10%,0.10%,0.20%,,88.70%,88.60%,88.00%,1.60%,1.20%,100.00%,7.20%,2.80%,1.30%,0.80%,7.40%,26.30%,26.20%,13.10%,6.00%,3.30%,2.00%,1.60%,0.90%,0.40%,0.50%,0.20%,0.10%,0.00%,,88.60%,88.40%,87.50%,1.80%,1.10%,,(X),(X),(X),,100.00%,93.70%,38.10%,2.70%,0.10%,50.30%,0.00%,2.50%,6.30%,,106.70%,44.00%,3.70%,0.50%,52.00%,0.10%,6.30%,,100.00%,6.50%,93.50%,,100.00%,6.50%,1.30%,0.20%,0.10%,0.10%,0.00%,1.70%,3.00%,93.50%,36.80%,2.50%,0.00%,50.20%,0.00%,0.80%,3.30%,,100.00%,100.00%,51.80%,18.40%,0.80%,6.90%,0.70%,12.30%,11.00%,0.30%,0.20%,1.70%,7.10%,0.00%,0.00%,0.00%,0.00%,0.00%,0.00%,0.00%,,100.00%,37.20%,12.10%,14.50%,0.40%,25.70%,18.70%,0.40%,1.40%,22.60%,15.10%,0.50%,1.90%,16.20%,2.80%,,100.00%,92.60%,7.40%,5.70%,0.40%,0.10%,0.00%,0.40%,0.90%,,(X),(X),,100.00%,13.10%,86.90%,True,36.8,2.5,50.2,0.0,0.8,6.5,True
Census Tract 76.02; Hudson County; New Jersey!!Percent,100.00%,8.00%,3.90%,1.60%,0.90%,5.30%,20.90%,21.20%,14.30%,8.80%,4.40%,3.30%,2.80%,2.30%,0.90%,0.70%,0.20%,0.20%,0.10%,,86.20%,85.70%,85.40%,3.40%,2.20%,100.00%,8.20%,3.80%,1.10%,0.70%,5.20%,19.30%,21.20%,14.80%,9.30%,5.20%,3.30%,3.00%,2.60%,1.00%,0.80%,0.30%,0.30%,0.20%,,86.70%,86.20%,86.10%,3.60%,2.50%,100.00%,7.80%,4.10%,2.20%,1.10%,5.40%,22.70%,21.10%,13.90%,8.20%,3.60%,3.40%,2.70%,1.90%,0.90%,0.70%,0.10%,0.20%,0.00%,,85.60%,85.20%,84.60%,3.20%,2.00%,,(X),(X),(X),,100.00%,95.20%,31.40%,1.80%,0.10%,60.20%,0.00%,1.60%,4.80%,,105.20%,35.90%,2.70%,0.50%,61.70%,0.20%,4.30%,,100.00%,4.10%,95.90%,,100.00%,4.10%,0.90%,0.00%,0.00%,0.00%,0.00%,1.00%,2.10%,95.90%,30.50%,1.80%,0.10%,60.20%,0.00%,0.60%,2.70%,,100.00%,100.00%,50.30%,20.10%,0.60%,4.50%,0.40%,15.10%,13.70%,0.20%,0.20%,2.20%,6.70%,0.00%,0.00%,0.00%,0.00%,0.00%,0.00%,0.00%,,100.00%,41.10%,14.00%,9.80%,0.20%,29.10%,21.00%,0.70%,2.30%,19.90%,13.00%,0.30%,2.00%,18.90%,4.40%,,100.00%,93.70%,6.30%,5.10%,0.20%,0.00%,0.30%,0.10%,0.50%,,(X),(X),,100.00%,22.30%,77.70%,True,30.5,1.8,60.2,0.1,0.6,4.1,True
Census Tract 77.01; Hudson County; New Jersey!!Percent,100.00%,6.60%,3.10%,1.20%,0.90%,7.90%,26.30%,21.40%,12.60%,6.20%,3.60%,2.80%,2.30%,2.20%,1.30%,0.70%,0.30%,0.30%,0.10%,,88.70%,88.40%,87.90%,4.00%,2.80%,100.00%,6.90%,3.10%,1.40%,0.80%,6.20%,24.70%,22.90%,13.30%,7.60%,4.30%,2.70%,2.20%,1.90%,1.10%,0.50%,0.20%,0.20%,0.10%,,88.20%,88.00%,87.60%,3.20%,2.10%,100.00%,6.20%,3.20%,1.10%,1.00%,9.70%,28.00%,20.00%,12.00%,4.80%,2.90%,2.80%,2.40%,2.40%,1.50%,0.90%,0.50%,0.40%,0.20%,,89.20%,88.80%,88.20%,4.90%,3.50%,,(X),(X),(X),,100.00%,97.00%,15.70%,2.50%,0.10%,76.60%,0.00%,2.10%,3.00%,,103.30%,18.40%,3.00%,0.30%,77.80%,0.00%,3.80%,,100.00%,3.80%,96.20%,,100.00%,3.80%,0.80%,0.10%,0.00%,0.00%,0.00%,1.60%,1.30%,96.20%,14.90%,2.40%,0.10%,76.60%,0.00%,0.50%,1.70%,,100.00%,100.00%,47.40%,18.10%,0.30%,2.70%,0.20%,12.70%,11.10%,0.30%,0.20%,2.60%,15.70%,0.00%,0.00%,0.00%,0.00%,0.00%,0.00%,0.00%,,100.00%,39.00%,14.70%,5.70%,0.20%,27.80%,15.40%,0.80%,0.70%,27.40%,13.30%,1.20%,1.20%,17.70%,4.90%,,100.00%,93.30%,6.70%,5.50%,0.30%,0.20%,0.20%,0.20%,0.40%,,(X),(X),,100.00%,7.50%,92.50%,True,14.9,2.4,76.6,0.1,0.5,3.8,True
Census Tract 77.02; Hudson County; New Jersey!!Percent,100.00%,4.00%,0.90%,0.60%,0.80%,11.20%,39.30%,22.70%,10.40%,2.90%,1.20%,1.60%,1.80%,1.70%,0.20%,0.20%,0.30%,0.00%,0.10%,,94.30%,94.20%,93.30%,1.70%,0.90%,100.00%,3.30%,1.20%,1.00%,0.30%,10.40%,37.40%,22.00%,11.90%,3.90%,1.80%,1.80%,2.10%,2.40%,0.10%,0.10%,0.10%,0.00%,0.10%,,94.30%,94.20%,93.80%,1.80%,0.60%,100.00%,4.90%,0.50%,0.20%,1.30%,12.20%,41.30%,23.30%,8.80%,1.90%,0.60%,1.50%,1.50%,1.00%,0.30%,0.30%,0.50%,0.00%,0.00%,,94.20%,94.20%,92.70%,1.60%,1.10%,,(X),(X),(X),,100.00%,95.70%,19.60%,0.70%,0.20%,73.80%,0.20%,1.40%,4.30%,,104.70%,23.20%,1.70%,0.80%,75.00%,0.30%,3.60%,,100.00%,3.20%,96.80%,,100.00%,3.20%,0.70%,0.00%,0.20%,0.00%,0.00%,0.50%,1.80%,96.80%,18.90%,0.70%,0.00%,73.80%,0.20%,0.90%,2.50%,,100.00%,100.00%,52.00%,16.10%,0.50%,5.70%,0.20%,7.10%,5.60%,0.20%,0.20%,2.10%,16.10%,0.00%,0.00%,0.00%,0.00%,0.00%,0.00%,0.00%,,100.00%,31.40%,8.00%,11.20%,0.10%,31.70%,19.10%,0.40%,0.30%,25.70%,12.70%,0.60%,0.60%,9.60%,3.60%,,100.00%,79.90%,20.10%,14.10%,3.20%,0.00%,0.10%,0.60%,2.10%,,(X),(X),,100.00%,0.30%,99.70%,True,18.9,0.7,73.8,0.0,0.9,3.2,True
Census Tract 77.03; Hudson County; New Jersey!!Percent,100.00%,8.50%,3.60%,1.80%,0.90%,7.60%,22.00%,18.80%,13.00%,7.30%,5.30%,3.00%,2.90%,2.30%,1.30%,0.70%,0.40%,0.30%,0.10%,,85.80%,85.60%,84.80%,4.40%,2.90%,100.00%,8.40%,3.20%,2.00%,0.70%,6.90%,22.10%,19.00%,12.80%,8.10%,5.80%,3.00%,2.90%,2.20%,1.40%,0.60%,0.40%,0.40%,0.10%,,86.10%,85.90%,85.50%,4.10%,2.80%,100.00%,8.60%,4.00%,1.70%,1.10%,8.40%,21.80%,18.50%,13.30%,6.50%,4.80%,2.90%,3.00%,2.50%,1.30%,0.90%,0.40%,0.20%,0.10%,,85.50%,85.20%,84.10%,4.60%,3.00%,,(X),(X),(X),,100.00%,94.10%,27.00%,3.40%,0.10%,61.60%,0.00%,1.80%,5.90%,,106.60%,32.00%,4.90%,0.60%,63.20%,0.20%,5.80%,,100.00%,5.70%,94.30%,,100.00%,5.70%,1.30%,0.10%,0.00%,0.10%,0.00%,1.30%,2.90%,94.30%,25.70%,3.30%,0.10%,61.60%,0.00%,0.60%,3.00%,,100.00%,100.00%,46.50%,17.60%,0.80%,3.00%,0.20%,15.70%,13.90%,0.40%,0.30%,2.70%,13.20%,0.00%,0.00%,0.00%,0.00%,0.00%,0.00%,0.00%,,100.00%,39.90%,17.20%,6.80%,0.50%,27.40%,16.20%,0.70%,1.20%,25.90%,14.40%,0.90%,2.10%,21.50%,5.40%,,100.00%,83.90%,16.10%,5.10%,0.70%,8.90%,0.90%,0.00%,0.50%,,(X),(X),,100.00%,25.50%,74.50%,True,25.7,3.3,61.6,0.1,0.6,5.7,True
Census Tract 78; Hudson County; New Jersey!!Percent,100.00%,7.00%,2.90%,2.40%,2.20%,8.80%,26.60%,18.20%,8.20%,4.60%,3.50%,2.90%,3.10%,2.40%,1.80%,1.60%,1.10%,1.20%,1.20%,,87.30%,86.40%,85.20%,8.70%,7.00%,100.00%,6.70%,3.40%,2.10%,1.90%,7.50%,29.80%,18.60%,8.60%,5.10%,3.50%,2.80%,3.40%,2.10%,1.40%,0.90%,0.80%,0.60%,0.90%,,87.50%,86.70%,85.70%,6.00%,4.60%,100.00%,7.40%,2.40%,2.80%,2.50%,10.20%,23.30%,17.70%,7.80%,4.10%,3.60%,3.10%,2.90%,2.80%,2.30%,2.40%,1.50%,1.80%,1.50%,,87.00%,86.10%,84.60%,11.50%,9.50%,,(X),(X),(X),,100.00%,93.10%,47.50%,12.00%,0.30%,25.80%,0.10%,7.40%,6.90%,,107.50%,53.30%,13.90%,0.80%,26.60%,0.30%,12.50%,,100.00%,16.30%,83.70%,,100.00%,16.30%,3.80%,0.80%,0.20%,0.10%,0.00%,6.80%,4.60%,83.70%,43.60%,11.20%,0.10%,25.80%,0.10%,0.60%,2.30%,,100.00%,97.50%,47.40%,10.50%,0.70%,5.70%,0.00%,15.40%,11.80%,1.00%,0.80%,2.70%,14.00%,2.50%,0.00%,0.00%,0.00%,2.50%,1.80%,0.70%,,100.00%,23.40%,8.00%,12.50%,0.70%,29.10%,14.90%,1.90%,3.10%,35.00%,20.80%,6.70%,4.40%,17.10%,12.40%,,100.00%,92.30%,7.70%,6.00%,0.80%,0.00%,0.00%,0.00%,0.90%,,(X),(X),,100.00%,0.90%,99.10%,False,43.6,11.2,25.8,0.1,0.6,16.3,False
Census Tract 101; Hudson County; New Jersey!!Percent,100.00%,6.00%,6.10%,6.70%,5.50%,6.40%,8.30%,7.80%,7.40%,6.90%,5.50%,6.50%,6.80%,6.10%,5.80%,3.30%,2.20%,1.30%,1.40%,,80.00%,77.50%,74.40%,17.50%,14.00%,100.00%,6.50%,6.00%,6.80%,5.80%,6.70%,8.80%,7.50%,7.60%,7.10%,5.50%,6.40%,6.90%,6.00%,5.90%,2.70%,1.70%,1.10%,1.00%,,79.50%,76.70%,73.80%,15.90%,12.40%,100.00%,5.60%,6.20%,6.60%,5.20%,6.10%,7.90%,8.10%,7.20%,6.70%,5.50%,6.50%,6.70%,6.20%,5.80%,3.90%,2.60%,1.50%,1.70%,,80.40%,78.20%,75.10%,19.00%,15.40%,,(X),(X),(X),,100.00%,88.20%,43.10%,13.50%,0.70%,15.50%,0.00%,15.40%,11.80%,,112.50%,53.00%,16.50%,1.40%,16.90%,0.20%,24.50%,,100.00%,29.80%,70.20%,,100.00%,29.80%,4.70%,1.30%,0.40%,0.20%,0.00%,14.40%,8.90%,70.20%,38.40%,12.20%,0.30%,15.30%,0.00%,1.00%,2.90%,,100.00%,99.90%,39.00%,15.10%,0.30%,2.20%,0.20%,31.30%,20.30%,1.80%,1.50%,7.10%,2.90%,0.10%,0.00%,0.00%,0.00%,0.10%,0.10%,0.00%,,100.00%,39.70%,16.70%,5.90%,2.10%,23.00%,15.70%,4.10%,2.10%,31.40%,15.50%,6.60%,7.10%,30.50%,27.40%,,100.00%,93.90%,6.10%,4.20%,0.20%,0.20%,0.00%,0.00%,1.50%,,(X),(X),,100.00%,32.70%,67.30%,False,38.4,12.2,15.3,0.3,1.0,29.8,False
Census Tract 102; Hudson County; New Jersey!!Percent,100.00%,6.50%,6.50%,7.00%,6.40%,7.40%,6.10%,7.70%,8.00%,6.10%,6.90%,5.90%,6.40%,5.40%,5.10%,3.80%,2.10%,1.20%,1.50%,,78.80%,76.10%,72.00%,16.90%,13.70%,100.00%,7.50%,7.10%,7.20%,5.60%,7.80%,6.80%,7.20%,7.90%,6.10%,7.00%,6.10%,5.90%,5.80%,4.30%,3.70%,1.60%,1.70%,0.60%,,77.20%,74.70%,71.10%,15.00%,11.90%,100.00%,5.60%,5.90%,6.70%,7.10%,7.10%,5.50%,8.20%,8.00%,6.10%,6.80%,5.70%,6.80%,5.10%,5.80%,3.90%,2.50%,0.80%,2.40%,,80.40%,77.30%,72.80%,18.60%,15.40%,,(X),(X),(X),,100.00%,87.90%,51.40%,10.60%,0.80%,10.10%,0.00%,15.00%,12.10%,,112.90%,60.90%,13.50%,1.90%,11.80%,0.60%,24.20%,,100.00%,28.60%,71.40%,,100.00%,28.60%,4.60%,1.00%,0.70%,0.10%,0.00%,13.50%,8.80%,71.40%,46.80%,9.60%,0.10%,10.00%,0.00%,1.50%,3.30%,,100.00%,100.00%,35.80%,16.10%,0.10%,2.10%,0.10%,35.20%,21.90%,2.00%,1.60%,6.70%,1.80%,0.00%,0.00%,0.00%,0.00%,0.00%,0.00%,0.00%,,100.00%,45.20%,20.80%,5.60%,2.20%,19.30%,12.30%,3.50%,1.80%,29.90%,13.40%,6.40%,7.00%,35.20%,29.00%,,100.00%,93.10%,6.90%,2.50%,1.20%,0.70%,0.10%,0.10%,2.20%,,(X),(X),,100.00%,39.50%,60.50%,True,46.8,9.6,10.0,0.1,1.5,28.6,False
Census Tract 103; Hudson County; New Jersey!!Percent,100.00%,5.30%,6.00%,7.30%,6.30%,6.70%,7.90%,6.90%,7.00%,7.00%,5.70%,6.90%,6.80%,6.20%,5.00%,4.10%,2.50%,1.40%,1.10%,,80.00%,77.80%,73.90%,17.60%,14.00%,100.00%,5.30%,6.40%,8.40%,7.00%,6.70%,8.10%,7.00%,6.10%,7.40%,5.50%,6.40%,7.20%,5.90%,4.60%,3.50%,2.30%,0.90%,1.30%,,77.90%,75.70%,71.80%,16.40%,12.70%,100.00%,5.30%,5.60%,6.20%,5.70%,6.80%,7.80%,6.90%,7.80%,6.70%,5.80%,7.30%,6.40%,6.50%,5.30%,4.60%,2.60%,1.80%,0.90%,,82.00%,79.80%,75.80%,18.70%,15.20%,,(X),(X),(X),,100.00%,84.70%,48.50%,10.20%,0.80%,8.90%,0.20%,16.20%,15.30%,,115.90%,60.90%,14.50%,1.90%,10.00%,0.60%,28.00%,,100.00%,34.20%,65.80%,,100.00%,34.20%,5.50%,1.30%,0.80%,0.20%,0.10%,15.30%,11.00%,65.80%,43.00%,8.90%,0.00%,8.70%,0.00%,0.90%,4.30%,,100.00%,99.80%,37.90%,14.90%,0.20%,2.50%,0.00%,32.40%,19.80%,2.00%,1.40%,7.20%,2.90%,0.20%,0.00%,0.00%,0.00%,0.20%,0.00%,0.20%,,100.00%,39.40%,18.30%,6.60%,2.30%,20.20%,12.10%,1.90%,1.60%,33.80%,16.20%,7.90%,7.10%,32.90%,29.50%,,100.00%,94.80%,5.20%,1.20%,1.10%,1.00%,0.00%,0.40%,1.50%,,(X),(X),,100.00%,34.10%,65.90%,True,43.0,8.9,8.7,0.0,0.9,34.2,False
Census Tract 104; Hudson County; New Jersey!!Percent,100.00%,7.00%,5.60%,5.10%,5.20%,5.10%,10.20%,12.00%,8.30%,6.70%,5.80%,5.50%,6.00%,4.90%,4.50%,3.10%,2.40%,1.20%,1.50%,,81.40%,79.50%,76.20%,15.40%,12.70%,100.00%,7.10%,5.70%,4.90%,4.90%,4.30%,10.70%,12.90%,9.10%,6.50%,6.30%,5.20%,6.20%,5.40%,4.40%,2.30%,2.00%,0.80%,1.30%,,81.30%,79.30%,76.30%,13.70%,10.90%,100.00%,6.80%,5.50%,5.30%,5.40%,5.90%,9.80%,11.10%,7.50%,6.90%,5.30%,5.70%,5.90%,4.50%,4.50%,3.90%,2.70%,1.60%,1.60%,,81.50%,79.60%,76.10%,17.00%,14.30%,,(X),(X),(X),,100.00%,89.10%,43.60%,10.60%,0.70%,21.40%,0.20%,12.70%,10.90%,,111.90%,53.10%,13.60%,1.90%,22.20%,0.20%,20.80%,,100.00%,26.00%,74.00%,,100.00%,26.00%,4.50%,0.70%,0.40%,0.10%,0.00%,11.90%,8.30%,74.00%,39.00%,9.90%,0.20%,21.40%,0.10%,0.70%,2.70%,,100.00%,99.80%,39.20%,17.20%,0.10%,2.60%,0.20%,28.60%,18.40%,1.70%,1.30%,6.70%,3.50%,0.20%,0.00%,0.00%,0.00%,0.20%,0.10%,0.10%,,100.00%,43.70%,20.10%,7.20%,2.10%,20.50%,13.10%,3.00%,1.80%,28.70%,14.10%,6.20%,4.90%,31.50%,25.50%,,100.00%,93.80%,6.20%,2.70%,0.40%,0.60%,0.00%,0.10%,2.50%,,(X),(X),,100.00%,31.60%,68.40%,True,39.0,9.9,21.4,0.2,0.7,26.0,False
Census Tract 105; Hudson County; New Jersey!!Percent,100.00%,5.30%,5.00%,5.90%,5.50%,5.60%,7.40%,7.40%,7.30%,6.60%,6.70%,6.90%,7.80%,6.70%,5.70%,4.00%,2.90%,1.80%,1.60%,,82.70%,80.80%,77.50%,19.80%,15.90%,100.00%,5.30%,5.10%,6.20%,5.40%,5.90%,7.90%,7.40%,7.50%,6.80%,6.20%,6.70%,8.20%,7.00%,5.50%,3.10%,2.80%,1.50%,1.40%,,82.10%,80.20%,77.00%,18.20%,14.30%,100.00%,5.20%,4.90%,5.50%,5.60%,5.20%,6.90%,7.30%,7.20%,6.40%,7.30%,7.20%,7.30%,6.50%,5.90%,4.80%,2.90%,2.00%,1.90%,,83.20%,81.30%,78.00%,21.30%,17.50%,,(X),(X),(X),,100.00%,89.20%,56.30%,8.80%,0.70%,10.80%,0.10%,12.60%,10.80%,,111.70%,65.90%,10.90%,1.90%,11.80%,0.20%,20.90%,,100.00%,25.40%,74.60%,,100.00%,25.40%,3.70%,0.80%,0.50%,0.20%,0.00%,11.60%,8.60%,74.60%,52.50%,8.00%,0.10%,10.70%,0.10%,1.00%,2.20%,,100.00%,99.10%,40.30%,16.90%,0.20%,2.20%,0.10%,29.70%,17.80%,1.10%,0.80%,6.40%,2.20%,0.90%,0.00%,0.00%,0.00%,0.90%,0.90%,0.00%,,100.00%,42.00%,16.30%,6.00%,2.60%,20.30%,14.60%,4.00%,1.60%,31.70%,18.10%,7.90%,5.40%,28.40%,28.90%,,100.00%,94.70%,5.30%,3.00%,0.00%,0.50%,0.00%,0.20%,1.60%,,(X),(X),,100.00%,44.10%,55.90%,False,52.5,8.0,10.7,0.1,1.0,25.4,False
Census Tract 106.01; Hudson County; New Jersey!!Percent,100.00%,4.40%,4.00%,4.20%,5.20%,4.10%,5.10%,6.10%,5.90%,5.60%,5.40%,7.40%,7.40%,8.00%,7.10%,7.60%,4.80%,4.20%,3.60%,,86.40%,84.30%,81.10%,31.70%,27.30%,100.00%,5.30%,5.20%,5.00%,6.40%,5.20%,6.20%,5.90%,5.90%,5.90%,4.80%,7.60%,7.50%,7.40%,7.40%,6.30%,3.50%,3.00%,1.70%,,83.10%,80.60%,76.50%,25.60%,22.00%,100.00%,3.60%,3.00%,3.50%,4.20%,3.30%,4.20%,6.20%,5.90%,5.40%,5.90%,7.30%,7.30%,8.50%,6.80%,8.70%,5.90%,5.20%,5.10%,,89.10%,87.40%,84.90%,36.90%,31.80%,,(X),(X),(X),,100.00%,87.60%,55.00%,9.00%,0.50%,9.20%,0.00%,13.90%,12.40%,,113.50%,65.90%,11.30%,1.60%,10.30%,0.20%,24.20%,,100.00%,29.00%,71.00%,,100.00%,29.00%,4.50%,1.00%,0.30%,0.10%,0.00%,13.20%,10.00%,71.00%,50.50%,8.00%,0.20%,9.20%,0.00%,0.70%,2.40%,,100.00%,100.00%,49.90%,14.10%,0.10%,1.90%,0.10%,24.10%,14.00%,1.40%,1.00%,6.30%,2.10%,0.00%,0.00%,0.00%,0.00%,0.00%,0.00%,0.00%,,100.00%,28.40%,10.60%,4.10%,0.90%,22.90%,20.00%,9.40%,0.30%,44.60%,31.50%,21.20%,3.80%,17.50%,45.20%,,100.00%,95.00%,5.00%,3.30%,0.00%,0.90%,0.10%,0.00%,0.70%,,(X),(X),,100.00%,29.80%,70.20%,False,50.5,8.0,9.2,0.2,0.7,29.0,False
Census Tract 106.02; Hudson County; New Jersey!!Percent,100.00%,6.10%,7.50%,6.00%,6.20%,5.60%,7.00%,9.30%,7.60%,6.70%,6.40%,6.50%,5.90%,5.70%,4.40%,3.30%,2.20%,1.60%,1.80%,,79.20%,76.90%,73.20%,17.00%,13.30%,100.00%,6.80%,7.80%,7.00%,6.20%,6.00%,7.40%,8.60%,8.30%,6.40%,6.20%,6.80%,5.50%,5.80%,4.10%,2.90%,1.80%,1.20%,1.10%,,77.20%,75.00%,71.20%,14.60%,11.10%,100.00%,5.60%,7.20%,5.10%,6.20%,5.20%,6.70%,10.00%,7.00%,7.10%,6.60%,6.10%,6.40%,5.60%,4.60%,3.70%,2.60%,2.00%,2.40%,,81.00%,78.60%,75.00%,19.20%,15.30%,,(X),(X),(X),,100.00%,86.70%,52.80%,8.50%,0.50%,8.80%,0.00%,16.10%,13.30%,,114.40%,64.00%,11.90%,1.70%,10.10%,0.40%,26.30%,,100.00%,32.90%,67.10%,,100.00%,32.90%,5.40%,1.20%,0.50%,0.30%,0.00%,15.30%,10.30%,67.10%,47.40%,7.30%,0.00%,8.50%,0.00%,0.90%,3.00%,,100.00%,99.80%,36.70%,14.40%,0.20%,2.90%,0.20%,33.40%,20.70%,2.40%,1.80%,7.20%,2.30%,0.20%,0.00%,0.00%,0.00%,0.20%,0.10%,0.10%,,100.00%,40.10%,19.10%,8.50%,3.70%,19.40%,12.60%,2.40%,1.30%,32.00%,15.40%,7.90%,7.30%,35.00%,27.10%,,100.00%,93.50%,6.50%,2.60%,0.40%,0.20%,0.10%,0.40%,2.90%,,(X),(X),,100.00%,35.70%,64.30%,False,47.4,7.3,8.5,0.0,0.9,32.9,False
Census Tract 107.01; Hudson County; New Jersey!!Percent,100.00%,6.30%,5.80%,6.10%,5.20%,6.50%,8.80%,8.10%,7.80%,7.50%,5.10%,6.80%,7.10%,6.50%,4.70%,2.80%,2.00%,1.20%,1.60%,,80.90%,79.10%,74.50%,16.30%,12.30%,100.00%,6.80%,5.80%,6.10%,6.30%,6.90%,8.80%,8.10%,7.80%,7.30%,5.70%,6.50%,5.80%,6.90%,4.50%,2.80%,2.10%,0.70%,1.10%,,80.30%,78.10%,72.40%,15.40%,11.30%,100.00%,5.90%,5.80%,6.10%,4.20%,6.00%,8.70%,8.20%,7.70%,7.70%,4.70%,7.10%,8.40%,6.10%,4.80%,2.80%,2.00%,1.60%,2.00%,,81.60%,80.10%,76.40%,17.20%,13.30%,,(X),(X),(X),,100.00%,86.20%,50.70%,9.00%,0.40%,8.80%,0.00%,17.20%,13.80%,,115.40%,62.70%,13.10%,2.00%,9.60%,0.20%,27.70%,,100.00%,35.00%,65.00%,,100.00%,35.00%,6.00%,1.70%,0.40%,0.10%,0.00%,16.70%,10.10%,65.00%,44.70%,7.30%,0.00%,8.70%,0.00%,0.50%,3.60%,,100.00%,100.00%,38.60%,15.00%,0.30%,2.10%,0.20%,33.20%,19.20%,1.70%,1.10%,5.80%,3.10%,0.00%,0.00%,0.00%,0.00%,0.00%,0.00%,0.00%,,100.00%,39.50%,18.20%,5.90%,2.30%,20.50%,12.10%,2.70%,1.80%,34.20%,14.40%,5.70%,7.10%,33.00%,25.70%,,100.00%,94.30%,5.70%,2.50%,0.10%,0.50%,0.60%,0.00%,2.10%,,(X),(X),,100.00%,35.10%,64.90%,True,44.7,7.3,8.7,0.0,0.5,35.0,False
Census Tract 107.02; Hudson County; New Jersey!!Percent,100.00%,5.80%,7.10%,7.60%,7.90%,6.70%,6.20%,8.00%,6.50%,8.30%,5.40%,5.70%,5.50%,5.40%,4.60%,2.80%,2.50%,1.90%,2.10%,,77.90%,74.60%,69.30%,17.50%,13.90%,100.00%,6.90%,9.10%,8.10%,7.90%,7.10%,8.10%,7.40%,5.50%,8.50%,4.50%,5.80%,4.60%,5.90%,3.50%,2.20%,2.50%,1.90%,0.70%,,74.60%,71.10%,65.90%,14.40%,10.70%,100.00%,4.70%,5.30%,7.10%,7.80%,6.30%,4.50%,8.60%,7.50%,8.00%,6.30%,5.70%,6.30%,5.00%,5.70%,3.30%,2.50%,2.00%,3.30%,,80.90%,77.70%,72.40%,20.30%,16.80%,,(X),(X),(X),,100.00%,88.10%,50.80%,10.80%,1.00%,7.40%,0.20%,17.90%,11.90%,,112.50%,60.40%,15.00%,2.10%,8.80%,0.40%,25.90%,,100.00%,33.90%,66.10%,,100.00%,33.90%,5.70%,1.20%,0.80%,0.10%,0.10%,16.90%,9.20%,66.10%,45.10%,9.60%,0.30%,7.20%,0.10%,1.00%,2.80%,,100.00%,98.50%,36.40%,14.10%,0.10%,2.10%,0.30%,36.50%,23.40%,1.80%,1.40%,5.20%,1.90%,1.50%,1.50%,0.60%,0.90%,0.00%,0.00%,0.00%,,100.00%,39.50%,18.80%,6.70%,3.00%,16.90%,9.30%,2.90%,3.20%,36.90%,17.30%,8.70%,12.40%,38.40%,26.80%,,100.00%,92.90%,7.10%,2.80%,1.10%,0.40%,0.50%,0.00%,2.30%,,(X),(X),,100.00%,25.10%,74.90%,True,45.1,9.6,7.2,0.3,1.0,33.9,False
Census Tract 108; Hudson County; New Jersey!!Percent,100.00%,6.30%,6.90%,6.60%,5.90%,6.80%,6.80%,9.10%,7.00%,7.70%,6.20%,6.40%,6.60%,5.00%,4.40%,3.90%,2.20%,1.40%,0.90%,,79.30%,76.50%,72.80%,15.50%,12.70%,100.00%,6.30%,7.10%,7.90%,6.00%,7.40%,6.60%,9.40%,7.10%,7.90%,6.00%,6.00%,6.80%,4.40%,3.90%,3.40%,1.90%,1.00%,1.00%,,77.70%,74.70%,70.60%,13.90%,11.10%,100.00%,6.20%,6.70%,5.20%,5.80%,6.20%,7.10%,8.70%,7.00%,7.50%,6.30%,6.80%,6.50%,5.70%,4.80%,4.30%,2.50%,1.80%,0.80%,,81.00%,78.40%,75.00%,17.10%,14.30%,,(X),(X),(X),,100.00%,86.00%,46.50%,8.10%,0.40%,10.90%,0.00%,20.10%,14.00%,,114.90%,58.10%,12.90%,1.20%,11.80%,0.20%,30.70%,,100.00%,37.20%,62.80%,,100.00%,37.20%,6.10%,0.70%,0.40%,0.10%,0.00%,19.20%,10.80%,62.80%,40.50%,7.40%,0.00%,10.80%,0.00%,0.90%,3.20%,,100.00%,99.80%,37.00%,15.20%,0.30%,2.40%,0.10%,33.10%,21.10%,1.50%,1.10%,6.80%,3.40%,0.20%,0.00%,0.00%,0.00%,0.20%,0.10%,0.10%,,100.00%,42.60%,18.30%,7.20%,3.10%,21.40%,12.70%,3.30%,2.90%,28.90%,12.60%,4.90%,7.50%,36.20%,25.50%,,100.00%,93.50%,6.50%,2.40%,0.50%,0.20%,0.10%,0.10%,3.10%,,(X),(X),,100.00%,39.20%,60.80%,False,40.5,7.4,10.8,0.0,0.9,37.2,False
Census Tract 109; Hudson County; New Jersey!!Percent,100.00%,5.10%,5.30%,5.20%,4.10%,6.80%,8.00%,9.70%,8.10%,6.10%,5.90%,6.20%,7.10%,5.60%,6.80%,4.00%,2.70%,1.40%,1.90%,,83.40%,81.80%,79.30%,20.10%,16.80%,100.00%,4.90%,5.80%,6.40%,4.50%,6.80%,8.00%,8.50%,8.00%,5.80%,6.50%,6.80%,7.90%,5.40%,7.00%,4.20%,2.00%,0.60%,0.70%,,81.60%,80.20%,77.20%,17.70%,14.50%,100.00%,5.30%,4.80%,3.90%,3.70%,6.80%,8.00%,11.00%,8.30%,6.30%,5.10%,5.60%,6.30%,5.70%,6.70%,3.80%,3.40%,2.30%,3.10%,,85.20%,83.50%,81.40%,22.60%,19.20%,,(X),(X),(X),,100.00%,88.80%,48.60%,14.10%,0.30%,10.00%,0.00%,15.80%,11.20%,,112.00%,57.90%,17.50%,1.60%,10.50%,0.20%,24.30%,,100.00%,28.80%,71.20%,,100.00%,28.80%,4.60%,1.40%,0.30%,0.00%,0.00%,14.60%,7.70%,71.20%,43.90%,12.70%,0.00%,9.90%,0.00%,1.20%,3.50%,,100.00%,99.60%,47.20%,13.20%,0.40%,2.40%,0.40%,25.50%,16.70%,0.90%,0.70%,6.10%,3.50%,0.40%,0.00%,0.00%,0.00%,0.40%,0.40%,0.00%,,100.00%,29.20%,12.00%,5.90%,1.60%,33.20%,24.90%,7.00%,1.70%,31.70%,19.10%,8.90%,5.50%,23.60%,27.10%,,100.00%,90.60%,9.40%,4.90%,0.60%,0.50%,0.20%,0.20%,2.90%,,(X),(X),,100.00%,12.50%,87.50%,True,43.9,12.7,9.9,0.0,1.2,28.8,False
Census Tract 110; Hudson County; New Jersey!!Percent,100.00%,7.40%,6.90%,7.40%,6.80%,6.00%,7.60%,9.20%,7.70%,7.60%,6.50%,5.90%,5.20%,5.20%,4.40%,2.80%,1.70%,0.90%,1.10%,,76.70%,74.00%,70.50%,14.30%,10.80%,100.00%,9.20%,7.20%,8.80%,6.60%,5.20%,6.90%,9.00%,7.60%,7.60%,6.40%,5.80%,5.20%,4.30%,4.00%,3.50%,1.10%,0.90%,0.60%,,72.70%,70.00%,66.90%,13.00%,10.20%,100.00%,5.60%,6.60%,6.00%,6.90%,6.70%,8.20%,9.50%,7.80%,7.60%,6.60%,6.00%,5.20%,6.00%,4.70%,2.00%,2.30%,0.90%,1.50%,,80.70%,78.00%,74.20%,15.50%,11.50%,,(X),(X),(X),,100.00%,89.40%,37.20%,18.40%,0.90%,13.40%,0.00%,19.50%,10.60%,,111.00%,45.60%,21.50%,2.00%,14.40%,0.10%,27.50%,,100.00%,33.30%,66.70%,,100.00%,33.30%,3.60%,2.30%,0.90%,0.10%,0.00%,18.40%,7.90%,66.70%,33.60%,16.10%,0.00%,13.30%,0.00%,1.10%,2.60%,,100.00%,100.00%,36.20%,15.00%,0.20%,2.40%,0.00%,33.90%,22.80%,2.00%,1.90%,7.90%,2.40%,0.00%,0.00%,0.00%,0.00%,0.00%,0.00%,0.00%,,100.00%,41.60%,21.50%,7.10%,3.20%,19.80%,12.80%,2.70%,2.30%,31.40%,13.40%,4.50%,7.90%,38.10%,22.10%,,100.00%,88.30%,11.70%,9.40%,0.00%,0.50%,0.10%,0.20%,1.50%,,(X),(X),,100.00%,21.50%,78.50%,True,33.6,16.1,13.3,0.0,1.1,33.3,False
Census Tract 111; Hudson County; New Jersey!!Percent,100.00%,7.40%,7.30%,7.90%,5.60%,6.60%,8.20%,8.60%,8.50%,6.90%,6.30%,5.50%,5.90%,5.50%,3.80%,2.10%,2.00%,0.90%,1.20%,,76.30%,74.30%,70.40%,12.90%,9.90%,100.00%,7.70%,8.20%,8.10%,5.70%,7.00%,8.10%,8.00%,8.20%,7.20%,6.20%,5.50%,5.30%,5.90%,3.60%,1.80%,1.90%,0.70%,0.90%,,74.80%,73.20%,69.00%,12.20%,8.90%,100.00%,7.00%,6.50%,7.70%,5.50%,6.20%,8.30%,9.20%,8.80%,6.60%,6.30%,5.50%,6.40%,5.00%,4.00%,2.40%,2.10%,1.00%,1.50%,,77.70%,75.40%,71.80%,13.60%,10.90%,,(X),(X),(X),,100.00%,87.30%,43.20%,15.00%,0.60%,6.00%,0.00%,22.60%,12.70%,,113.90%,54.00%,17.90%,2.00%,7.00%,0.50%,32.60%,,100.00%,40.00%,60.00%,,100.00%,40.00%,6.00%,1.80%,0.50%,0.10%,0.00%,21.60%,9.90%,60.00%,37.20%,13.20%,0.00%,5.90%,0.00%,0.90%,2.80%,,100.00%,100.00%,36.20%,14.20%,0.10%,2.50%,0.10%,35.20%,23.60%,1.40%,1.30%,7.80%,2.40%,0.00%,0.00%,0.00%,0.00%,0.00%,0.00%,0.00%,,100.00%,39.00%,19.50%,7.50%,3.80%,22.10%,12.90%,3.70%,2.30%,31.40%,12.10%,3.70%,9.10%,37.80%,22.60%,,100.00%,93.20%,6.80%,3.90%,0.10%,0.40%,0.40%,0.00%,2.00%,,(X),(X),,100.00%,19.40%,80.60%,False,37.2,13.2,5.9,0.0,0.9,40.0,False
Census Tract 112; Hudson County; New Jersey!!Percent,100.00%,6.10%,5.60%,6.20%,7.00%,6.50%,6.90%,7.60%,7.20%,6.40%,6.70%,6.80%,6.30%,6.80%,4.50%,4.20%,2.30%,1.30%,1.40%,,80.60%,77.60%,73.70%,17.40%,13.70%,100.00%,6.20%,6.40%,6.60%,7.50%,6.60%,7.40%,7.20%,7.20%,6.40%,6.10%,7.10%,6.10%,6.30%,4.60%,3.90%,2.20%,1.10%,1.00%,,79.00%,76.10%,72.00%,16.30%,12.80%,100.00%,6.10%,4.90%,5.90%,6.60%,6.40%,6.50%,8.00%,7.20%,6.40%,7.20%,6.40%,6.50%,7.30%,4.40%,4.60%,2.40%,1.60%,1.70%,,82.00%,79.00%,75.30%,18.50%,14.60%,,(X),(X),(X),,100.00%,88.80%,60.10%,8.20%,0.30%,8.00%,0.00%,12.20%,11.20%,,111.80%,69.50%,11.20%,0.90%,8.80%,0.10%,21.20%,,100.00%,26.20%,73.80%,,100.00%,26.20%,4.60%,1.00%,0.20%,0.10%,0.00%,11.40%,8.90%,73.80%,55.50%,7.20%,0.10%,7.80%,0.00%,0.90%,2.30%,,100.00%,100.00%,36.60%,16.60%,0.20%,1.90%,0.20%,32.90%,20.20%,1.70%,1.30%,6.90%,3.10%,0.00%,0.00%,0.00%,0.00%,0.00%,0.00%,0.00%,,100.00%,45.90%,20.60%,5.70%,2.50%,18.50%,10.10%,3.20%,2.30%,29.80%,13.40%,6.00%,6.10%,34.50%,28.80%,,100.00%,94.60%,5.40%,1.20%,0.20%,0.70%,0.10%,0.10%,3.00%,,(X),(X),,100.00%,48.20%,51.80%,True,55.5,7.2,7.8,0.1,0.9,26.2,False
Census Tract 113; Hudson County; New Jersey!!Percent,100.00%,6.00%,7.70%,6.20%,6.50%,6.00%,6.70%,9.80%,8.80%,7.00%,5.60%,5.70%,5.70%,5.90%,4.50%,3.70%,1.70%,1.10%,1.40%,,78.80%,76.10%,72.90%,15.90%,12.40%,100.00%,5.90%,8.60%,6.50%,7.60%,6.10%,5.20%,10.80%,8.50%,6.80%,6.30%,5.40%,5.50%,5.90%,4.70%,2.90%,1.70%,0.70%,0.80%,,77.50%,74.90%,70.90%,13.80%,10.90%,100.00%,6.10%,6.80%,6.00%,5.40%,5.80%,8.10%,8.90%,9.20%,7.20%,5.00%,5.80%,6.00%,5.90%,4.40%,4.50%,1.70%,1.40%,1.80%,,80.00%,77.30%,74.70%,17.80%,13.80%,,(X),(X),(X),,100.00%,85.90%,49.30%,12.20%,1.10%,7.40%,0.00%,16.00%,14.10%,,115.00%,60.90%,15.80%,2.00%,8.60%,0.20%,27.50%,,100.00%,37.10%,62.90%,,100.00%,37.10%,7.50%,1.80%,1.00%,0.30%,0.00%,14.80%,11.80%,62.90%,41.80%,10.40%,0.10%,7.20%,0.00%,1.20%,2.30%,,100.00%,99.90%,39.60%,13.90%,0.10%,2.90%,0.20%,32.90%,22.20%,1.00%,0.70%,6.50%,2.90%,0.10%,0.00%,0.00%,0.00%,0.10%,0.00%,0.00%,,100.00%,35.50%,17.80%,7.00%,2.20%,21.70%,13.90%,4.40%,1.60%,35.80%,17.30%,8.00%,9.40%,33.10%,26.70%,,100.00%,94.10%,5.90%,1.80%,0.70%,0.50%,0.40%,0.10%,2.50%,,(X),(X),,100.00%,32.30%,67.70%,True,41.8,10.4,7.2,0.1,1.2,37.1,False
Census Tract 114; Hudson County; New Jersey!!Percent,100.00%,5.20%,6.10%,6.10%,5.90%,5.60%,7.60%,8.40%,7.80%,6.10%,6.60%,6.10%,6.80%,7.00%,5.10%,4.00%,2.20%,1.50%,2.00%,,81.30%,79.40%,75.80%,18.80%,14.80%,100.00%,4.80%,5.80%,6.70%,6.50%,5.70%,7.60%,8.90%,7.70%,5.80%,6.50%,6.10%,6.70%,7.60%,5.20%,3.30%,1.90%,1.50%,1.80%,,81.30%,79.50%,75.10%,17.80%,13.70%,100.00%,5.60%,6.30%,5.50%,5.40%,5.50%,7.50%,8.00%,7.90%,6.40%,6.70%,6.10%,6.90%,6.40%,5.00%,4.50%,2.60%,1.50%,2.30%,,81.40%,79.30%,76.40%,19.70%,15.80%,,(X),(X),(X),,100.00%,88.20%,57.00%,11.10%,0.20%,6.40%,0.00%,13.60%,11.80%,,112.50%,67.00%,14.00%,0.80%,7.50%,0.20%,23.00%,,100.00%,30.10%,69.90%,,100.00%,30.10%,5.70%,1.40%,0.20%,0.30%,0.00%,13.20%,9.40%,69.90%,51.30%,9.70%,0.00%,6.10%,0.00%,0.40%,2.40%,,100.00%,98.70%,37.30%,16.10%,0.30%,2.60%,0.10%,30.60%,18.70%,1.40%,1.10%,7.10%,3.10%,1.30%,1.20%,0.50%,0.70%,0.10%,0.10%,0.00%,,100.00%,43.70%,19.10%,7.80%,3.40%,18.60%,10.40%,2.80%,2.00%,29.90%,14.70%,6.50%,5.60%,33.50%,28.60%,,100.00%,93.30%,6.70%,3.30%,0.00%,0.30%,0.50%,0.20%,2.40%,,(X),(X),,100.00%,42.60%,57.40%,True,51.3,9.7,6.1,0.0,0.4,30.1,False
Census Tract 115; Hudson County; New Jersey!!Percent,100.00%,5.00%,6.10%,5.50%,5.70%,6.90%,7.10%,6.60%,6.70%,5.40%,7.30%,7.40%,8.10%,8.00%,5.20%,3.80%,2.20%,1.50%,1.60%,,82.30%,80.00%,76.00%,19.30%,14.30%,100.00%,5.60%,5.80%,5.30%,6.40%,7.00%,7.60%,6.70%,6.60%,4.90%,7.70%,6.80%,8.60%,8.20%,5.30%,3.50%,2.00%,1.30%,0.90%,,82.10%,79.90%,75.10%,17.80%,13.00%,100.00%,4.50%,6.40%,5.60%,5.00%,6.80%,6.60%,6.50%,6.90%,5.80%,7.00%,7.90%,7.70%,7.70%,5.20%,4.10%,2.40%,1.70%,2.20%,,82.40%,80.10%,76.80%,20.60%,15.60%,,(X),(X),(X),,100.00%,87.40%,60.90%,7.30%,0.50%,5.60%,0.00%,13.20%,12.60%,,113.70%,72.20%,9.90%,1.40%,6.40%,0.30%,23.40%,,100.00%,28.80%,71.20%,,100.00%,28.80%,5.10%,0.90%,0.40%,0.10%,0.00%,12.60%,9.70%,71.20%,55.70%,6.30%,0.10%,5.40%,0.00%,0.70%,2.90%,,100.00%,100.00%,38.80%,16.60%,0.20%,2.20%,0.20%,30.90%,17.20%,2.30%,2.10%,6.70%,2.00%,0.00%,0.00%,0.00%,0.00%,0.00%,0.00%,0.00%,,100.00%,43.80%,16.20%,6.30%,2.50%,20.20%,12.80%,3.20%,1.50%,29.70%,16.50%,8.90%,5.10%,28.70%,31.00%,,100.00%,94.90%,5.10%,1.30%,0.00%,0.10%,0.50%,0.10%,3.10%,,(X),(X),,100.00%,50.50%,49.50%,True,55.7,6.3,5.4,0.1,0.7,28.8,False
Census Tract 116; Hudson County; New Jersey!!Percent,100.00%,5.60%,6.40%,7.90%,6.60%,6.20%,6.30%,6.60%,7.10%,6.70%,6.80%,6.70%,7.40%,6.80%,5.40%,3.40%,1.60%,1.30%,1.50%,,78.60%,75.70%,72.10%,17.40%,13.10%,100.00%,6.10%,7.90%,9.30%,6.90%,6.90%,6.50%,6.40%,6.40%,5.90%,6.10%,5.80%,7.20%,7.00%,4.90%,3.40%,1.30%,1.10%,0.90%,,75.30%,72.00%,68.00%,15.80%,11.60%,100.00%,5.20%,5.00%,6.60%,6.40%,5.60%,6.00%,6.80%,7.70%,7.40%,7.40%,7.50%,7.50%,6.60%,5.80%,3.40%,1.80%,1.50%,1.90%,,81.60%,79.10%,75.90%,18.80%,14.50%,,(X),(X),(X),,100.00%,89.00%,51.00%,17.60%,0.20%,4.50%,0.00%,15.60%,11.00%,,111.90%,60.00%,20.90%,1.30%,5.30%,0.10%,24.20%,,100.00%,29.80%,70.20%,,100.00%,29.80%,4.70%,1.80%,0.20%,0.20%,0.00%,14.90%,8.00%,70.20%,46.30%,15.80%,0.00%,4.30%,0.00%,0.70%,3.00%,,100.00%,99.90%,40.40%,13.40%,0.20%,2.40%,0.10%,33.60%,21.40%,2.40%,1.90%,5.70%,1.80%,0.10%,0.00%,0.00%,0.00%,0.10%,0.10%,0.00%,,100.00%,33.30%,13.90%,6.30%,2.40%,21.50%,15.40%,3.40%,1.40%,38.80%,16.20%,7.80%,10.70%,32.20%,27.60%,,100.00%,95.20%,4.80%,1.70%,0.60%,0.30%,0.00%,0.20%,2.00%,,(X),(X),,100.00%,30.40%,69.60%,False,46.3,15.8,4.3,0.0,0.7,29.8,False
Census Tract 123; Hudson County; New Jersey!!Percent,100.00%,4.00%,5.50%,5.10%,5.60%,6.70%,6.30%,7.60%,6.90%,6.80%,7.10%,6.40%,7.10%,7.80%,5.20%,4.00%,2.80%,2.50%,2.60%,,83.90%,81.90%,78.80%,21.80%,17.20%,100.00%,4.10%,4.90%,6.10%,6.20%,5.90%,6.60%,7.90%,6.90%,7.00%,6.60%,6.50%,6.00%,7.90%,5.70%,3.60%,2.40%,3.00%,2.80%,,83.10%,81.50%,77.70%,22.20%,17.50%,100.00%,3.80%,6.00%,4.20%,5.00%,7.40%,6.00%,7.40%,6.90%,6.60%,7.60%,6.30%,8.10%,7.80%,4.80%,4.40%,3.20%,2.10%,2.50%,,84.60%,82.30%,79.70%,21.40%,17.00%,,(X),(X),(X),,100.00%,76.30%,45.50%,2.60%,0.80%,5.60%,0.00%,21.70%,23.70%,,124.40%,67.00%,4.90%,2.00%,6.50%,0.40%,43.70%,,100.00%,46.30%,53.70%,,100.00%,46.30%,7.20%,0.50%,0.70%,0.30%,0.00%,19.30%,18.30%,53.70%,38.20%,2.10%,0.10%,5.30%,0.00%,2.40%,5.50%,,100.00%,100.00%,40.80%,17.60%,0.10%,2.50%,0.20%,28.00%,16.30%,1.30%,1.00%,7.50%,2.10%,0.00%,0.00%,0.00%,0.00%,0.00%,0.00%,0.00%,,100.00%,42.90%,15.20%,6.70%,1.90%,20.70%,14.70%,4.20%,1.40%,29.80%,15.70%,6.50%,5.10%,27.80%,31.60%,,100.00%,96.70%,3.30%,1.60%,0.40%,0.00%,0.00%,0.00%,1.40%,,(X),(X),,100.00%,35.70%,64.30%,False,38.2,2.1,5.3,0.1,2.4,46.3,False
Census Tract 124; Hudson County; New Jersey!!Percent,100.00%,4.70%,4.50%,6.60%,5.40%,5.90%,5.60%,5.80%,6.60%,6.40%,7.30%,7.00%,8.10%,7.20%,6.60%,5.20%,3.30%,1.60%,2.10%,,82.90%,80.50%,77.30%,23.00%,18.80%,100.00%,4.50%,4.90%,7.20%,6.40%,6.70%,5.60%,6.00%,6.90%,6.60%,7.00%,6.80%,8.10%,6.50%,6.70%,4.30%,2.90%,1.30%,1.80%,,81.50%,79.00%,75.70%,20.50%,16.90%,100.00%,5.00%,4.20%,6.00%,4.60%,5.20%,5.70%,5.60%,6.30%,6.30%,7.60%,7.10%,8.10%,7.80%,6.60%,6.10%,3.60%,1.90%,2.40%,,84.20%,82.00%,78.90%,25.40%,20.50%,,(X),(X),(X),,100.00%,84.90%,63.90%,1.70%,0.60%,5.50%,0.00%,13.20%,15.10%,,115.60%,77.90%,2.90%,1.50%,6.50%,0.10%,26.70%,,100.00%,31.00%,69.00%,,100.00%,31.00%,5.90%,0.70%,0.60%,0.20%,0.00%,11.90%,11.70%,69.00%,58.00%,1.10%,0.00%,5.30%,0.00%,1.30%,3.30%,,100.00%,99.30%,35.20%,20.70%,0.20%,1.80%,0.10%,31.70%,17.90%,1.30%,1.00%,6.40%,1.80%,0.70%,0.00%,0.00%,0.00%,0.70%,0.20%,0.60%,,100.00%,59.10%,22.60%,5.00%,1.60%,13.40%,8.00%,3.20%,1.50%,22.50%,10.10%,5.50%,4.00%,32.50%,35.40%,,100.00%,96.20%,3.80%,1.10%,0.00%,0.10%,0.20%,0.30%,2.20%,,(X),(X),,100.00%,71.10%,28.90%,False,58.0,1.1,5.3,0.0,1.3,31.0,False
Census Tract 125; Hudson County; New Jersey!!Percent,100.00%,4.10%,4.70%,6.10%,6.90%,7.00%,6.60%,5.70%,7.10%,6.70%,6.80%,7.60%,6.90%,7.50%,6.00%,4.10%,2.50%,1.90%,1.70%,,83.80%,81.20%,76.40%,20.20%,16.20%,100.00%,4.00%,4.50%,7.20%,7.40%,7.90%,6.70%,6.00%,7.10%,6.40%,6.50%,8.10%,6.60%,7.50%,5.30%,3.80%,1.90%,1.80%,1.10%,,82.70%,80.20%,74.50%,17.90%,13.90%,100.00%,4.10%,5.00%,5.10%,6.40%,6.10%,6.50%,5.50%,7.10%,6.90%,7.00%,7.00%,7.20%,7.50%,6.70%,4.40%,3.00%,2.00%,2.30%,,84.80%,82.10%,78.10%,22.30%,18.40%,,(X),(X),(X),,100.00%,80.40%,54.90%,1.90%,0.60%,4.60%,0.30%,18.10%,19.60%,,120.50%,72.80%,3.80%,1.60%,5.90%,0.50%,35.90%,,100.00%,37.70%,62.30%,,100.00%,37.70%,6.20%,0.60%,0.40%,0.00%,0.00%,16.50%,14.00%,62.30%,48.70%,1.30%,0.20%,4.60%,0.20%,1.60%,5.60%,,100.00%,98.50%,35.80%,18.00%,0.10%,1.70%,0.00%,30.10%,15.80%,2.30%,1.80%,7.90%,2.70%,1.50%,0.00%,0.00%,0.00%,1.50%,1.10%,0.40%,,100.00%,51.60%,19.70%,4.80%,1.40%,15.50%,7.70%,2.60%,1.20%,28.10%,10.30%,5.10%,5.90%,32.90%,33.00%,,100.00%,96.30%,3.70%,0.50%,0.20%,0.40%,0.00%,0.20%,2.40%,,(X),(X),,100.00%,60.30%,39.70%,False,48.7,1.3,4.6,0.2,1.6,37.7,False
Census Tract 126; Hudson County; New Jersey!!Percent,100.00%,5.50%,6.40%,6.20%,5.80%,6.40%,7.30%,7.90%,8.30%,6.50%,6.40%,7.00%,7.70%,6.70%,4.30%,2.70%,2.00%,1.20%,1.60%,,80.90%,78.70%,75.00%,15.10%,11.80%,100.00%,6.20%,6.90%,6.20%,5.70%,7.10%,7.20%,7.20%,9.00%,6.50%,6.40%,7.00%,7.50%,6.30%,4.00%,2.70%,1.30%,1.10%,1.70%,,79.80%,77.40%,73.60%,13.70%,10.80%,100.00%,4.90%,5.90%,6.20%,5.90%,5.80%,7.40%,8.50%,7.60%,6.50%,6.50%,7.10%,7.90%,7.00%,4.60%,2.70%,2.70%,1.40%,1.40%,,82.00%,79.90%,76.30%,16.40%,12.80%,,(X),(X),(X),,100.00%,78.20%,46.70%,2.20%,0.70%,4.30%,0.10%,24.30%,21.80%,,123.10%,66.50%,4.80%,2.50%,5.40%,0.40%,43.60%,,100.00%,45.00%,55.00%,,100.00%,45.00%,6.00%,0.70%,0.70%,0.30%,0.00%,21.00%,16.30%,55.00%,40.70%,1.50%,0.00%,4.00%,0.10%,3.30%,5.50%,,100.00%,99.90%,35.30%,16.90%,0.10%,1.80%,0.10%,32.10%,19.00%,2.00%,1.20%,8.30%,3.30%,0.10%,0.00%,0.00%,0.00%,0.10%,0.10%,0.00%,,100.00%,47.90%,21.50%,5.40%,2.30%,18.20%,9.10%,2.40%,2.40%,28.50%,11.60%,4.80%,6.30%,37.10%,24.00%,,100.00%,96.10%,3.90%,1.40%,0.30%,0.40%,0.20%,0.10%,1.50%,,(X),(X),,100.00%,39.50%,60.50%,False,40.7,1.5,4.0,0.0,3.3,45.0,False
Census Tract 127; Hudson County; New Jersey!!Percent,100.00%,4.00%,4.20%,4.30%,5.90%,6.90%,9.10%,8.80%,9.00%,7.90%,6.80%,6.30%,6.40%,5.90%,4.40%,4.00%,2.50%,2.00%,1.70%,,86.60%,84.40%,80.50%,17.90%,14.50%,100.00%,3.50%,3.70%,4.00%,5.70%,8.30%,10.60%,9.90%,10.20%,8.50%,7.70%,6.30%,5.30%,5.10%,3.70%,2.90%,2.00%,1.40%,1.10%,,88.00%,86.20%,81.70%,14.30%,11.10%,100.00%,4.60%,4.90%,4.70%,6.20%,5.20%,7.30%,7.40%,7.60%,7.10%,5.70%,6.20%,7.60%,6.90%,5.20%,5.20%,3.10%,2.70%,2.40%,,85.00%,82.10%,79.00%,22.40%,18.60%,,(X),(X),(X),,100.00%,83.60%,43.40%,8.50%,0.50%,3.90%,0.10%,27.20%,16.40%,,116.90%,58.80%,9.80%,1.30%,4.60%,0.20%,42.30%,,100.00%,42.20%,57.80%,,100.00%,42.20%,5.10%,0.30%,0.30%,0.10%,0.00%,24.40%,11.90%,57.80%,38.30%,8.20%,0.10%,3.80%,0.10%,2.80%,4.50%,,100.00%,82.80%,32.50%,14.00%,0.10%,2.00%,0.10%,24.60%,14.10%,1.10%,0.70%,5.70%,2.70%,17.20%,17.20%,15.90%,1.20%,0.00%,0.00%,0.00%,,100.00%,43.80%,17.10%,6.40%,2.50%,18.60%,10.90%,4.30%,1.70%,31.10%,16.30%,9.30%,5.00%,29.90%,34.20%,,100.00%,95.30%,4.70%,1.50%,0.50%,0.60%,0.20%,0.00%,1.90%,,(X),(X),,100.00%,46.10%,53.90%,False,38.3,8.2,3.8,0.1,2.8,42.2,False
Census Tract 128; Hudson County; New Jersey!!Percent,100.00%,5.70%,5.80%,5.90%,6.40%,6.70%,8.00%,9.40%,7.60%,7.80%,6.20%,6.70%,6.50%,5.50%,4.10%,2.90%,2.10%,1.60%,1.10%,,81.20%,78.60%,74.80%,15.20%,11.80%,100.00%,5.80%,5.80%,6.20%,6.40%,7.90%,7.20%,9.80%,7.70%,8.10%,6.30%,6.30%,6.50%,5.80%,4.00%,2.10%,1.90%,1.50%,0.80%,,80.70%,78.40%,74.30%,13.90%,10.30%,100.00%,5.70%,5.70%,5.60%,6.40%,5.50%,8.70%,9.00%,7.60%,7.50%,6.10%,7.10%,6.60%,5.20%,4.10%,3.70%,2.20%,1.60%,1.50%,,81.80%,78.90%,75.40%,16.40%,13.20%,,(X),(X),(X),,100.00%,80.00%,36.80%,3.20%,0.80%,7.00%,0.00%,32.10%,20.00%,,120.80%,55.70%,4.70%,1.60%,7.40%,0.30%,51.20%,,100.00%,49.60%,50.40%,,100.00%,49.60%,5.80%,0.70%,0.60%,0.10%,0.00%,28.40%,13.90%,50.40%,31.00%,2.50%,0.20%,6.80%,0.00%,3.70%,6.10%,,100.00%,99.90%,35.60%,16.90%,0.10%,2.80%,0.20%,30.40%,19.30%,1.60%,1.10%,7.30%,4.90%,0.10%,0.00%,0.00%,0.00%,0.10%,0.10%,0.10%,,100.00%,47.20%,19.50%,8.10%,3.50%,19.00%,9.80%,2.30%,2.00%,25.70%,9.50%,4.20%,7.40%,36.30%,25.20%,,100.00%,95.50%,4.50%,1.80%,0.10%,0.60%,0.00%,0.30%,1.70%,,(X),(X),,100.00%,35.90%,64.10%,False,31.0,2.5,6.8,0.2,3.7,49.6,False
Census Tract 129; Hudson County; New Jersey!!Percent,100.00%,5.30%,6.40%,5.80%,7.10%,7.20%,8.40%,6.90%,6.80%,7.50%,6.50%,6.90%,6.50%,5.90%,4.00%,2.70%,2.50%,1.50%,2.00%,,81.00%,77.90%,74.30%,15.90%,12.70%,100.00%,6.30%,6.60%,6.40%,7.80%,7.40%,9.30%,7.40%,6.20%,6.80%,6.40%,5.90%,6.90%,5.90%,3.80%,2.40%,2.50%,1.00%,1.00%,,79.20%,75.70%,71.60%,13.90%,10.60%,100.00%,4.40%,6.10%,5.20%,6.50%,6.90%,7.50%,6.40%,7.40%,8.30%,6.60%,7.90%,6.20%,5.90%,4.30%,3.00%,2.40%,2.10%,3.00%,,82.90%,80.20%,77.00%,18.00%,14.80%,,(X),(X),(X),,100.00%,80.70%,35.60%,2.90%,1.20%,3.60%,0.00%,37.40%,19.30%,,120.30%,53.10%,5.20%,2.10%,4.20%,0.10%,55.50%,,100.00%,58.40%,41.60%,,100.00%,58.40%,8.00%,0.60%,1.20%,0.30%,0.00%,34.10%,14.20%,41.60%,27.60%,2.20%,0.00%,3.40%,0.00%,3.30%,5.10%,,100.00%,97.40%,32.20%,15.50%,0.10%,2.40%,0.10%,32.60%,19.50%,2.10%,1.60%,8.00%,4.40%,2.60%,2.60%,0.90%,1.70%,0.00%,0.00%,0.00%,,100.00%,47.80%,21.70%,8.10%,3.80%,18.60%,9.40%,2.10%,2.30%,25.50%,7.70%,4.50%,7.60%,40.70%,25.40%,,100.00%,96.00%,4.00%,2.10%,0.00%,0.00%,0.20%,0.00%,1.80%,,(X),(X),,100.00%,40.00%,60.00%,False,27.6,2.2,3.4,0.0,3.3,58.4,False
Census Tract 130; Hudson County; New Jersey!!Percent,100.00%,5.50%,6.90%,7.10%,7.40%,7.80%,6.80%,6.80%,7.20%,7.10%,6.50%,7.20%,6.10%,5.40%,4.10%,4.10%,1.90%,1.10%,0.50%,,78.90%,76.20%,71.70%,15.40%,11.90%,100.00%,5.60%,6.70%,7.10%,7.90%,8.50%,6.90%,7.00%,7.80%,7.10%,5.90%,7.00%,6.20%,5.30%,4.40%,4.20%,1.50%,0.80%,0.20%,,78.90%,76.20%,71.00%,14.50%,11.10%,100.00%,5.30%,7.20%,7.20%,7.00%,7.20%,6.80%,6.70%,6.70%,7.00%,7.20%,7.40%,6.10%,5.50%,3.90%,4.10%,2.40%,1.50%,0.90%,,78.80%,76.20%,72.30%,16.30%,12.70%,,(X),(X),(X),,100.00%,79.00%,28.00%,2.20%,1.00%,4.10%,0.10%,43.70%,21.00%,,121.60%,46.60%,4.60%,2.20%,4.60%,0.40%,63.30%,,100.00%,64.90%,35.10%,,100.00%,64.90%,7.10%,0.50%,1.00%,0.20%,0.00%,39.30%,16.70%,35.10%,20.90%,1.60%,0.00%,3.90%,0.10%,4.40%,4.30%,,100.00%,99.80%,32.90%,14.40%,0.10%,2.10%,0.00%,33.70%,20.90%,2.20%,1.70%,9.20%,5.20%,0.20%,0.00%,0.00%,0.00%,0.20%,0.10%,0.10%,,100.00%,45.10%,21.30%,7.00%,3.90%,21.30%,9.90%,2.60%,2.60%,26.60%,7.90%,3.40%,7.70%,41.30%,27.20%,,100.00%,96.20%,3.80%,1.50%,0.00%,0.10%,0.20%,0.10%,2.00%,,(X),(X),,100.00%,25.90%,74.10%,False,20.9,1.6,3.9,0.0,4.4,64.9,False
Census Tract 131; Hudson County; New Jersey!!Percent,100.00%,5.70%,6.70%,6.60%,7.10%,6.70%,6.80%,6.90%,6.90%,7.10%,6.60%,7.30%,6.60%,6.40%,4.70%,3.20%,1.70%,1.20%,1.60%,,80.00%,76.80%,72.20%,16.50%,12.40%,100.00%,6.10%,8.00%,6.50%,5.70%,7.60%,7.50%,7.00%,6.40%,7.20%,6.20%,7.90%,7.00%,6.20%,3.80%,3.20%,1.30%,1.20%,1.00%,,78.40%,76.30%,71.80%,14.60%,10.60%,100.00%,5.40%,5.40%,6.70%,8.40%,6.00%,6.20%,6.90%,7.30%,7.00%,7.00%,6.90%,6.20%,6.50%,5.60%,3.20%,2.00%,1.20%,2.10%,,81.40%,77.30%,72.50%,18.40%,14.20%,,(X),(X),(X),,100.00%,80.30%,41.80%,1.70%,1.20%,2.80%,0.10%,32.60%,19.70%,,121.00%,59.60%,3.50%,2.60%,4.10%,0.40%,50.90%,,100.00%,52.80%,47.20%,,100.00%,52.80%,7.20%,0.50%,1.10%,0.20%,0.10%,29.20%,14.50%,47.20%,34.60%,1.30%,0.20%,2.60%,0.00%,3.30%,5.20%,,100.00%,100.00%,34.40%,15.80%,0.10%,1.90%,0.10%,33.80%,20.30%,2.50%,2.10%,8.80%,2.60%,0.00%,0.00%,0.00%,0.00%,0.00%,0.00%,0.00%,,100.00%,48.20%,22.80%,5.80%,3.20%,17.80%,7.30%,1.20%,2.60%,28.20%,9.40%,4.40%,6.90%,41.00%,28.20%,,100.00%,96.40%,3.60%,0.80%,0.30%,0.10%,0.00%,0.40%,2.10%,,(X),(X),,100.00%,40.80%,59.20%,False,34.6,1.3,2.6,0.2,3.3,52.8,False
Census Tract 132; Hudson County; New Jersey!!Percent,100.00%,5.50%,5.60%,6.90%,6.20%,6.20%,8.00%,8.60%,7.90%,7.50%,6.90%,6.20%,6.40%,5.90%,4.70%,3.20%,2.10%,1.30%,0.80%,,80.60%,78.20%,74.70%,15.60%,12.20%,100.00%,6.50%,5.60%,7.20%,6.70%,6.10%,9.60%,8.90%,8.10%,6.60%,6.90%,5.70%,5.40%,5.50%,4.30%,3.70%,1.70%,1.10%,0.50%,,79.30%,76.70%,72.90%,14.30%,11.20%,100.00%,4.50%,5.50%,6.70%,5.70%,6.20%,6.40%,8.40%,7.60%,8.50%,7.00%,6.80%,7.30%,6.30%,5.20%,2.70%,2.50%,1.50%,1.10%,,81.90%,79.70%,76.50%,16.90%,13.10%,,(X),(X),(X),,100.00%,80.60%,34.00%,3.80%,1.20%,4.30%,0.00%,37.20%,19.40%,,120.30%,51.60%,5.30%,3.40%,4.90%,0.10%,55.00%,,100.00%,59.50%,40.50%,,100.00%,59.50%,8.20%,0.80%,1.20%,0.00%,0.00%,33.30%,15.90%,40.50%,25.80%,2.90%,0.00%,4.30%,0.00%,3.90%,3.60%,,100.00%,99.60%,35.40%,14.70%,0.10%,1.80%,0.10%,30.10%,17.90%,2.20%,1.60%,10.10%,5.10%,0.40%,0.40%,0.20%,0.20%,0.00%,0.00%,0.00%,,100.00%,41.30%,16.80%,5.10%,2.40%,23.60%,11.20%,2.70%,3.60%,30.00%,9.70%,3.80%,7.60%,34.30%,26.20%,,100.00%,96.20%,3.80%,2.00%,0.40%,0.40%,0.10%,0.30%,0.80%,,(X),(X),,100.00%,27.70%,72.30%,False,25.8,2.9,4.3,0.0,3.9,59.5,False
Census Tract 133; Hudson County; New Jersey!!Percent,100.00%,5.70%,4.80%,5.90%,5.20%,6.50%,10.00%,9.90%,7.20%,6.20%,6.50%,6.30%,7.30%,6.70%,3.60%,3.20%,1.90%,1.20%,2.20%,,82.70%,80.50%,76.60%,16.00%,12.00%,100.00%,5.50%,5.10%,6.50%,5.80%,7.00%,10.00%,10.40%,7.00%,5.90%,6.40%,6.10%,7.30%,6.20%,3.90%,2.90%,1.50%,1.20%,1.30%,,82.30%,79.60%,74.90%,14.20%,10.90%,100.00%,5.90%,4.60%,5.30%,4.60%,5.90%,9.90%,9.40%,7.30%,6.50%,6.60%,6.50%,7.40%,7.10%,3.20%,3.50%,2.30%,1.10%,3.00%,,83.10%,81.30%,78.30%,17.80%,13.10%,,(X),(X),(X),,100.00%,80.70%,36.60%,4.10%,1.00%,9.00%,0.00%,29.90%,19.30%,,120.10%,53.90%,5.70%,1.80%,9.90%,0.20%,48.50%,,100.00%,49.40%,50.60%,,100.00%,49.40%,6.00%,0.60%,0.80%,0.20%,0.00%,26.90%,15.00%,50.60%,30.70%,3.60%,0.20%,8.90%,0.00%,3.10%,4.20%,,100.00%,98.90%,37.30%,16.30%,0.40%,2.90%,0.20%,27.30%,16.80%,2.20%,2.00%,7.70%,4.60%,1.10%,1.10%,0.50%,0.60%,0.00%,0.00%,0.00%,,100.00%,44.10%,15.40%,8.50%,2.60%,21.10%,11.90%,2.60%,2.10%,26.30%,10.10%,3.00%,6.90%,31.00%,22.30%,,100.00%,87.50%,12.50%,1.90%,0.20%,0.00%,0.00%,0.00%,10.30%,,(X),(X),,100.00%,26.90%,73.10%,False,30.7,3.6,8.9,0.2,3.1,49.4,False
Census Tract 134; Hudson County; New Jersey!!Percent,100.00%,6.70%,4.80%,5.80%,6.70%,7.50%,9.40%,8.90%,7.30%,5.60%,7.30%,7.10%,6.70%,6.10%,3.40%,2.40%,1.50%,1.60%,1.20%,,81.60%,79.30%,74.80%,13.10%,10.10%,100.00%,6.10%,5.20%,6.50%,7.10%,8.00%,10.10%,8.90%,7.30%,5.60%,7.50%,6.30%,6.50%,5.80%,3.30%,2.10%,1.40%,1.00%,1.20%,,80.90%,78.80%,73.90%,11.30%,9.00%,100.00%,7.40%,4.40%,5.00%,6.30%,6.90%,8.60%,8.90%,7.30%,5.60%,7.10%,8.00%,6.90%,6.30%,3.60%,2.70%,1.60%,2.20%,1.10%,,82.30%,79.80%,75.80%,14.80%,11.10%,,(X),(X),(X),,100.00%,81.80%,27.40%,2.80%,1.40%,9.90%,0.10%,40.20%,18.20%,,119.10%,43.80%,3.50%,3.70%,10.70%,0.30%,57.20%,,100.00%,62.40%,37.60%,,100.00%,62.40%,7.70%,0.70%,1.30%,0.00%,0.10%,37.00%,15.50%,37.60%,19.70%,2.10%,0.10%,9.90%,0.00%,3.20%,2.70%,,100.00%,100.00%,34.30%,13.40%,0.30%,2.50%,0.30%,29.60%,17.30%,1.80%,1.30%,8.50%,9.40%,0.00%,0.00%,0.00%,0.00%,0.00%,0.00%,0.00%,,100.00%,40.30%,17.20%,7.20%,3.10%,22.60%,7.10%,0.40%,3.40%,29.90%,8.70%,3.10%,8.80%,41.70%,24.50%,,100.00%,96.60%,3.40%,2.30%,0.10%,0.30%,0.00%,0.00%,0.70%,,(X),(X),,100.00%,23.20%,76.80%,False,19.7,2.1,9.9,0.1,3.2,62.4,False
Census Tract 135; Hudson County; New Jersey!!Percent,100.00%,5.20%,5.20%,6.50%,6.70%,7.50%,9.80%,8.30%,6.50%,6.80%,5.90%,6.50%,7.10%,5.70%,4.50%,3.60%,2.00%,1.30%,0.80%,,81.50%,78.60%,75.10%,15.50%,12.30%,100.00%,5.20%,6.00%,6.50%,7.10%,8.20%,11.20%,9.10%,6.40%,6.80%,5.40%,5.70%,6.40%,5.20%,3.90%,3.40%,1.70%,1.30%,0.40%,,80.70%,77.80%,73.30%,13.80%,10.70%,100.00%,5.20%,4.50%,6.50%,6.30%,6.90%,8.50%,7.50%,6.50%,6.80%,6.50%,7.30%,7.70%,6.20%,5.00%,3.90%,2.40%,1.40%,1.10%,,82.20%,79.40%,76.90%,17.10%,13.80%,,(X),(X),(X),,100.00%,82.00%,32.00%,2.70%,1.20%,13.90%,0.00%,32.20%,18.00%,,119.10%,48.20%,4.80%,2.80%,14.80%,0.20%,48.40%,,100.00%,50.30%,49.70%,,100.00%,50.30%,6.30%,0.30%,1.10%,0.20%,0.00%,28.90%,13.50%,49.70%,25.70%,2.40%,0.10%,13.70%,0.00%,3.30%,4.50%,,100.00%,100.00%,36.80%,14.60%,0.20%,1.90%,0.10%,30.40%,18.40%,1.80%,1.20%,7.20%,7.00%,0.00%,0.00%,0.00%,0.00%,0.00%,0.00%,0.00%,,100.00%,40.30%,17.00%,5.50%,2.60%,21.10%,10.20%,2.50%,2.00%,33.00%,13.20%,6.30%,8.00%,34.20%,27.00%,,100.00%,95.80%,4.20%,2.30%,0.30%,0.10%,0.30%,0.20%,1.00%,,(X),(X),,100.00%,22.70%,77.30%,False,25.7,2.4,13.7,0.1,3.3,50.3,False
Census Tract 136; Hudson County; New Jersey!!Percent,100.00%,6.60%,6.40%,5.30%,5.90%,9.60%,11.10%,10.00%,6.10%,7.30%,6.00%,5.70%,4.80%,5.20%,3.70%,3.00%,1.30%,0.90%,1.00%,,80.70%,78.30%,75.00%,12.70%,9.90%,100.00%,6.90%,5.40%,5.80%,5.50%,10.20%,12.80%,10.50%,7.10%,7.20%,4.70%,5.70%,4.20%,5.80%,2.50%,3.00%,1.20%,0.70%,0.70%,,80.30%,78.50%,75.40%,10.90%,8.10%,100.00%,6.20%,7.40%,4.70%,6.40%,8.90%,9.30%,9.40%,4.90%,7.40%,7.50%,5.80%,5.40%,4.70%,4.90%,3.00%,1.40%,1.20%,1.30%,,81.10%,78.10%,74.50%,14.70%,12.00%,,(X),(X),(X),,100.00%,84.40%,24.30%,1.90%,1.90%,17.70%,0.00%,38.60%,15.60%,,116.30%,38.50%,3.30%,2.50%,19.00%,0.10%,52.90%,,100.00%,57.30%,42.70%,,100.00%,57.30%,8.10%,0.40%,1.80%,0.10%,0.00%,34.90%,11.90%,42.70%,16.10%,1.40%,0.10%,17.60%,0.00%,3.70%,3.80%,,100.00%,100.00%,34.20%,12.80%,0.10%,2.40%,0.30%,29.90%,19.20%,1.30%,0.90%,8.20%,10.70%,0.00%,0.00%,0.00%,0.00%,0.00%,0.00%,0.00%,,100.00%,38.40%,19.00%,7.70%,3.80%,25.00%,11.10%,2.10%,2.30%,28.90%,10.90%,5.10%,8.20%,38.00%,21.40%,,100.00%,95.50%,4.50%,2.50%,0.00%,0.20%,0.00%,0.10%,1.60%,,(X),(X),,100.00%,20.60%,79.40%,False,16.1,1.4,17.6,0.1,3.7,57.3,False
Census Tract 137; Hudson County; New Jersey!!Percent,100.00%,5.40%,5.70%,6.40%,6.10%,8.70%,12.30%,8.80%,8.00%,7.20%,6.10%,5.30%,5.40%,4.30%,3.50%,2.60%,1.70%,1.00%,1.50%,,81.30%,78.80%,75.20%,12.60%,10.10%,100.00%,4.50%,6.50%,6.00%,6.30%,8.70%,14.50%,9.00%,7.90%,5.80%,6.50%,5.60%,5.70%,4.30%,3.60%,2.60%,1.10%,0.40%,1.00%,,81.80%,79.30%,75.10%,11.20%,8.70%,100.00%,6.40%,4.90%,6.80%,5.80%,8.80%,9.80%,8.60%,8.10%,8.70%,5.70%,5.00%,4.90%,4.40%,3.30%,2.50%,2.40%,1.60%,2.10%,,80.70%,78.20%,75.20%,14.20%,11.90%,,(X),(X),(X),,100.00%,80.40%,23.90%,3.30%,0.70%,18.90%,0.10%,33.50%,19.60%,,121.60%,41.30%,5.60%,2.80%,19.40%,0.20%,52.20%,,100.00%,57.40%,42.60%,,100.00%,57.40%,7.40%,1.00%,0.70%,0.10%,0.10%,31.40%,16.70%,42.60%,16.50%,2.30%,0.00%,18.80%,0.00%,2.10%,2.90%,,100.00%,100.00%,35.70%,13.20%,0.30%,2.40%,0.10%,29.20%,18.90%,1.30%,1.00%,6.60%,11.20%,0.00%,0.00%,0.00%,0.00%,0.00%,0.00%,0.00%,,100.00%,37.90%,18.70%,6.90%,3.40%,29.70%,13.80%,2.70%,2.20%,25.50%,9.10%,3.80%,8.20%,37.40%,19.90%,,100.00%,94.50%,5.50%,3.50%,0.00%,0.40%,0.10%,0.00%,1.50%,,(X),(X),,100.00%,21.20%,78.80%,False,16.5,2.3,18.8,0.0,2.1,57.4,False
Census Tract 138; Hudson County; New Jersey!!Percent,100.00%,6.00%,2.30%,1.80%,1.80%,6.80%,25.00%,22.70%,10.10%,5.10%,4.10%,3.10%,2.70%,2.90%,1.90%,1.50%,1.10%,0.40%,0.90%,,89.60%,88.90%,87.60%,7.30%,5.70%,100.00%,5.70%,2.30%,2.00%,1.60%,6.80%,23.80%,23.20%,11.60%,5.80%,3.80%,3.30%,2.50%,2.90%,1.80%,1.40%,0.70%,0.30%,0.60%,,89.70%,89.20%,87.90%,6.30%,4.80%,100.00%,6.30%,2.20%,1.60%,2.00%,6.90%,26.20%,22.20%,8.40%,4.30%,4.40%,2.90%,2.90%,2.90%,2.10%,1.50%,1.40%,0.60%,1.20%,,89.50%,88.50%,87.10%,8.40%,6.80%,,(X),(X),(X),,100.00%,89.20%,27.40%,6.90%,0.40%,42.60%,0.00%,11.80%,10.80%,,111.70%,37.00%,8.60%,1.40%,43.90%,0.40%,20.40%,,100.00%,19.90%,80.10%,,100.00%,19.90%,3.10%,0.40%,0.30%,0.00%,0.00%,9.20%,7.00%,80.10%,24.40%,6.50%,0.20%,42.60%,0.00%,2.50%,3.90%,,100.00%,99.70%,50.50%,16.70%,0.50%,5.30%,0.50%,14.00%,10.00%,0.80%,0.60%,3.80%,7.50%,0.30%,0.00%,0.00%,0.00%,0.30%,0.20%,0.10%,,100.00%,34.20%,10.40%,11.60%,1.00%,29.80%,20.40%,0.80%,1.20%,24.40%,16.00%,1.30%,1.40%,16.30%,9.80%,,100.00%,93.20%,6.80%,5.90%,0.10%,0.10%,0.00%,0.10%,0.40%,,(X),(X),,100.00%,10.80%,89.20%,False,24.4,6.5,42.6,0.2,2.5,19.9,False
Census Tract 139; Hudson County; New Jersey!!Percent,100.00%,5.20%,4.00%,3.60%,3.30%,7.20%,18.70%,17.00%,8.60%,5.40%,4.30%,4.50%,4.70%,4.90%,3.10%,2.50%,1.00%,1.40%,0.80%,,86.60%,85.30%,83.20%,11.60%,8.80%,100.00%,5.60%,3.90%,3.10%,3.40%,7.90%,18.50%,17.60%,8.30%,5.70%,4.60%,4.60%,4.30%,4.50%,2.70%,2.50%,0.90%,1.40%,0.40%,,86.50%,85.30%,83.10%,10.70%,7.80%,100.00%,4.80%,4.00%,4.00%,3.20%,6.40%,18.90%,16.40%,8.90%,5.00%,3.90%,4.30%,5.20%,5.30%,3.70%,2.40%,1.00%,1.40%,1.30%,,86.60%,85.30%,83.40%,12.60%,9.80%,,(X),(X),(X),,100.00%,85.30%,33.10%,5.20%,0.70%,27.50%,0.00%,18.90%,14.70%,,115.60%,46.20%,7.30%,1.60%,28.30%,0.10%,32.10%,,100.00%,31.50%,68.50%,,100.00%,31.50%,2.70%,1.10%,0.70%,0.10%,0.00%,16.70%,10.20%,68.50%,30.30%,4.10%,0.00%,27.40%,0.00%,2.20%,4.50%,,100.00%,100.00%,44.40%,15.40%,0.10%,4.50%,0.50%,19.20%,12.90%,1.10%,0.70%,6.00%,8.90%,0.00%,0.00%,0.00%,0.00%,0.00%,0.00%,0.00%,,100.00%,35.20%,11.70%,11.00%,1.50%,28.80%,18.90%,1.70%,1.70%,25.00%,15.90%,2.10%,2.80%,20.50%,15.00%,,100.00%,94.10%,5.90%,3.80%,0.10%,0.00%,0.00%,0.20%,1.90%,,(X),(X),,100.00%,15.70%,84.30%,False,30.3,4.1,27.4,0.0,2.2,31.5,False
Census Tract 140; Hudson County; New Jersey!!Percent,100.00%,5.00%,5.60%,5.40%,5.30%,6.50%,9.70%,8.50%,7.40%,6.70%,6.50%,5.90%,7.60%,5.20%,4.70%,3.30%,2.60%,2.10%,2.00%,,83.00%,81.20%,77.20%,17.80%,14.80%,100.00%,4.80%,5.60%,5.60%,5.80%,7.60%,10.90%,8.20%,7.90%,7.50%,6.80%,5.50%,7.60%,4.70%,4.20%,2.40%,2.20%,1.40%,1.50%,,83.00%,81.20%,75.80%,13.90%,11.60%,100.00%,5.20%,5.50%,5.20%,4.80%,5.50%,8.50%,8.90%,6.90%,5.80%,6.10%,6.20%,7.70%,5.80%,5.30%,4.30%,3.10%,2.70%,2.60%,,83.00%,81.10%,78.50%,21.70%,18.00%,,(X),(X),(X),,100.00%,74.50%,27.50%,2.20%,3.10%,3.40%,0.00%,38.30%,25.50%,,126.50%,50.60%,4.40%,4.70%,4.10%,0.10%,62.60%,,100.00%,77.30%,22.70%,,100.00%,77.30%,11.70%,0.50%,3.10%,0.00%,0.00%,37.50%,24.40%,22.70%,15.80%,1.70%,0.00%,3.30%,0.00%,0.80%,1.10%,,100.00%,100.00%,36.00%,14.20%,0.20%,2.30%,0.00%,28.00%,16.10%,1.60%,1.30%,10.70%,6.90%,0.00%,0.00%,0.00%,0.00%,0.00%,0.00%,0.00%,,100.00%,39.60%,16.40%,7.00%,3.20%,23.60%,12.30%,3.30%,2.80%,29.80%,14.10%,7.80%,4.30%,31.60%,30.20%,,100.00%,95.60%,4.40%,1.30%,0.20%,0.50%,0.10%,0.00%,2.20%,,(X),(X),,100.00%,34.70%,65.30%,False,15.8,1.7,3.3,0.0,0.8,77.3,False
Census Tract 141.01; Hudson County; New Jersey!!Percent,100.00%,6.00%,2.80%,2.00%,1.70%,1.90%,8.00%,12.10%,11.30%,8.20%,7.50%,6.50%,7.00%,7.30%,6.10%,4.20%,2.10%,1.90%,3.50%,,89.00%,88.20%,87.40%,21.90%,17.80%,100.00%,7.40%,2.90%,2.10%,1.50%,2.00%,7.40%,12.10%,12.10%,7.90%,7.70%,6.80%,7.20%,7.10%,5.30%,4.70%,1.90%,2.00%,1.80%,,87.60%,86.70%,85.90%,19.30%,15.80%,100.00%,4.80%,2.60%,1.90%,1.80%,1.80%,8.60%,12.10%,10.70%,8.40%,7.20%,6.30%,6.80%,7.50%,6.80%,3.70%,2.30%,1.90%,4.90%,,90.20%,89.50%,88.70%,24.00%,19.60%,,(X),(X),(X),,100.00%,85.90%,47.70%,6.80%,0.50%,22.10%,0.20%,8.70%,14.10%,,114.90%,60.40%,8.50%,1.20%,23.50%,0.30%,21.00%,,100.00%,26.90%,73.10%,,100.00%,26.90%,6.60%,0.60%,0.30%,0.20%,0.00%,7.80%,11.30%,73.10%,41.00%,6.20%,0.20%,21.90%,0.20%,0.90%,2.80%,,100.00%,95.80%,52.00%,18.30%,1.10%,3.30%,0.40%,14.90%,11.10%,0.30%,0.30%,3.90%,1.50%,4.20%,4.10%,1.20%,2.90%,0.10%,0.10%,0.00%,,100.00%,37.60%,11.00%,7.30%,0.90%,21.10%,16.70%,3.70%,0.90%,34.00%,26.10%,7.60%,2.10%,16.70%,23.70%,,100.00%,89.60%,10.40%,5.80%,0.50%,1.10%,0.10%,1.80%,1.10%,,(X),(X),,100.00%,41.70%,58.30%,False,41.0,6.2,21.9,0.2,0.9,26.9,False
Census Tract 141.02; Hudson County; New Jersey!!Percent,100.00%,4.20%,3.80%,4.50%,4.40%,5.80%,6.20%,7.90%,7.70%,6.40%,7.20%,7.40%,7.70%,7.00%,5.40%,4.60%,3.20%,3.20%,3.40%,,86.90%,85.40%,81.40%,23.90%,19.80%,100.00%,4.10%,3.50%,4.50%,4.80%,6.40%,7.60%,8.00%,8.90%,6.00%,7.70%,7.60%,7.50%,6.00%,5.10%,4.50%,2.80%,2.50%,2.60%,,87.10%,85.70%,81.10%,21.10%,17.50%,100.00%,4.40%,4.00%,4.50%,4.00%,5.30%,4.80%,7.90%,6.50%,6.80%,6.70%,7.30%,7.90%,7.90%,5.60%,4.80%,3.60%,3.80%,4.20%,,86.60%,85.10%,81.70%,26.50%,22.00%,,(X),(X),(X),,100.00%,73.40%,34.90%,3.40%,1.60%,6.20%,0.00%,27.30%,26.60%,,128.10%,59.30%,6.10%,2.80%,6.90%,0.10%,52.70%,,100.00%,62.00%,38.00%,,100.00%,62.00%,7.90%,0.80%,1.40%,0.50%,0.00%,26.50%,25.00%,38.00%,27.10%,2.60%,0.20%,5.70%,0.00%,0.80%,1.60%,,100.00%,97.00%,41.80%,14.30%,0.50%,2.80%,0.30%,22.60%,12.30%,2.10%,1.30%,8.50%,4.00%,3.00%,2.80%,1.00%,1.80%,0.20%,0.10%,0.10%,,100.00%,35.90%,10.80%,7.20%,1.70%,23.80%,15.20%,3.90%,2.30%,33.10%,19.80%,8.10%,3.40%,22.30%,30.80%,,100.00%,94.80%,5.20%,2.40%,0.40%,0.30%,0.10%,0.60%,1.50%,,(X),(X),,100.00%,46.90%,53.10%,False,27.1,2.6,5.7,0.2,0.8,62.0,False
Census Tract 142; Hudson County; New Jersey!!Percent,100.00%,5.50%,5.30%,5.60%,5.70%,6.40%,8.40%,8.00%,8.30%,7.90%,6.80%,6.10%,6.90%,5.70%,4.60%,3.20%,2.50%,1.70%,1.40%,,82.30%,79.90%,76.50%,16.70%,13.40%,100.00%,5.80%,5.50%,6.10%,5.70%,6.70%,9.60%,8.10%,8.50%,7.80%,6.50%,6.50%,6.10%,5.50%,4.10%,3.00%,2.10%,1.20%,1.30%,,81.30%,79.00%,75.40%,15.10%,11.80%,100.00%,5.30%,5.10%,5.20%,5.80%,6.10%,7.20%,8.00%,8.10%,7.90%,7.10%,5.70%,7.60%,5.90%,5.00%,3.40%,2.90%,2.20%,1.50%,,83.40%,80.90%,77.50%,18.30%,15.00%,,(X),(X),(X),,100.00%,74.20%,26.70%,2.80%,2.00%,3.70%,0.10%,39.00%,25.80%,,127.00%,50.30%,5.20%,3.50%,4.20%,0.30%,63.60%,,100.00%,76.90%,23.10%,,100.00%,76.90%,10.60%,0.90%,1.90%,0.30%,0.10%,38.30%,24.80%,23.10%,16.10%,1.90%,0.10%,3.40%,0.00%,0.70%,1.00%,,100.00%,100.00%,36.00%,13.80%,0.40%,2.30%,0.30%,27.60%,16.60%,2.50%,2.10%,9.90%,7.40%,0.00%,0.00%,0.00%,0.00%,0.00%,0.00%,0.00%,,100.00%,38.80%,15.80%,6.80%,2.70%,23.00%,12.10%,2.50%,2.70%,31.40%,13.30%,4.80%,6.90%,32.60%,25.30%,,100.00%,95.60%,4.40%,1.90%,0.00%,0.00%,0.20%,0.40%,1.80%,,(X),(X),,100.00%,30.70%,69.30%,False,16.1,1.9,3.4,0.1,0.7,76.9,False
Census Tract 143; Hudson County; New Jersey!!Percent,100.00%,5.90%,5.30%,5.90%,7.00%,6.60%,7.00%,7.50%,7.00%,8.00%,6.30%,7.10%,6.90%,5.90%,4.50%,3.80%,2.30%,1.40%,1.70%,,81.70%,79.00%,74.70%,17.20%,13.70%,100.00%,6.20%,5.20%,5.80%,7.20%,7.00%,7.50%,7.30%,7.00%,8.70%,6.60%,6.30%,6.90%,5.70%,4.20%,3.50%,2.20%,1.10%,1.50%,,81.60%,78.90%,74.70%,15.80%,12.50%,100.00%,5.60%,5.40%,6.00%,6.70%,6.20%,6.50%,7.70%,6.90%,7.20%,6.00%,7.90%,6.80%,6.10%,4.70%,4.00%,2.50%,1.70%,2.00%,,81.90%,79.10%,74.70%,18.70%,14.80%,,(X),(X),(X),,100.00%,74.80%,21.90%,1.90%,1.90%,3.50%,0.10%,45.60%,25.20%,,126.30%,44.80%,4.00%,3.40%,4.00%,0.30%,69.90%,,100.00%,81.40%,18.60%,,100.00%,81.40%,9.90%,0.80%,1.90%,0.20%,0.00%,44.40%,24.20%,18.60%,12.00%,1.10%,0.10%,3.20%,0.10%,1.20%,1.00%,,100.00%,99.90%,32.30%,14.20%,0.30%,2.10%,0.00%,30.30%,18.00%,1.80%,1.50%,12.70%,6.30%,0.10%,0.00%,0.00%,0.00%,0.10%,0.10%,0.00%,,100.00%,45.20%,18.90%,6.80%,3.40%,22.00%,9.70%,2.70%,4.10%,26.00%,9.00%,3.70%,6.70%,37.40%,26.60%,,100.00%,95.50%,4.50%,1.20%,0.10%,0.40%,0.10%,0.50%,2.10%,,(X),(X),,100.00%,37.90%,62.10%,False,12.0,1.1,3.2,0.1,1.2,81.4,False
Census Tract 144.01; Hudson County; New Jersey!!Percent,100.00%,5.60%,6.20%,6.10%,6.90%,7.50%,7.70%,7.30%,6.80%,6.80%,7.30%,6.30%,6.60%,6.20%,4.30%,2.80%,2.30%,1.40%,1.90%,,80.90%,78.30%,73.80%,16.30%,12.70%,100.00%,5.50%,5.90%,6.70%,7.20%,7.00%,8.00%,7.90%,7.40%,6.60%,7.10%,6.30%,6.60%,6.40%,4.00%,2.40%,2.10%,1.40%,1.50%,,80.50%,77.70%,73.30%,14.70%,11.30%,100.00%,5.70%,6.30%,5.50%,6.60%,7.90%,7.50%,6.70%,6.30%,7.00%,7.60%,6.30%,6.50%,6.00%,4.60%,3.20%,2.50%,1.30%,2.30%,,81.20%,78.90%,74.30%,17.90%,14.10%,,(X),(X),(X),,100.00%,72.10%,30.30%,2.40%,1.10%,3.70%,0.00%,34.50%,27.90%,,128.60%,55.40%,5.10%,2.40%,4.80%,0.00%,60.90%,,100.00%,72.90%,27.10%,,100.00%,72.90%,11.00%,1.00%,1.10%,0.20%,0.00%,33.70%,26.00%,27.10%,19.30%,1.40%,0.10%,3.60%,0.00%,0.80%,1.90%,,100.00%,99.80%,31.70%,14.40%,0.20%,1.90%,0.00%,33.20%,18.50%,2.20%,1.80%,11.60%,4.40%,0.20%,0.00%,0.00%,0.00%,0.20%,0.10%,0.10%,,100.00%,46.90%,20.90%,6.00%,3.60%,19.60%,9.10%,2.40%,1.50%,27.50%,9.10%,4.70%,7.10%,39.20%,29.90%,,100.00%,94.70%,5.30%,3.00%,0.00%,0.00%,0.00%,0.10%,2.20%,,(X),(X),,100.00%,46.70%,53.30%,False,19.3,1.4,3.6,0.1,0.8,72.9,False
Census Tract 144.02; Hudson County; New Jersey!!Percent,100.00%,5.30%,5.80%,7.00%,6.40%,6.20%,7.80%,8.00%,6.70%,6.40%,6.30%,6.90%,6.70%,6.40%,4.80%,3.60%,2.50%,1.90%,1.30%,,80.30%,77.80%,74.50%,17.90%,14.30%,100.00%,5.00%,5.80%,7.90%,5.70%,7.10%,8.20%,8.80%,6.20%,6.80%,6.30%,6.50%,6.50%,6.30%,5.30%,3.20%,2.20%,1.30%,0.90%,,79.70%,77.70%,74.50%,16.40%,13.00%,100.00%,5.50%,5.80%,6.10%,7.10%,5.20%,7.40%,7.20%,7.20%,6.10%,6.30%,7.20%,6.90%,6.40%,4.40%,4.00%,2.90%,2.50%,1.70%,,81.00%,77.90%,74.60%,19.40%,15.60%,,(X),(X),(X),,100.00%,74.70%,27.40%,3.10%,2.70%,5.80%,0.10%,35.70%,25.30%,,126.40%,50.00%,6.00%,4.00%,6.20%,0.20%,60.00%,,100.00%,74.60%,25.40%,,100.00%,74.60%,11.30%,1.40%,2.60%,0.20%,0.00%,34.70%,24.30%,25.40%,16.00%,1.70%,0.10%,5.60%,0.00%,1.00%,1.00%,,100.00%,100.00%,30.40%,14.40%,0.20%,2.20%,0.10%,33.20%,18.30%,2.70%,2.20%,12.20%,4.70%,0.00%,0.00%,0.00%,0.00%,0.00%,0.00%,0.00%,,100.00%,48.30%,20.00%,6.70%,4.20%,17.20%,6.20%,1.90%,3.00%,27.80%,8.50%,4.90%,6.60%,41.90%,32.30%,,100.00%,95.20%,4.80%,1.60%,0.10%,0.50%,0.10%,0.20%,2.30%,,(X),(X),,100.00%,56.20%,43.80%,False,16.0,1.7,5.6,0.1,1.0,74.6,False
Census Tract 145.01; Hudson County; New Jersey!!Percent,100.00%,5.20%,6.00%,6.10%,7.30%,8.00%,7.40%,6.70%,7.10%,6.80%,6.50%,6.00%,6.80%,5.70%,4.70%,3.50%,2.80%,1.90%,1.70%,,81.70%,78.60%,73.50%,17.70%,14.40%,100.00%,5.40%,6.40%,6.50%,7.60%,9.10%,7.90%,6.90%,7.50%,6.40%,6.20%,6.00%,7.00%,5.40%,4.20%,2.90%,2.10%,1.40%,1.00%,,80.50%,77.30%,72.10%,14.70%,11.70%,100.00%,5.00%,5.70%,5.70%,7.00%,7.00%,6.90%,6.60%,6.60%,7.20%,6.70%,6.00%,6.60%,5.90%,5.10%,4.00%,3.40%,2.40%,2.20%,,82.80%,79.80%,74.80%,20.50%,17.10%,,(X),(X),(X),,100.00%,73.40%,25.70%,2.30%,1.00%,4.30%,0.10%,40.00%,26.60%,,127.70%,50.30%,4.70%,2.40%,4.80%,0.10%,65.30%,,100.00%,75.70%,24.30%,,100.00%,75.70%,10.10%,0.60%,0.90%,0.10%,0.10%,38.90%,25.00%,24.30%,15.60%,1.70%,0.00%,4.20%,0.00%,1.10%,1.60%,,100.00%,100.00%,34.20%,14.00%,0.10%,1.90%,0.00%,32.70%,18.30%,2.00%,1.70%,11.60%,3.50%,0.00%,0.00%,0.00%,0.00%,0.00%,0.00%,0.00%,,100.00%,41.40%,18.30%,5.80%,2.60%,19.70%,10.70%,3.50%,2.10%,33.10%,14.90%,10.20%,7.20%,35.10%,34.00%,,100.00%,95.90%,4.10%,1.40%,0.20%,0.70%,0.00%,0.30%,1.40%,,(X),(X),,100.00%,33.50%,66.50%,False,15.6,1.7,4.2,0.0,1.1,75.7,False
Census Tract 145.02; Hudson County; New Jersey!!Percent,100.00%,4.50%,4.10%,4.60%,5.00%,5.40%,5.50%,5.10%,4.70%,5.20%,4.40%,5.90%,6.50%,6.10%,7.70%,8.00%,7.50%,5.20%,4.70%,,85.90%,83.90%,80.40%,36.50%,33.00%,100.00%,4.60%,5.30%,6.30%,5.60%,6.50%,5.80%,6.30%,5.20%,5.10%,4.30%,5.70%,6.30%,6.10%,6.80%,6.10%,5.90%,4.50%,3.70%,,82.30%,80.00%,75.90%,30.70%,27.00%,100.00%,4.30%,3.30%,3.40%,4.60%,4.70%,5.20%,4.20%,4.30%,5.30%,4.40%,6.10%,6.70%,6.10%,8.30%,9.30%,8.70%,5.70%,5.40%,,88.50%,86.80%,83.70%,40.60%,37.30%,,(X),(X),(X),,100.00%,73.00%,31.40%,2.30%,1.20%,2.10%,0.10%,36.00%,27.00%,,128.30%,55.80%,5.10%,2.30%,3.10%,0.50%,61.50%,,100.00%,80.60%,19.40%,,100.00%,80.60%,17.00%,1.20%,1.10%,0.10%,0.00%,35.30%,25.90%,19.40%,14.40%,1.10%,0.10%,2.00%,0.10%,0.70%,1.00%,,100.00%,100.00%,50.50%,11.30%,0.20%,1.70%,0.10%,25.00%,13.50%,1.70%,1.20%,7.00%,2.50%,0.00%,0.00%,0.00%,0.00%,0.00%,0.00%,0.00%,,100.00%,22.80%,6.80%,3.60%,1.70%,20.60%,15.90%,10.10%,1.40%,53.00%,36.20%,27.70%,7.20%,20.50%,52.80%,,100.00%,97.50%,2.50%,1.50%,0.00%,0.00%,0.10%,0.10%,0.80%,,(X),(X),,100.00%,11.60%,88.40%,False,14.4,1.1,2.0,0.1,0.7,80.6,False
Census Tract 146; Hudson County; New Jersey!!Percent,100.00%,5.60%,5.80%,5.80%,5.50%,7.30%,10.60%,9.70%,7.20%,7.10%,7.40%,7.00%,5.50%,5.40%,3.90%,2.50%,1.50%,1.20%,0.90%,,81.60%,79.70%,75.80%,12.90%,9.90%,100.00%,5.90%,5.80%,5.80%,5.40%,8.00%,11.00%,9.10%,7.30%,7.40%,7.90%,6.70%,5.10%,5.20%,3.70%,2.40%,1.60%,1.10%,0.50%,,81.40%,79.70%,75.50%,12.10%,9.30%,100.00%,5.20%,5.90%,5.80%,5.60%,6.60%,10.30%,10.30%,7.00%,6.90%,6.90%,7.40%,6.00%,5.60%,4.10%,2.60%,1.40%,1.20%,1.20%,,81.90%,79.70%,76.10%,13.70%,10.50%,,(X),(X),(X),,100.00%,75.50%,22.70%,3.40%,2.00%,6.80%,0.10%,40.50%,24.50%,,126.00%,44.80%,6.10%,3.50%,7.30%,0.20%,64.00%,,100.00%,75.30%,24.70%,,100.00%,75.30%,8.80%,0.70%,1.80%,0.20%,0.10%,39.90%,23.70%,24.70%,13.90%,2.70%,0.20%,6.60%,0.00%,0.60%,0.80%,,100.00%,100.00%,32.90%,13.50%,0.30%,2.70%,0.20%,30.20%,17.30%,2.00%,1.60%,12.80%,5.40%,0.00%,0.00%,0.00%,0.00%,0.00%,0.00%,0.00%,,100.00%,42.00%,18.10%,8.80%,4.50%,22.90%,9.90%,1.10%,2.70%,26.30%,8.90%,2.60%,6.30%,37.10%,23.00%,,100.00%,88.60%,11.40%,3.60%,1.00%,0.30%,0.00%,0.00%,6.60%,,(X),(X),,100.00%,32.30%,67.70%,True,13.9,2.7,6.6,0.2,0.6,75.3,False
Census Tract 147; Hudson County; New Jersey!!Percent,100.00%,5.70%,5.60%,6.30%,6.80%,7.00%,8.30%,7.60%,7.00%,6.90%,7.10%,6.60%,6.90%,6.40%,3.80%,3.00%,2.50%,1.40%,1.00%,,81.00%,78.40%,74.30%,15.70%,11.80%,100.00%,5.10%,5.70%,6.70%,7.30%,7.20%,9.40%,7.20%,6.70%,6.20%,8.20%,6.10%,6.90%,5.80%,3.60%,2.80%,2.20%,1.30%,1.40%,,81.20%,78.40%,73.50%,15.20%,11.30%,100.00%,6.30%,5.40%,6.00%,6.40%,6.80%,7.30%,8.00%,7.20%,7.50%,6.10%,7.00%,7.00%,6.90%,4.10%,3.20%,2.80%,1.40%,0.70%,,80.90%,78.30%,75.10%,16.20%,12.30%,,(X),(X),(X),,100.00%,75.40%,22.80%,2.90%,1.60%,5.70%,0.00%,42.30%,24.60%,,126.10%,44.50%,5.90%,3.60%,6.30%,0.30%,65.40%,,100.00%,77.30%,22.70%,,100.00%,77.30%,10.40%,1.30%,1.40%,0.10%,0.00%,40.80%,23.30%,22.70%,12.50%,1.60%,0.20%,5.60%,0.00%,1.50%,1.30%,,100.00%,100.00%,34.20%,13.60%,0.20%,2.70%,0.20%,31.70%,18.20%,2.30%,1.80%,11.40%,3.60%,0.00%,0.00%,0.00%,0.00%,0.00%,0.00%,0.00%,,100.00%,40.70%,17.20%,8.70%,3.20%,22.00%,12.80%,2.50%,2.40%,28.60%,8.90%,4.00%,7.40%,36.90%,24.90%,,100.00%,92.40%,7.60%,3.50%,0.20%,0.50%,0.70%,0.30%,2.30%,,(X),(X),,100.00%,37.60%,62.40%,False,12.5,1.6,5.6,0.2,1.5,77.3,False
Census Tract 148.01; Hudson County; New Jersey!!Percent,100.00%,4.60%,4.40%,5.30%,5.80%,7.20%,8.80%,8.90%,6.80%,6.70%,6.30%,6.50%,6.40%,6.40%,5.50%,4.30%,2.40%,2.20%,1.60%,,84.30%,82.10%,78.50%,19.50%,16.00%,100.00%,5.00%,4.50%,6.10%,6.30%,7.10%,8.40%,9.90%,7.80%,7.00%,6.20%,6.40%,6.10%,6.00%,5.50%,3.30%,1.80%,1.40%,1.10%,,82.90%,80.50%,76.80%,16.40%,13.10%,100.00%,4.30%,4.30%,4.60%,5.30%,7.30%,9.10%,8.00%,5.80%,6.40%,6.50%,6.50%,6.70%,6.70%,5.40%,5.20%,3.00%,2.90%,2.10%,,85.60%,83.50%,80.00%,22.50%,18.60%,,(X),(X),(X),,100.00%,74.90%,23.50%,5.60%,1.10%,7.60%,0.10%,36.90%,25.10%,,125.80%,45.30%,8.90%,2.40%,8.30%,0.50%,60.50%,,100.00%,73.50%,26.50%,,100.00%,73.50%,10.10%,2.20%,1.00%,0.20%,0.10%,35.80%,24.10%,26.50%,13.50%,3.40%,0.20%,7.50%,0.00%,1.10%,1.00%,,100.00%,98.60%,39.30%,13.00%,0.20%,2.60%,0.30%,27.60%,14.90%,2.30%,1.80%,9.80%,3.60%,1.40%,0.00%,0.00%,0.00%,1.40%,0.80%,0.50%,,100.00%,32.70%,12.70%,7.50%,2.30%,22.00%,12.90%,3.60%,1.50%,37.80%,17.50%,8.60%,6.70%,28.00%,30.00%,,100.00%,90.40%,9.60%,4.80%,0.10%,0.30%,0.30%,0.60%,3.50%,,(X),(X),,100.00%,23.00%,77.00%,False,13.5,3.4,7.5,0.2,1.1,73.5,False
Census Tract 148.02; Hudson County; New Jersey!!Percent,100.00%,4.20%,3.70%,3.70%,5.50%,4.70%,6.20%,6.00%,5.20%,6.20%,5.30%,6.10%,6.30%,7.20%,5.80%,5.40%,4.60%,4.20%,9.60%,,86.70%,84.60%,81.60%,32.70%,29.60%,100.00%,4.50%,5.70%,4.30%,5.50%,5.50%,6.10%,5.70%,6.50%,6.10%,5.30%,6.10%,5.10%,10.40%,5.30%,5.10%,4.30%,3.30%,4.90%,,83.70%,82.70%,78.70%,27.60%,23.00%,100.00%,3.90%,1.90%,3.20%,5.50%,4.10%,6.30%,6.30%,4.10%,6.30%,5.30%,6.10%,7.30%,4.40%,6.30%,5.60%,4.80%,4.90%,13.60%,,89.30%,86.20%,84.20%,37.10%,35.30%,,(X),(X),(X),,100.00%,75.60%,33.80%,2.90%,1.30%,7.80%,0.00%,29.90%,24.40%,,125.50%,54.60%,6.30%,2.80%,9.40%,0.60%,51.70%,,100.00%,62.60%,37.40%,,100.00%,62.60%,9.50%,0.50%,1.20%,0.50%,0.00%,28.70%,22.20%,37.40%,24.30%,2.40%,0.10%,7.30%,0.00%,1.20%,2.20%,,100.00%,85.20%,33.40%,13.50%,0.70%,1.60%,0.20%,21.20%,12.30%,2.30%,1.90%,9.10%,3.20%,14.80%,14.80%,4.50%,10.30%,0.00%,0.00%,0.00%,,100.00%,43.00%,13.10%,5.00%,1.10%,19.60%,11.50%,5.60%,2.20%,32.40%,17.60%,6.70%,5.00%,26.50%,37.20%,,100.00%,79.20%,20.80%,14.40%,1.30%,0.70%,2.90%,0.90%,0.70%,,(X),(X),,100.00%,49.20%,50.80%,False,24.3,2.4,7.3,0.1,1.2,62.6,False
Census Tract 149; Hudson County; New Jersey!!Percent,100.00%,5.00%,5.30%,6.10%,6.90%,6.60%,8.30%,8.10%,6.60%,7.20%,6.90%,6.60%,6.30%,7.00%,4.70%,3.60%,2.10%,1.80%,0.80%,,82.30%,79.00%,75.20%,16.70%,13.00%,100.00%,5.20%,5.60%,5.50%,6.30%,6.40%,8.20%,8.70%,7.80%,7.10%,6.60%,6.60%,5.60%,6.60%,4.60%,4.10%,2.40%,1.70%,1.00%,,82.80%,79.20%,75.20%,17.80%,13.70%,100.00%,4.80%,5.00%,6.60%,7.40%,6.80%,8.40%,7.60%,5.60%,7.30%,7.10%,6.70%,6.90%,7.30%,4.90%,3.00%,1.90%,1.90%,0.70%,,81.80%,78.80%,75.30%,15.70%,12.40%,,(X),(X),(X),,100.00%,81.30%,21.50%,3.40%,2.30%,22.40%,0.20%,31.60%,18.70%,,119.80%,37.70%,5.90%,3.80%,23.80%,0.40%,48.30%,,100.00%,60.90%,39.10%,,100.00%,60.90%,9.30%,1.60%,2.00%,0.20%,0.20%,30.40%,17.20%,39.10%,12.20%,1.80%,0.20%,22.30%,0.00%,1.20%,1.50%,,100.00%,100.00%,33.50%,14.40%,0.20%,2.40%,0.10%,30.60%,17.70%,2.50%,2.00%,11.90%,4.30%,0.00%,0.00%,0.00%,0.00%,0.00%,0.00%,0.00%,,100.00%,43.20%,16.60%,7.10%,2.80%,20.80%,11.90%,2.90%,2.70%,28.90%,10.60%,4.80%,7.30%,34.80%,29.50%,,100.00%,92.10%,7.90%,2.80%,0.30%,0.50%,0.00%,0.40%,3.90%,,(X),(X),,100.00%,33.70%,66.30%,False,12.2,1.8,22.3,0.2,1.2,60.9,False
Census Tract 150.01; Hudson County; New Jersey!!Percent,100.00%,6.20%,3.30%,2.50%,1.60%,2.20%,5.30%,9.80%,9.00%,7.30%,7.70%,7.20%,7.90%,8.10%,6.70%,6.40%,4.00%,2.40%,2.50%,,87.60%,86.80%,85.90%,26.70%,21.90%,100.00%,6.80%,3.00%,2.80%,1.90%,2.30%,4.30%,9.90%,9.50%,8.50%,7.10%,7.00%,7.80%,9.00%,5.50%,5.10%,4.30%,3.30%,1.90%,,86.80%,86.10%,85.00%,25.20%,20.10%,100.00%,5.60%,3.50%,2.20%,1.40%,2.20%,6.20%,9.60%,8.50%,6.30%,8.20%,7.30%,7.90%,7.30%,7.70%,7.60%,3.70%,1.70%,3.00%,,88.30%,87.50%,86.80%,27.90%,23.60%,,(X),(X),(X),,100.00%,87.80%,49.90%,5.50%,0.20%,26.10%,0.20%,5.90%,12.20%,,112.50%,61.30%,6.40%,0.50%,28.00%,0.20%,16.10%,,100.00%,19.60%,80.40%,,100.00%,19.60%,4.80%,0.50%,0.10%,0.20%,0.00%,5.00%,8.90%,80.40%,45.10%,5.00%,0.00%,25.90%,0.10%,0.90%,3.30%,,100.00%,100.00%,53.40%,19.10%,1.10%,2.50%,0.80%,16.00%,11.80%,0.80%,0.60%,3.80%,2.40%,0.00%,0.00%,0.00%,0.00%,0.00%,0.00%,0.00%,,100.00%,39.00%,9.90%,7.10%,0.60%,21.50%,16.60%,4.60%,1.70%,32.50%,23.50%,9.60%,2.00%,16.40%,31.40%,,100.00%,95.50%,4.50%,1.70%,0.30%,0.80%,0.10%,0.40%,1.20%,,(X),(X),,100.00%,64.00%,36.00%,False,45.1,5.0,25.9,0.0,0.9,19.6,False
Census Tract 150.03; Hudson County; New Jersey!!Percent,100.00%,7.60%,6.60%,6.50%,7.20%,7.10%,9.40%,8.50%,8.30%,6.90%,5.80%,6.00%,6.80%,3.90%,3.20%,2.50%,1.10%,1.50%,1.30%,,77.70%,74.90%,70.70%,11.80%,9.60%,100.00%,7.20%,6.90%,5.40%,6.90%,8.50%,9.40%,9.10%,8.80%,6.40%,6.00%,6.00%,7.30%,2.90%,2.90%,2.30%,1.00%,1.40%,1.40%,,79.10%,76.20%,71.40%,10.70%,9.10%,100.00%,7.90%,6.20%,7.50%,7.50%,5.70%,9.50%,7.90%,7.80%,7.30%,5.50%,6.00%,6.30%,4.70%,3.50%,2.70%,1.30%,1.60%,1.10%,,76.40%,73.70%,70.00%,12.80%,10.20%,,(X),(X),(X),,100.00%,80.20%,24.00%,3.20%,2.40%,2.50%,0.10%,48.00%,19.80%,,121.30%,40.30%,6.50%,3.80%,3.20%,0.40%,67.10%,,100.00%,84.50%,15.50%,,100.00%,84.50%,13.60%,1.60%,2.40%,0.10%,0.10%,47.40%,19.30%,15.50%,10.40%,1.60%,0.00%,2.40%,0.00%,0.60%,0.50%,,100.00%,100.00%,34.00%,13.00%,0.40%,2.30%,0.10%,31.10%,21.20%,2.30%,1.80%,11.00%,5.70%,0.00%,0.00%,0.00%,0.00%,0.00%,0.00%,0.00%,,100.00%,40.00%,19.50%,6.30%,3.60%,21.80%,10.80%,3.20%,3.50%,31.90%,10.60%,3.50%,9.10%,42.90%,23.60%,,100.00%,95.50%,4.50%,2.20%,0.10%,0.10%,0.50%,0.20%,1.40%,,(X),(X),,100.00%,19.70%,80.30%,False,10.4,1.6,2.4,0.0,0.6,84.5,False
Census Tract 150.04; Hudson County; New Jersey!!Percent,100.00%,5.70%,4.90%,3.90%,5.30%,6.80%,7.40%,8.80%,8.70%,7.10%,7.00%,6.20%,6.70%,5.90%,4.80%,3.40%,2.60%,2.30%,2.30%,,84.40%,81.70%,78.50%,18.60%,15.50%,100.00%,6.00%,6.10%,3.90%,5.10%,7.70%,7.90%,9.40%,9.40%,6.80%,7.10%,6.00%,6.50%,6.10%,4.80%,2.80%,1.70%,1.40%,1.40%,,82.50%,80.50%,77.00%,15.20%,12.00%,100.00%,5.40%,3.90%,3.90%,5.60%,5.90%,6.90%,8.30%,8.10%,7.50%,7.00%,6.50%,6.90%,5.60%,4.80%,4.00%,3.40%,3.20%,3.20%,,86.20%,82.80%,79.90%,21.70%,18.60%,,(X),(X),(X),,100.00%,76.90%,29.10%,4.50%,1.30%,5.80%,0.00%,36.20%,23.10%,,124.40%,49.20%,7.30%,2.50%,7.10%,0.20%,58.10%,,100.00%,72.20%,27.80%,,100.00%,72.20%,12.70%,1.10%,1.20%,0.30%,0.00%,35.20%,21.80%,27.80%,16.40%,3.40%,0.20%,5.50%,0.00%,1.00%,1.30%,,100.00%,100.00%,44.30%,12.60%,0.40%,3.40%,0.40%,25.00%,15.50%,1.40%,1.20%,8.10%,4.40%,0.00%,0.00%,0.00%,0.00%,0.00%,0.00%,0.00%,,100.00%,29.30%,11.30%,8.50%,3.00%,25.20%,15.00%,4.20%,2.90%,37.00%,20.90%,9.40%,6.20%,26.40%,28.60%,,100.00%,96.10%,3.90%,1.70%,0.20%,0.00%,0.00%,0.10%,1.90%,,(X),(X),,100.00%,18.50%,81.50%,False,16.4,3.4,5.5,0.2,1.0,72.2,False
Census Tract 151; Hudson County; New Jersey!!Percent,100.00%,6.80%,6.40%,6.30%,6.60%,7.20%,8.10%,9.10%,8.80%,7.20%,6.20%,4.90%,6.60%,5.10%,4.10%,2.40%,1.80%,1.40%,1.30%,,79.00%,76.30%,72.50%,13.40%,10.90%,100.00%,6.90%,6.80%,6.80%,6.90%,7.70%,7.80%,9.20%,8.30%,7.70%,7.20%,4.40%,6.70%,4.90%,3.70%,1.60%,1.10%,1.00%,1.10%,,77.90%,74.90%,71.00%,11.00%,8.60%,100.00%,6.70%,6.10%,5.70%,6.30%,6.80%,8.40%,8.90%,9.20%,6.60%,5.10%,5.30%,6.40%,5.30%,4.40%,3.20%,2.50%,1.70%,1.40%,,80.10%,77.70%,74.00%,15.90%,13.30%,,(X),(X),(X),,100.00%,80.20%,23.20%,2.30%,2.80%,4.20%,0.00%,47.70%,19.80%,,120.70%,41.10%,4.70%,3.80%,5.00%,0.30%,65.80%,,100.00%,79.30%,20.70%,,100.00%,79.30%,10.80%,0.80%,2.80%,0.20%,0.00%,46.10%,18.60%,20.70%,12.30%,1.60%,0.00%,4.00%,0.00%,1.50%,1.20%,,100.00%,99.60%,33.10%,12.10%,0.20%,2.10%,0.10%,32.00%,20.00%,2.10%,1.50%,12.20%,5.60%,0.40%,0.00%,0.00%,0.00%,0.40%,0.10%,0.20%,,100.00%,37.10%,17.60%,7.20%,3.10%,23.10%,10.80%,2.40%,3.50%,32.60%,11.50%,5.20%,8.80%,39.10%,26.90%,,100.00%,95.40%,4.60%,1.40%,0.20%,0.60%,0.00%,0.30%,2.10%,,(X),(X),,100.00%,24.50%,75.50%,False,12.3,1.6,4.0,0.0,1.5,79.3,False
Census Tract 152.01; Hudson County; New Jersey!!Percent,100.00%,7.20%,3.60%,2.30%,1.70%,2.20%,8.10%,13.10%,11.80%,7.70%,7.30%,6.60%,7.30%,5.60%,5.00%,3.40%,2.50%,2.60%,2.00%,,86.40%,85.70%,84.80%,18.90%,15.50%,100.00%,6.70%,4.30%,2.50%,2.30%,2.20%,7.50%,13.50%,12.50%,8.20%,7.60%,6.30%,7.70%,5.20%,4.30%,2.80%,2.30%,2.30%,1.80%,,85.90%,84.70%,83.90%,16.50%,13.50%,100.00%,7.70%,3.00%,2.20%,1.20%,2.20%,8.60%,12.70%,11.10%,7.30%,7.00%,6.90%,6.90%,6.00%,5.80%,3.90%,2.60%,2.90%,2.20%,,86.80%,86.60%,85.70%,21.20%,17.40%,,(X),(X),(X),,100.00%,86.60%,45.90%,4.50%,0.20%,29.90%,0.00%,6.00%,13.40%,,114.00%,58.50%,6.00%,0.90%,31.60%,0.10%,16.90%,,100.00%,17.70%,82.30%,,100.00%,17.70%,2.80%,0.10%,0.00%,0.10%,0.00%,4.90%,9.70%,82.30%,43.10%,4.40%,0.20%,29.90%,0.00%,1.10%,3.70%,,100.00%,100.00%,51.60%,19.70%,1.10%,3.30%,0.70%,17.00%,13.40%,0.50%,0.30%,4.20%,2.00%,0.00%,0.00%,0.00%,0.00%,0.00%,0.00%,0.00%,,100.00%,40.50%,15.10%,7.90%,0.70%,22.40%,16.90%,3.80%,1.30%,29.20%,23.30%,8.40%,1.20%,19.70%,25.20%,,100.00%,93.40%,6.60%,2.30%,0.60%,1.30%,0.70%,0.60%,1.20%,,(X),(X),,100.00%,64.50%,35.50%,False,43.1,4.4,29.9,0.2,1.1,17.7,False
Census Tract 152.02; Hudson County; New Jersey!!Percent,100.00%,5.00%,5.70%,4.90%,5.60%,5.40%,9.00%,11.70%,9.80%,7.70%,6.80%,6.50%,5.60%,4.70%,4.10%,2.80%,1.90%,1.40%,1.50%,,83.10%,81.10%,77.70%,14.20%,11.70%,100.00%,4.80%,6.20%,5.10%,5.40%,5.30%,9.10%,11.90%,10.30%,8.40%,6.90%,6.50%,5.20%,4.70%,4.20%,2.40%,1.30%,1.20%,1.10%,,82.60%,80.60%,77.30%,12.60%,10.20%,100.00%,5.20%,5.20%,4.70%,5.70%,5.40%,9.00%,11.50%,9.30%,7.00%,6.60%,6.60%,5.90%,4.70%,4.00%,3.20%,2.60%,1.60%,1.80%,,83.70%,81.70%,78.00%,15.70%,13.20%,,(X),(X),(X),,100.00%,80.00%,26.00%,4.90%,1.80%,6.30%,0.00%,40.90%,20.00%,,121.00%,43.60%,7.70%,2.90%,6.90%,0.20%,59.60%,,100.00%,70.40%,29.60%,,100.00%,70.40%,9.70%,1.00%,1.60%,0.10%,0.00%,39.50%,18.50%,29.60%,16.30%,4.00%,0.20%,6.20%,0.00%,1.40%,1.50%,,100.00%,100.00%,41.40%,13.50%,0.40%,2.90%,0.30%,24.80%,16.20%,1.70%,1.40%,9.40%,5.60%,0.00%,0.00%,0.00%,0.00%,0.00%,0.00%,0.00%,,100.00%,33.40%,14.30%,7.70%,2.80%,25.70%,15.70%,2.80%,2.60%,33.10%,17.40%,6.00%,5.60%,28.20%,22.60%,,100.00%,93.80%,6.20%,3.60%,0.20%,0.70%,0.00%,0.70%,0.90%,,(X),(X),,100.00%,17.60%,82.40%,False,16.3,4.0,6.2,0.2,1.4,70.4,False
Census Tract 153; Hudson County; New Jersey!!Percent,100.00%,5.00%,6.30%,6.70%,6.40%,6.30%,7.80%,10.00%,7.70%,7.90%,6.50%,6.60%,6.20%,5.90%,3.60%,2.50%,1.60%,1.30%,1.60%,,80.70%,77.90%,74.50%,13.90%,10.60%,100.00%,5.70%,5.90%,7.50%,6.40%,6.80%,7.40%,10.60%,7.60%,8.20%,6.40%,6.30%,6.00%,5.90%,3.40%,2.50%,1.20%,0.80%,1.30%,,79.80%,76.80%,73.70%,12.50%,9.20%,100.00%,4.30%,6.70%,6.00%,6.40%,5.70%,8.20%,9.40%,7.80%,7.50%,6.70%,7.00%,6.40%,6.00%,3.80%,2.50%,2.00%,1.70%,2.00%,,81.70%,78.90%,75.30%,15.40%,12.00%,,(X),(X),(X),,100.00%,77.30%,15.90%,3.30%,2.20%,3.10%,0.10%,52.60%,22.70%,,124.00%,35.90%,6.00%,3.60%,4.00%,0.20%,74.30%,,100.00%,84.00%,16.00%,,100.00%,84.00%,7.60%,0.90%,2.10%,0.10%,0.10%,51.40%,21.70%,16.00%,8.30%,2.40%,0.10%,3.00%,0.00%,1.30%,1.00%,,100.00%,100.00%,37.70%,12.50%,0.40%,3.20%,0.10%,28.40%,19.10%,1.60%,1.40%,10.50%,5.70%,0.00%,0.00%,0.00%,0.00%,0.00%,0.00%,0.00%,,100.00%,34.10%,14.80%,8.60%,4.20%,23.40%,13.30%,3.00%,2.30%,33.90%,14.20%,5.70%,8.30%,33.80%,21.50%,,100.00%,94.80%,5.20%,3.30%,0.00%,0.10%,0.20%,0.20%,1.50%,,(X),(X),,100.00%,11.70%,88.30%,False,8.3,2.4,3.0,0.1,1.3,84.0,False
Census Tract 155; Hudson County; New Jersey!!Percent,100.00%,4.80%,6.00%,6.30%,7.10%,7.30%,7.80%,8.10%,7.30%,7.30%,6.40%,6.20%,6.40%,5.00%,4.50%,3.00%,2.30%,2.20%,1.90%,,81.40%,78.60%,74.50%,17.20%,13.90%,100.00%,5.30%,6.70%,6.90%,7.20%,8.20%,8.50%,8.00%,7.30%,7.50%,6.60%,5.90%,6.00%,4.70%,3.80%,2.20%,1.90%,1.70%,1.50%,,80.00%,77.10%,72.50%,14.20%,11.20%,100.00%,4.40%,5.30%,5.70%,7.00%,6.40%,7.10%,8.20%,7.30%,7.10%,6.10%,6.50%,6.90%,5.40%,5.20%,3.70%,2.70%,2.70%,2.20%,,82.90%,80.10%,76.40%,20.10%,16.60%,,(X),(X),(X),,100.00%,76.40%,18.90%,2.20%,3.50%,3.10%,0.00%,48.60%,23.60%,,124.40%,38.90%,5.40%,5.20%,3.60%,0.20%,71.10%,,100.00%,85.80%,14.20%,,100.00%,85.80%,10.90%,1.10%,3.40%,0.10%,0.00%,47.90%,22.50%,14.20%,8.10%,1.10%,0.20%,3.00%,0.00%,0.70%,1.10%,,100.00%,100.00%,35.10%,12.90%,0.50%,2.60%,0.20%,29.80%,17.90%,2.40%,1.70%,10.70%,5.80%,0.00%,0.00%,0.00%,0.00%,0.00%,0.00%,0.00%,,100.00%,37.60%,15.50%,7.70%,3.10%,21.20%,10.30%,4.70%,2.90%,33.50%,16.30%,10.00%,7.30%,34.00%,31.90%,,100.00%,94.50%,5.50%,2.50%,0.30%,0.80%,0.20%,0.00%,1.70%,,(X),(X),,100.00%,20.20%,79.80%,False,8.1,1.1,3.0,0.2,0.7,85.8,False
Census Tract 156; Hudson County; New Jersey!!Percent,100.00%,5.40%,6.30%,5.90%,6.20%,6.20%,8.00%,8.10%,8.00%,7.60%,6.80%,6.60%,5.70%,6.00%,4.90%,3.00%,1.90%,1.40%,2.10%,,81.30%,78.50%,75.10%,16.90%,13.30%,100.00%,6.70%,6.90%,6.20%,6.40%,6.50%,7.70%,8.10%,9.00%,7.50%,7.50%,6.30%,5.50%,5.00%,4.00%,2.50%,1.10%,1.00%,2.00%,,79.20%,76.20%,72.20%,13.30%,10.60%,100.00%,4.20%,5.70%,5.60%,6.00%,5.90%,8.20%,8.00%,7.10%,7.70%,6.10%,6.90%,6.00%,6.90%,5.80%,3.40%,2.70%,1.80%,2.10%,,83.20%,80.60%,77.80%,20.20%,15.80%,,(X),(X),(X),,100.00%,75.40%,17.90%,3.60%,2.80%,3.10%,0.20%,47.90%,24.60%,,125.70%,39.40%,6.70%,4.30%,3.60%,0.30%,71.40%,,100.00%,85.00%,15.00%,,100.00%,85.00%,10.20%,1.00%,2.80%,0.00%,0.10%,47.30%,23.60%,15.00%,7.80%,2.60%,0.00%,3.00%,0.00%,0.60%,1.00%,,100.00%,98.30%,36.50%,11.80%,0.30%,2.70%,0.00%,29.00%,17.90%,2.10%,1.70%,10.50%,5.40%,1.70%,1.70%,0.90%,0.90%,0.00%,0.00%,0.00%,,100.00%,33.10%,14.90%,7.50%,4.00%,20.80%,10.40%,2.50%,1.90%,38.50%,15.70%,7.30%,8.40%,33.80%,23.90%,,100.00%,94.50%,5.50%,2.60%,0.50%,0.30%,0.00%,0.00%,2.00%,,(X),(X),,100.00%,9.90%,90.10%,False,7.8,2.6,3.0,0.0,0.6,85.0,False
Census Tract 157; Hudson County; New Jersey!!Percent,100.00%,5.90%,5.00%,8.00%,6.80%,6.80%,8.60%,8.50%,8.60%,7.40%,7.20%,6.40%,6.20%,4.30%,3.40%,2.40%,1.70%,1.30%,1.40%,,79.90%,76.80%,72.80%,13.00%,10.30%,100.00%,6.00%,5.20%,8.80%,6.50%,6.90%,9.60%,9.20%,8.70%,7.90%,6.80%,6.30%,6.50%,3.40%,3.20%,2.00%,1.20%,1.10%,0.70%,,79.00%,76.20%,71.80%,10.30%,8.20%,100.00%,5.90%,4.70%,7.20%,7.10%,6.80%,7.40%,7.80%,8.40%,6.90%,7.70%,6.40%,5.80%,5.20%,3.70%,2.80%,2.30%,1.60%,2.30%,,80.80%,77.50%,73.80%,15.90%,12.60%,,(X),(X),(X),,100.00%,78.40%,15.60%,3.10%,3.10%,1.00%,0.00%,55.60%,21.60%,,122.70%,33.90%,5.90%,5.10%,1.20%,0.10%,76.40%,,100.00%,90.60%,9.40%,,100.00%,90.60%,10.00%,1.50%,3.00%,0.10%,0.00%,54.90%,21.10%,9.40%,5.60%,1.60%,0.00%,1.00%,0.00%,0.70%,0.50%,,100.00%,99.90%,33.30%,11.90%,0.30%,3.30%,0.10%,31.50%,19.30%,2.40%,2.00%,11.40%,5.80%,0.10%,0.00%,0.00%,0.00%,0.10%,0.00%,0.10%,,100.00%,36.50%,17.00%,9.70%,5.90%,22.90%,10.20%,1.40%,2.90%,30.80%,11.10%,4.90%,7.90%,39.70%,22.80%,,100.00%,94.20%,5.80%,1.60%,0.20%,0.40%,0.00%,0.70%,2.90%,,(X),(X),,100.00%,13.70%,86.30%,False,5.6,1.6,1.0,0.0,0.7,90.6,False
Census Tract 158.01; Hudson County; New Jersey!!Percent,100.00%,10.10%,2.70%,1.60%,0.70%,3.30%,11.90%,20.20%,16.60%,9.90%,6.40%,4.60%,4.60%,3.10%,2.20%,0.90%,0.60%,0.30%,0.20%,,85.60%,85.30%,84.60%,6.10%,4.20%,100.00%,9.60%,2.70%,1.70%,0.60%,3.80%,11.30%,19.00%,16.60%,11.00%,6.20%,5.30%,4.40%,3.60%,2.10%,1.20%,0.60%,0.20%,0.20%,,85.90%,85.60%,84.90%,6.40%,4.30%,100.00%,10.50%,2.60%,1.60%,0.90%,2.80%,12.60%,21.50%,16.70%,8.70%,6.60%,4.00%,4.70%,2.70%,2.20%,0.70%,0.70%,0.30%,0.20%,,85.20%,85.10%,84.20%,5.70%,4.20%,,(X),(X),(X),,100.00%,90.80%,42.20%,3.80%,0.20%,41.80%,0.00%,2.90%,9.20%,,110.00%,50.80%,5.00%,1.00%,43.60%,0.20%,9.30%,,100.00%,10.10%,89.90%,,100.00%,10.10%,2.00%,0.30%,0.10%,0.20%,0.00%,2.30%,5.20%,89.90%,40.10%,3.50%,0.10%,41.60%,0.00%,0.60%,4.00%,,100.00%,100.00%,50.20%,22.10%,0.50%,3.90%,0.30%,17.30%,14.20%,0.20%,0.20%,3.00%,2.50%,0.00%,0.00%,0.00%,0.00%,0.00%,0.00%,0.00%,,100.00%,46.00%,18.20%,8.70%,0.50%,22.60%,17.20%,1.10%,0.80%,22.80%,15.50%,0.50%,2.30%,23.00%,8.40%,,100.00%,89.50%,10.50%,8.90%,0.10%,0.40%,0.00%,0.70%,0.40%,,(X),(X),,100.00%,24.30%,75.70%,False,40.1,3.5,41.6,0.1,0.6,10.1,False
Census Tract 158.02; Hudson County; New Jersey!!Percent,100.00%,3.80%,4.70%,5.00%,4.70%,5.70%,6.30%,6.80%,7.50%,6.40%,5.70%,6.10%,6.90%,6.10%,5.80%,4.60%,4.80%,4.10%,4.90%,,85.60%,83.70%,80.60%,27.50%,24.10%,100.00%,4.60%,5.40%,5.80%,6.10%,6.10%,7.20%,7.30%,8.00%,6.60%,6.90%,6.30%,6.70%,4.90%,5.10%,3.10%,3.60%,3.00%,3.30%,,83.30%,80.60%,77.30%,20.60%,18.10%,100.00%,3.10%,4.20%,4.30%,3.50%,5.30%,5.50%,6.50%,7.10%,6.30%,4.80%,6.00%,7.10%,7.00%,6.30%,5.80%,5.90%,5.00%,6.10%,,87.50%,86.40%,83.40%,33.30%,29.20%,,(X),(X),(X),,100.00%,67.90%,22.00%,4.00%,1.20%,3.20%,0.00%,37.50%,32.10%,,133.10%,50.40%,7.20%,3.00%,3.70%,0.10%,68.80%,,100.00%,84.40%,15.60%,,100.00%,84.40%,13.30%,1.80%,1.10%,0.10%,0.00%,36.80%,31.30%,15.60%,8.70%,2.20%,0.10%,3.00%,0.00%,0.70%,0.90%,,100.00%,100.00%,44.20%,14.30%,0.40%,2.10%,0.10%,23.90%,13.70%,2.20%,1.50%,8.40%,4.50%,0.00%,0.00%,0.00%,0.00%,0.00%,0.00%,0.00%,,100.00%,33.20%,10.40%,5.40%,2.30%,17.30%,11.20%,3.80%,0.90%,44.20%,28.10%,18.20%,5.40%,22.80%,41.60%,,100.00%,95.00%,5.00%,2.80%,0.30%,0.20%,0.00%,0.30%,1.30%,,(X),(X),,100.00%,8.80%,91.20%,True,8.7,2.2,3.0,0.1,0.7,84.4,False
Census Tract 159; Hudson County; New Jersey!!Percent,100.00%,6.50%,6.70%,7.40%,6.90%,7.20%,7.90%,9.30%,9.40%,7.50%,6.80%,6.10%,5.30%,4.00%,3.40%,2.10%,1.40%,1.30%,0.90%,,77.80%,75.30%,71.20%,11.40%,9.00%,100.00%,6.70%,7.10%,7.50%,7.40%,8.10%,7.60%,8.90%,9.90%,7.40%,6.90%,5.60%,5.20%,3.50%,3.40%,2.10%,1.00%,1.10%,0.60%,,76.80%,74.60%,70.00%,10.30%,8.10%,100.00%,6.20%,6.20%,7.30%,6.30%,6.20%,8.20%,9.70%,8.90%,7.60%,6.70%,6.60%,5.40%,4.50%,3.40%,2.20%,1.80%,1.40%,1.20%,,78.80%,76.10%,72.50%,12.50%,10.00%,,(X),(X),(X),,100.00%,77.70%,15.80%,3.30%,4.80%,2.70%,0.10%,51.00%,22.30%,,123.40%,34.60%,5.50%,7.10%,3.20%,0.40%,72.60%,,100.00%,87.90%,12.10%,,100.00%,87.90%,9.70%,1.40%,4.70%,0.20%,0.10%,50.20%,21.60%,12.10%,6.20%,1.90%,0.00%,2.50%,0.00%,0.80%,0.70%,,100.00%,100.00%,33.20%,12.30%,0.40%,3.30%,0.10%,31.40%,20.90%,2.30%,1.80%,11.00%,5.90%,0.00%,0.00%,0.00%,0.00%,0.00%,0.00%,0.00%,,100.00%,38.30%,19.90%,10.50%,6.20%,21.50%,10.30%,2.20%,2.10%,29.80%,10.30%,3.70%,7.50%,40.60%,21.50%,,100.00%,96.00%,4.00%,2.60%,0.50%,0.00%,0.10%,0.00%,0.70%,,(X),(X),,100.00%,9.60%,90.40%,False,6.2,1.9,2.5,0.0,0.8,87.9,False
Census Tract 160; Hudson County; New Jersey!!Percent,100.00%,5.60%,5.80%,6.90%,6.50%,6.50%,8.80%,9.70%,8.30%,6.60%,6.70%,6.50%,6.20%,5.20%,3.80%,2.60%,1.70%,1.10%,1.50%,,80.70%,77.90%,74.00%,13.00%,10.70%,100.00%,5.40%,6.20%,8.20%,6.60%,7.10%,8.20%,10.20%,9.40%,6.70%,5.30%,6.60%,6.10%,5.00%,3.30%,2.50%,1.50%,0.70%,1.20%,,78.80%,76.30%,72.60%,11.10%,9.10%,100.00%,5.80%,5.40%,5.60%,6.40%,5.90%,9.30%,9.20%,7.30%,6.40%,8.10%,6.50%,6.40%,5.40%,4.50%,2.60%,2.00%,1.40%,1.80%,,82.60%,79.40%,75.50%,14.90%,12.30%,,(X),(X),(X),,100.00%,75.50%,19.50%,3.40%,3.20%,3.10%,0.00%,46.20%,24.50%,,125.90%,41.60%,5.80%,5.10%,3.60%,0.10%,69.70%,,100.00%,85.30%,14.70%,,100.00%,85.30%,12.40%,1.10%,3.00%,0.00%,0.00%,45.50%,23.30%,14.70%,7.10%,2.30%,0.30%,3.10%,0.00%,0.70%,1.20%,,100.00%,99.80%,35.80%,13.20%,0.10%,3.40%,0.00%,30.20%,18.70%,1.70%,1.30%,10.60%,4.70%,0.20%,0.00%,0.00%,0.00%,0.20%,0.10%,0.10%,,100.00%,36.50%,16.20%,9.70%,4.50%,21.60%,11.30%,2.00%,2.00%,32.20%,11.70%,4.50%,8.30%,34.70%,23.40%,,100.00%,95.20%,4.80%,2.30%,0.70%,0.10%,0.10%,0.00%,1.50%,,(X),(X),,100.00%,19.90%,80.10%,True,7.1,2.3,3.1,0.3,0.7,85.3,False
Census Tract 161; Hudson County; New Jersey!!Percent,100.00%,5.60%,6.20%,7.60%,7.50%,7.60%,7.10%,6.70%,8.40%,6.70%,7.30%,7.10%,6.10%,5.60%,3.40%,3.00%,1.90%,1.00%,1.30%,,79.00%,76.20%,71.30%,13.70%,10.50%,100.00%,5.10%,5.90%,8.20%,8.10%,8.30%,6.80%,7.00%,9.00%,6.60%,7.00%,6.70%,6.10%,5.80%,3.70%,2.20%,1.40%,1.10%,1.00%,,79.30%,75.90%,71.00%,12.80%,9.40%,100.00%,6.20%,6.50%,6.90%,7.00%,6.80%,7.30%,6.50%,7.80%,6.80%,7.50%,7.50%,6.20%,5.40%,3.10%,3.80%,2.30%,0.90%,1.60%,,78.60%,76.50%,71.70%,14.60%,11.70%,,(X),(X),(X),,100.00%,72.90%,16.00%,2.80%,2.60%,2.60%,0.10%,48.70%,27.10%,,128.50%,39.50%,6.20%,4.50%,3.50%,0.20%,74.70%,,100.00%,87.70%,12.30%,,100.00%,87.70%,10.00%,0.90%,2.60%,0.20%,0.00%,48.10%,25.90%,12.30%,6.00%,1.90%,0.10%,2.40%,0.10%,0.70%,1.20%,,100.00%,100.00%,33.20%,11.40%,0.30%,3.20%,0.00%,32.60%,20.50%,1.90%,1.50%,10.90%,6.40%,0.00%,0.00%,0.00%,0.00%,0.00%,0.00%,0.00%,,100.00%,35.00%,18.30%,9.80%,5.30%,23.10%,11.80%,3.50%,3.00%,32.10%,10.40%,6.00%,9.60%,42.20%,24.00%,,100.00%,93.10%,6.90%,4.50%,0.00%,0.10%,0.10%,0.70%,1.40%,,(X),(X),,100.00%,15.30%,84.70%,True,6.0,1.9,2.4,0.1,0.7,87.7,False
Census Tract 162; Hudson County; New Jersey!!Percent,100.00%,5.90%,6.20%,7.40%,5.80%,6.90%,8.00%,7.30%,7.50%,7.50%,7.00%,7.70%,6.70%,5.60%,4.10%,2.50%,1.80%,1.20%,0.80%,,79.30%,76.90%,73.10%,13.30%,10.40%,100.00%,5.90%,6.50%,7.60%,5.80%,7.00%,8.20%,7.50%,8.00%,7.80%,6.70%,8.10%,6.70%,5.30%,3.30%,2.20%,1.60%,1.10%,0.70%,,79.40%,76.70%,72.20%,12.00%,8.90%,100.00%,5.90%,5.90%,7.10%,5.90%,6.80%,7.80%,7.10%,6.90%,7.10%,7.40%,7.40%,6.60%,5.90%,4.90%,2.80%,2.00%,1.40%,0.90%,,79.10%,77.10%,74.10%,14.80%,12.00%,,(X),(X),(X),,100.00%,75.90%,18.90%,2.80%,2.50%,1.30%,0.00%,50.50%,24.10%,,124.90%,39.90%,5.40%,4.00%,2.00%,0.00%,73.50%,,100.00%,89.00%,11.00%,,100.00%,89.00%,12.10%,1.80%,2.40%,0.10%,0.00%,49.60%,23.10%,11.00%,6.70%,1.00%,0.10%,1.20%,0.00%,0.90%,1.00%,,100.00%,99.20%,33.50%,11.70%,0.20%,3.00%,0.10%,31.30%,19.40%,2.50%,2.10%,9.80%,7.00%,0.80%,0.00%,0.00%,0.00%,0.80%,0.60%,0.20%,,100.00%,34.30%,16.40%,9.50%,5.30%,24.20%,11.20%,3.20%,2.50%,32.00%,11.80%,4.50%,8.60%,38.00%,22.90%,,100.00%,93.70%,6.30%,3.90%,0.10%,0.00%,0.00%,0.10%,2.20%,,(X),(X),,100.00%,11.90%,88.10%,True,6.7,1.0,1.2,0.1,0.9,89.0,False
Census Tract 163; Hudson County; New Jersey!!Percent,100.00%,5.10%,5.50%,5.90%,5.90%,5.60%,7.30%,8.80%,8.50%,7.70%,6.40%,6.50%,6.40%,5.20%,4.60%,3.60%,2.90%,1.90%,2.20%,,82.10%,79.80%,76.50%,18.20%,15.10%,100.00%,5.60%,5.80%,5.90%,6.70%,6.50%,7.40%,9.30%,8.80%,8.90%,5.50%,5.90%,6.60%,4.50%,3.90%,3.40%,2.40%,1.30%,1.50%,,81.00%,78.70%,75.10%,15.50%,12.60%,100.00%,4.60%,5.30%,5.90%,5.20%,4.70%,7.10%,8.40%,8.20%,6.60%,7.20%,7.10%,6.30%,5.80%,5.20%,3.70%,3.40%,2.40%,2.90%,,83.10%,80.90%,77.80%,20.70%,17.50%,,(X),(X),(X),,100.00%,71.80%,19.60%,2.90%,2.70%,4.10%,0.00%,42.50%,28.20%,,129.50%,45.10%,6.00%,4.30%,4.80%,0.10%,69.10%,,100.00%,83.80%,16.20%,,100.00%,83.80%,11.00%,0.90%,2.40%,0.10%,0.00%,42.10%,27.20%,16.20%,8.50%,2.00%,0.30%,3.90%,0.00%,0.40%,1.00%,,100.00%,100.00%,37.10%,13.40%,0.40%,3.20%,0.10%,28.60%,17.20%,2.10%,1.60%,9.50%,5.60%,0.00%,0.00%,0.00%,0.00%,0.00%,0.00%,0.00%,,100.00%,37.00%,14.90%,9.10%,5.30%,18.80%,10.30%,2.20%,1.00%,35.10%,13.60%,6.50%,7.40%,33.00%,26.00%,,100.00%,95.70%,4.30%,2.80%,0.10%,0.20%,0.00%,0.00%,1.20%,,(X),(X),,100.00%,18.70%,81.30%,False,8.5,2.0,3.9,0.3,0.4,83.8,False
Census Tract 164; Hudson County; New Jersey!!Percent,100.00%,4.70%,5.70%,5.70%,6.10%,7.00%,7.70%,7.90%,7.00%,8.10%,6.50%,7.20%,6.60%,5.00%,4.40%,3.30%,2.80%,2.50%,1.80%,,82.60%,80.50%,76.50%,17.70%,14.80%,100.00%,5.20%,5.60%,6.70%,6.70%,7.80%,7.80%,8.10%,7.80%,8.90%,6.00%,6.50%,6.00%,4.60%,3.80%,2.20%,2.30%,2.30%,1.60%,,80.90%,78.40%,74.10%,14.80%,12.20%,100.00%,4.20%,5.80%,4.60%,5.50%,6.20%,7.60%,7.70%,6.20%,7.30%,7.00%,7.90%,7.10%,5.50%,5.00%,4.40%,3.30%,2.70%,2.00%,,84.30%,82.70%,78.90%,20.60%,17.50%,,(X),(X),(X),,100.00%,72.50%,19.20%,2.80%,2.70%,2.40%,0.00%,45.50%,27.50%,,128.50%,43.20%,5.50%,4.90%,3.50%,0.20%,71.20%,,100.00%,85.90%,14.10%,,100.00%,85.90%,10.60%,1.30%,2.60%,0.20%,0.00%,44.80%,26.40%,14.10%,8.50%,1.50%,0.10%,2.10%,0.00%,0.70%,1.10%,,100.00%,99.40%,36.70%,12.30%,0.20%,3.30%,0.20%,28.70%,16.30%,2.00%,1.50%,10.50%,5.50%,0.60%,0.00%,0.00%,0.00%,0.60%,0.40%,0.20%,,100.00%,33.50%,12.90%,9.90%,4.40%,22.50%,11.50%,4.10%,2.20%,34.00%,15.20%,8.40%,7.00%,31.40%,29.90%,,100.00%,94.10%,5.90%,2.20%,1.20%,0.10%,0.10%,0.30%,1.80%,,(X),(X),,100.00%,17.20%,82.80%,False,8.5,1.5,2.1,0.1,0.7,85.9,False
Census Tract 165; Hudson County; New Jersey!!Percent,100.00%,5.80%,5.50%,5.30%,4.90%,6.80%,8.90%,10.60%,9.30%,6.50%,5.60%,6.30%,5.60%,5.00%,4.20%,3.10%,2.00%,2.10%,2.50%,,82.40%,80.50%,77.30%,17.00%,13.90%,100.00%,6.40%,5.10%,5.20%,5.10%,6.70%,9.30%,10.60%,9.80%,6.30%,6.10%,7.00%,5.40%,4.60%,4.50%,2.90%,1.70%,1.70%,1.60%,,82.00%,80.00%,76.70%,15.00%,12.30%,100.00%,5.20%,5.80%,5.40%,4.60%,6.90%,8.60%,10.60%,8.80%,6.70%,5.10%,5.70%,5.80%,5.40%,3.90%,3.40%,2.30%,2.60%,3.30%,,82.80%,80.90%,77.90%,18.90%,15.40%,,(X),(X),(X),,100.00%,78.00%,29.00%,4.10%,2.30%,7.50%,0.00%,35.10%,22.00%,,123.20%,48.00%,7.40%,3.90%,8.20%,0.10%,55.50%,,100.00%,68.00%,32.00%,,100.00%,68.00%,10.70%,1.40%,2.10%,0.20%,0.00%,33.20%,20.40%,32.00%,18.40%,2.70%,0.20%,7.30%,0.00%,1.80%,1.60%,,100.00%,95.80%,37.70%,12.10%,0.40%,3.00%,0.30%,26.20%,17.00%,1.80%,1.40%,7.50%,6.70%,4.20%,2.80%,0.90%,1.90%,1.40%,1.10%,0.30%,,100.00%,34.00%,14.00%,8.70%,2.60%,24.80%,14.80%,3.00%,2.30%,32.50%,15.30%,4.80%,6.70%,29.20%,22.80%,,100.00%,91.90%,8.10%,3.10%,0.80%,0.70%,0.20%,0.30%,2.90%,,(X),(X),,100.00%,24.30%,75.70%,False,18.4,2.7,7.3,0.2,1.8,68.0,False
Census Tract 166; Hudson County; New Jersey!!Percent,100.00%,5.50%,6.50%,6.30%,6.90%,6.90%,7.50%,8.50%,8.00%,7.10%,6.30%,6.30%,6.60%,5.40%,3.90%,3.00%,2.40%,1.50%,1.40%,,80.10%,77.70%,73.20%,15.30%,12.10%,100.00%,5.90%,6.90%,6.10%,8.00%,7.80%,7.90%,9.10%,7.20%,7.40%,6.40%,6.10%,6.10%,5.00%,3.30%,2.60%,1.80%,1.00%,1.20%,,79.50%,76.60%,71.30%,12.90%,10.00%,100.00%,5.20%,6.20%,6.40%,5.90%,6.10%,7.10%,7.90%,8.60%,6.80%,6.20%,6.50%,7.10%,5.80%,4.40%,3.40%,2.90%,1.90%,1.60%,,80.60%,78.60%,74.90%,17.50%,14.10%,,(X),(X),(X),,100.00%,73.30%,22.50%,2.90%,2.70%,2.80%,0.00%,42.40%,26.70%,,127.70%,45.20%,6.70%,4.60%,3.20%,0.10%,67.90%,,100.00%,83.10%,16.90%,,100.00%,83.10%,12.10%,1.10%,2.60%,0.20%,0.00%,41.40%,25.60%,16.90%,10.40%,1.70%,0.10%,2.60%,0.00%,1.00%,1.10%,,100.00%,99.80%,34.90%,11.60%,0.30%,2.80%,0.20%,31.10%,18.30%,3.00%,2.50%,10.60%,5.20%,0.20%,0.00%,0.00%,0.00%,0.20%,0.20%,0.00%,,100.00%,33.90%,15.50%,8.20%,3.60%,19.90%,9.50%,1.90%,2.00%,38.10%,13.90%,6.10%,8.90%,34.70%,24.60%,,100.00%,93.00%,7.00%,2.70%,0.70%,0.30%,0.30%,0.00%,3.10%,,(X),(X),,100.00%,16.00%,84.00%,False,10.4,1.7,2.6,0.1,1.0,83.1,False
Census Tract 167; Hudson County; New Jersey!!Percent,100.00%,6.30%,7.40%,7.30%,6.20%,6.10%,7.60%,8.10%,10.10%,6.30%,7.40%,6.90%,6.20%,4.60%,2.90%,2.30%,1.90%,1.10%,1.10%,,77.60%,74.60%,71.90%,12.00%,9.30%,100.00%,6.50%,7.10%,8.30%,7.70%,6.90%,7.90%,8.20%,9.40%,6.30%,7.70%,6.80%,6.40%,4.00%,1.80%,1.70%,1.80%,0.70%,0.90%,,76.10%,72.50%,69.30%,8.70%,6.80%,100.00%,6.10%,7.80%,6.30%,4.70%,5.40%,7.20%,8.00%,10.80%,6.30%,7.10%,7.10%,6.00%,5.30%,4.10%,2.90%,2.10%,1.50%,1.40%,,79.10%,76.80%,74.70%,15.50%,11.90%,,(X),(X),(X),,100.00%,73.50%,22.30%,2.70%,2.40%,4.00%,0.00%,42.10%,26.50%,,128.10%,46.60%,5.10%,3.50%,4.70%,0.20%,68.00%,,100.00%,86.10%,13.90%,,100.00%,86.10%,14.90%,1.20%,2.20%,0.20%,0.00%,41.60%,26.00%,13.90%,7.40%,1.50%,0.20%,3.80%,0.00%,0.60%,0.50%,,100.00%,100.00%,34.50%,12.00%,0.50%,3.60%,0.00%,30.30%,20.80%,2.80%,2.30%,11.30%,5.00%,0.00%,0.00%,0.00%,0.00%,0.00%,0.00%,0.00%,,100.00%,36.30%,17.70%,8.80%,3.60%,21.20%,12.30%,3.40%,1.80%,33.70%,11.70%,4.40%,10.70%,39.20%,23.50%,,100.00%,91.80%,8.20%,3.90%,0.90%,0.70%,0.60%,0.30%,1.80%,,(X),(X),,100.00%,18.00%,82.00%,False,7.4,1.5,3.8,0.2,0.6,86.1,False
Census Tract 168; Hudson County; New Jersey!!Percent,100.00%,5.90%,6.10%,8.00%,6.60%,6.80%,8.50%,8.90%,8.60%,7.00%,7.70%,6.00%,5.90%,4.20%,4.00%,1.90%,1.60%,1.20%,1.20%,,78.60%,76.30%,72.30%,12.20%,9.90%,100.00%,5.70%,6.50%,7.50%,6.90%,7.20%,8.80%,9.60%,8.80%,7.20%,7.70%,5.90%,5.10%,4.70%,3.60%,1.60%,1.40%,0.90%,0.80%,,78.80%,76.20%,71.90%,11.00%,8.40%,100.00%,6.10%,5.60%,8.60%,6.30%,6.40%,8.00%,8.10%,8.50%,6.80%,7.70%,6.10%,6.70%,3.60%,4.50%,2.10%,1.90%,1.50%,1.60%,,78.40%,76.40%,72.80%,13.60%,11.50%,,(X),(X),(X),,100.00%,74.80%,19.00%,4.10%,3.30%,3.00%,0.00%,45.40%,25.20%,,126.00%,40.10%,6.60%,6.00%,3.50%,0.10%,69.70%,,100.00%,85.80%,14.20%,,100.00%,85.80%,13.30%,1.00%,2.80%,0.00%,0.00%,44.70%,24.00%,14.20%,5.70%,3.10%,0.50%,3.00%,0.00%,0.70%,1.30%,,100.00%,99.70%,34.20%,11.40%,0.40%,3.20%,0.10%,30.40%,19.70%,2.70%,2.30%,10.70%,6.60%,0.30%,0.00%,0.00%,0.00%,0.30%,0.20%,0.10%,,100.00%,33.80%,16.60%,9.90%,4.70%,26.40%,12.40%,2.30%,3.00%,29.90%,9.00%,4.40%,8.60%,38.50%,21.20%,,100.00%,95.20%,4.80%,2.10%,0.50%,0.10%,0.20%,0.40%,1.50%,,(X),(X),,100.00%,11.10%,88.90%,False,5.7,3.1,3.0,0.5,0.7,85.8,False
Census Tract 169; Hudson County; New Jersey!!Percent,100.00%,5.70%,6.20%,5.70%,6.50%,6.30%,7.60%,8.10%,7.90%,7.00%,6.10%,6.00%,6.20%,4.10%,4.30%,4.00%,2.70%,2.90%,2.80%,,81.00%,78.80%,74.30%,18.50%,16.70%,100.00%,5.90%,7.20%,5.30%,7.80%,7.30%,8.40%,7.10%,7.60%,7.40%,6.10%,5.40%,6.20%,4.00%,4.30%,3.60%,2.20%,2.50%,1.80%,,80.30%,77.00%,71.70%,16.30%,14.30%,100.00%,5.50%,5.30%,6.00%,5.10%,5.30%,6.70%,9.00%,8.20%,6.60%,6.10%,6.60%,6.30%,4.20%,4.30%,4.30%,3.30%,3.40%,3.80%,,81.70%,80.50%,76.80%,20.80%,19.10%,,(X),(X),(X),,100.00%,75.10%,18.00%,2.20%,2.30%,3.30%,0.10%,49.20%,24.90%,,126.60%,39.20%,5.10%,5.10%,4.00%,0.50%,72.70%,,100.00%,87.80%,12.20%,,100.00%,87.80%,11.50%,1.30%,2.20%,0.10%,0.10%,48.70%,23.90%,12.20%,6.50%,0.90%,0.10%,3.20%,0.00%,0.50%,1.00%,,100.00%,99.60%,36.80%,11.50%,0.10%,3.10%,0.10%,28.30%,17.20%,2.00%,1.70%,11.60%,6.30%,0.40%,0.00%,0.00%,0.00%,0.40%,0.20%,0.10%,,100.00%,32.30%,14.20%,7.90%,4.30%,22.90%,14.00%,5.10%,1.80%,36.90%,17.80%,10.80%,9.10%,33.00%,32.00%,,100.00%,93.10%,6.90%,3.10%,0.50%,0.00%,0.00%,0.00%,3.30%,,(X),(X),,100.00%,12.50%,87.50%,False,6.5,0.9,3.2,0.1,0.5,87.8,False
Census Tract 170; Hudson County; New Jersey!!Percent,100.00%,6.20%,6.80%,7.50%,6.80%,7.00%,7.60%,8.20%,8.20%,7.20%,7.20%,6.60%,5.80%,3.90%,3.40%,2.10%,1.60%,1.80%,2.20%,,78.40%,75.90%,71.10%,13.50%,11.10%,100.00%,6.20%,6.40%,7.90%,7.10%,6.80%,8.70%,8.60%,8.10%,7.90%,7.40%,6.60%,5.10%,3.50%,3.20%,1.90%,1.60%,1.80%,1.20%,,78.30%,75.80%,71.00%,11.90%,9.70%,100.00%,6.20%,7.20%,7.10%,6.40%,7.10%,6.70%,7.90%,8.20%,6.50%,7.10%,6.50%,6.40%,4.30%,3.60%,2.30%,1.60%,1.80%,3.10%,,78.40%,76.00%,71.10%,15.00%,12.40%,,(X),(X),(X),,100.00%,80.20%,15.70%,4.10%,2.50%,2.50%,0.10%,55.30%,19.80%,,120.80%,32.10%,7.40%,4.00%,3.00%,0.40%,73.90%,,100.00%,85.70%,14.30%,,100.00%,85.70%,8.60%,1.60%,2.30%,0.10%,0.10%,54.20%,18.80%,14.30%,7.10%,2.50%,0.20%,2.40%,0.00%,1.10%,1.00%,,100.00%,96.90%,33.30%,10.90%,0.20%,3.30%,0.20%,31.30%,20.30%,2.50%,2.10%,10.00%,5.30%,3.10%,3.10%,1.30%,1.80%,0.00%,0.00%,0.00%,,100.00%,33.50%,16.60%,10.60%,5.20%,22.20%,9.60%,1.90%,2.40%,33.80%,10.50%,3.70%,11.00%,40.40%,20.30%,,100.00%,89.30%,10.70%,4.30%,0.40%,1.00%,0.20%,0.50%,4.20%,,(X),(X),,100.00%,12.40%,87.60%,False,7.1,2.5,2.4,0.2,1.1,85.7,False
Census Tract 171; Hudson County; New Jersey!!Percent,100.00%,6.20%,6.20%,6.60%,7.20%,6.60%,7.70%,8.30%,6.90%,7.00%,6.50%,7.40%,7.20%,5.70%,3.30%,2.80%,2.00%,1.20%,1.30%,,79.60%,76.60%,72.60%,13.90%,10.60%,100.00%,6.50%,6.80%,6.20%,7.20%,7.10%,8.40%,8.20%,7.20%,7.00%,6.40%,7.90%,6.40%,4.90%,2.80%,2.90%,2.00%,1.20%,0.80%,,79.00%,76.00%,71.50%,12.90%,9.70%,100.00%,5.90%,5.70%,7.00%,7.20%,6.20%,7.00%,8.40%,6.60%,7.00%,6.60%,7.00%,7.90%,6.40%,3.70%,2.70%,2.00%,1.30%,1.70%,,80.20%,77.10%,73.50%,14.90%,11.40%,,(X),(X),(X),,100.00%,79.80%,19.40%,3.50%,1.80%,2.80%,0.10%,52.10%,20.20%,,121.00%,36.00%,7.10%,3.00%,3.30%,0.10%,71.50%,,100.00%,84.90%,15.10%,,100.00%,84.90%,10.60%,1.50%,1.70%,0.20%,0.10%,51.30%,19.60%,15.10%,8.80%,2.00%,0.10%,2.60%,0.00%,0.90%,0.70%,,100.00%,99.80%,33.80%,12.60%,0.10%,2.90%,0.00%,32.00%,19.10%,2.90%,2.50%,11.20%,4.20%,0.20%,0.00%,0.00%,0.00%,0.20%,0.20%,0.10%,,100.00%,37.70%,17.30%,9.20%,4.50%,19.10%,9.20%,1.50%,1.70%,34.10%,11.90%,5.00%,9.30%,39.20%,23.90%,,100.00%,91.40%,8.60%,1.90%,0.90%,0.60%,0.60%,0.50%,4.20%,,(X),(X),,100.00%,26.40%,73.60%,False,8.8,2.0,2.6,0.1,0.9,84.9,False
Census Tract 172; Hudson County; New Jersey!!Percent,100.00%,6.30%,6.30%,7.10%,6.80%,8.10%,7.60%,7.20%,8.30%,7.20%,5.90%,6.70%,6.00%,5.70%,4.20%,2.40%,1.70%,1.50%,0.90%,,78.70%,75.90%,72.40%,14.40%,10.80%,100.00%,7.40%,7.00%,7.50%,6.80%,7.80%,8.70%,7.40%,7.20%,7.10%,5.80%,6.90%,5.40%,5.80%,4.10%,1.90%,1.40%,1.10%,0.60%,,76.40%,74.10%,70.50%,12.60%,9.10%,100.00%,5.20%,5.70%,6.60%,6.90%,8.30%,6.50%,6.90%,9.30%,7.40%,6.00%,6.60%,6.60%,5.50%,4.40%,2.90%,2.00%,1.80%,1.20%,,80.90%,77.70%,74.40%,16.20%,12.40%,,(X),(X),(X),,100.00%,78.00%,19.60%,2.40%,3.30%,2.40%,0.00%,50.30%,22.00%,,122.60%,35.90%,4.90%,7.30%,2.80%,0.40%,71.40%,,100.00%,85.00%,15.00%,,100.00%,85.00%,9.80%,1.10%,3.30%,0.10%,0.00%,49.50%,21.30%,15.00%,9.80%,1.30%,0.00%,2.30%,0.00%,0.80%,0.70%,,100.00%,100.00%,35.30%,11.60%,0.10%,3.10%,0.20%,32.60%,20.40%,2.00%,1.70%,10.50%,4.60%,0.00%,0.00%,0.00%,0.00%,0.00%,0.00%,0.00%,,100.00%,33.20%,14.10%,9.50%,4.70%,22.70%,12.40%,1.40%,2.40%,34.50%,11.00%,4.80%,10.30%,35.50%,23.10%,,100.00%,91.50%,8.50%,5.10%,0.60%,0.00%,0.00%,0.40%,2.30%,,(X),(X),,100.00%,17.10%,82.90%,False,9.8,1.3,2.3,0.0,0.8,85.0,False
Census Tract 173; Hudson County; New Jersey!!Percent,100.00%,4.40%,4.40%,4.80%,4.10%,5.10%,9.20%,8.80%,8.80%,7.30%,6.50%,7.30%,7.10%,7.00%,5.60%,3.80%,2.60%,1.70%,1.50%,,85.10%,83.50%,80.90%,19.50%,15.30%,100.00%,4.00%,4.00%,5.20%,4.60%,4.80%,9.70%,8.50%,9.60%,7.10%,8.10%,7.60%,6.20%,6.70%,5.40%,3.30%,2.50%,1.60%,1.00%,,85.40%,83.60%,81.00%,17.60%,13.80%,100.00%,4.70%,4.90%,4.50%,3.60%,5.50%,8.60%,9.00%,7.90%,7.40%,4.90%,7.00%,8.10%,7.20%,5.90%,4.30%,2.70%,1.80%,2.00%,,84.90%,83.40%,80.80%,21.40%,16.80%,,(X),(X),(X),,100.00%,82.10%,39.30%,3.30%,0.70%,6.90%,0.00%,31.90%,17.90%,,119.50%,52.80%,5.90%,4.00%,8.10%,0.60%,48.10%,,100.00%,59.20%,40.80%,,100.00%,59.20%,9.80%,1.60%,0.70%,0.10%,0.00%,31.20%,15.80%,40.80%,29.50%,1.70%,0.00%,6.80%,0.00%,0.70%,2.00%,,100.00%,100.00%,45.00%,14.00%,0.60%,4.10%,0.20%,22.80%,14.20%,1.50%,1.20%,7.00%,4.60%,0.00%,0.00%,0.00%,0.00%,0.00%,0.00%,0.00%,,100.00%,32.50%,11.80%,9.60%,2.70%,24.80%,17.40%,3.30%,1.70%,33.10%,18.30%,7.50%,4.80%,24.50%,26.70%,,100.00%,89.50%,10.50%,3.40%,0.40%,0.20%,2.00%,1.10%,3.30%,,(X),(X),,100.00%,42.30%,57.70%,False,29.5,1.7,6.8,0.0,0.7,59.2,False
Census Tract 174; Hudson County; New Jersey!!Percent,100.00%,6.10%,6.20%,7.10%,6.70%,6.70%,7.50%,7.30%,6.70%,6.20%,6.70%,6.20%,7.80%,5.70%,4.50%,2.50%,2.40%,2.30%,1.30%,,79.40%,76.60%,72.40%,16.60%,13.10%,100.00%,6.50%,7.20%,8.00%,7.60%,6.70%,7.80%,7.50%,5.70%,6.00%,6.10%,6.70%,7.90%,5.60%,4.70%,1.70%,1.40%,2.20%,0.70%,,77.30%,74.30%,69.30%,14.40%,10.70%,100.00%,5.70%,5.40%,6.30%,5.90%,6.60%,7.30%,7.10%,7.70%,6.40%,7.20%,5.70%,7.70%,5.70%,4.30%,3.20%,3.40%,2.40%,1.90%,,81.20%,78.60%,75.20%,18.70%,15.20%,,(X),(X),(X),,100.00%,76.50%,19.70%,3.50%,2.90%,2.00%,0.00%,48.40%,23.50%,,124.40%,36.20%,6.50%,8.10%,2.40%,0.20%,71.00%,,100.00%,88.40%,11.60%,,100.00%,88.40%,13.00%,1.50%,2.80%,0.40%,0.00%,47.90%,22.80%,11.60%,6.70%,2.00%,0.10%,1.60%,0.00%,0.60%,0.70%,,100.00%,100.00%,36.00%,11.50%,0.30%,3.60%,0.20%,30.80%,19.40%,2.70%,2.30%,9.40%,5.60%,0.00%,0.00%,0.00%,0.00%,0.00%,0.00%,0.00%,,100.00%,33.10%,15.90%,10.10%,5.40%,21.30%,10.50%,3.00%,2.40%,35.50%,13.00%,8.00%,9.50%,37.90%,26.40%,,100.00%,91.30%,8.70%,2.70%,0.60%,0.90%,0.10%,0.00%,4.40%,,(X),(X),,100.00%,14.30%,85.70%,False,6.7,2.0,1.6,0.1,0.6,88.4,False
Census Tract 175; Hudson County; New Jersey!!Percent,100.00%,6.10%,7.60%,7.80%,8.30%,7.60%,8.20%,7.90%,6.70%,7.70%,6.40%,5.80%,6.30%,4.70%,3.30%,2.40%,1.40%,1.10%,0.70%,,77.00%,73.30%,68.60%,11.40%,9.00%,100.00%,6.20%,7.30%,7.50%,8.90%,8.00%,8.90%,7.90%,6.90%,7.10%,6.30%,6.00%,6.30%,5.50%,3.20%,1.60%,1.10%,1.00%,0.40%,,77.60%,73.30%,68.50%,10.00%,7.30%,100.00%,5.90%,7.90%,8.20%,7.80%,7.20%,7.50%,7.80%,6.60%,8.20%,6.50%,5.60%,6.30%,3.90%,3.50%,3.20%,1.60%,1.30%,1.00%,,76.50%,73.30%,68.70%,12.70%,10.60%,,(X),(X),(X),,100.00%,77.50%,16.30%,3.70%,2.60%,2.00%,0.10%,52.80%,22.50%,,124.10%,33.80%,7.30%,5.40%,2.60%,0.50%,74.50%,,100.00%,89.40%,10.60%,,100.00%,89.40%,10.80%,2.30%,2.50%,0.10%,0.10%,51.90%,21.70%,10.60%,5.50%,1.40%,0.10%,1.90%,0.00%,0.90%,0.80%,,100.00%,100.00%,32.80%,11.00%,0.20%,2.80%,0.00%,34.10%,22.40%,3.30%,2.90%,11.20%,4.40%,0.00%,0.00%,0.00%,0.00%,0.00%,0.00%,0.00%,,100.00%,33.60%,16.80%,9.00%,5.10%,21.30%,11.00%,2.50%,2.20%,36.00%,11.10%,5.50%,13.50%,44.60%,21.70%,,100.00%,94.60%,5.40%,1.30%,0.40%,0.10%,0.60%,0.00%,2.90%,,(X),(X),,100.00%,10.10%,89.90%,False,5.5,1.4,1.9,0.1,0.9,89.4,False
Census Tract 176; Hudson County; New Jersey!!Percent,100.00%,6.20%,8.00%,7.50%,7.00%,7.30%,8.20%,8.30%,7.10%,7.60%,6.20%,6.30%,4.90%,5.40%,3.90%,2.30%,1.60%,0.90%,1.20%,,77.20%,74.10%,69.20%,13.00%,10.00%,100.00%,8.10%,8.50%,7.10%,7.80%,7.50%,8.20%,9.30%,7.30%,7.50%,5.90%,6.00%,4.90%,3.90%,3.20%,2.30%,1.30%,0.60%,0.70%,,75.20%,71.90%,66.10%,9.50%,8.00%,100.00%,4.30%,7.60%,7.80%,6.10%,7.10%,8.30%,7.30%,6.90%,7.80%,6.50%,6.60%,4.90%,6.90%,4.60%,2.40%,1.90%,1.20%,1.70%,,79.00%,76.20%,72.00%,16.30%,11.90%,,(X),(X),(X),,100.00%,78.60%,16.80%,3.40%,1.70%,1.50%,0.20%,55.00%,21.40%,,123.00%,33.60%,8.40%,3.40%,2.10%,0.40%,75.00%,,100.00%,89.60%,10.40%,,100.00%,89.60%,11.60%,1.60%,1.60%,0.20%,0.20%,53.80%,20.50%,10.40%,5.20%,1.80%,0.10%,1.30%,0.00%,1.10%,0.90%,,100.00%,99.80%,33.40%,11.20%,0.10%,2.80%,0.10%,33.30%,21.20%,3.60%,2.90%,11.00%,4.30%,0.20%,0.00%,0.00%,0.00%,0.20%,0.10%,0.10%,,100.00%,33.40%,16.70%,8.80%,5.30%,20.10%,11.10%,3.20%,2.40%,37.70%,13.10%,5.70%,10.10%,41.40%,25.10%,,100.00%,91.90%,8.10%,2.90%,0.20%,0.20%,0.30%,0.70%,3.90%,,(X),(X),,100.00%,17.10%,82.90%,False,5.2,1.8,1.3,0.1,1.1,89.6,False
Census Tract 177; Hudson County; New Jersey!!Percent,100.00%,5.60%,5.80%,6.00%,6.00%,7.80%,9.00%,9.00%,7.30%,7.90%,6.80%,6.20%,5.90%,5.70%,3.90%,3.30%,1.40%,1.50%,0.70%,,81.40%,79.20%,75.20%,13.80%,10.80%,100.00%,6.50%,4.90%,6.70%,7.10%,8.40%,8.80%,8.70%,8.20%,7.20%,7.20%,5.00%,4.90%,5.80%,3.80%,3.90%,1.10%,1.10%,0.60%,,80.30%,77.40%,73.20%,13.40%,10.60%,100.00%,4.70%,6.70%,5.40%,4.90%,7.30%,9.20%,9.40%,6.50%,8.60%,6.30%,7.30%,7.00%,5.70%,3.90%,2.60%,1.70%,1.90%,0.80%,,82.50%,81.10%,77.20%,14.20%,11.00%,,(X),(X),(X),,100.00%,77.50%,20.30%,6.20%,3.30%,9.90%,0.00%,37.80%,22.50%,,124.10%,37.50%,12.40%,4.70%,10.90%,0.00%,58.70%,,100.00%,72.00%,28.00%,,100.00%,72.00%,8.30%,2.30%,3.20%,0.20%,0.00%,37.00%,21.00%,28.00%,11.90%,3.90%,0.10%,9.70%,0.00%,0.90%,1.50%,,100.00%,99.40%,39.70%,11.80%,0.30%,3.70%,0.10%,28.80%,17.80%,2.10%,1.70%,8.60%,4.20%,0.60%,0.00%,0.00%,0.00%,0.60%,0.40%,0.20%,,100.00%,30.40%,11.40%,9.50%,4.10%,23.90%,15.00%,2.70%,2.10%,36.20%,15.40%,3.50%,8.10%,30.50%,20.80%,,100.00%,91.50%,8.50%,1.90%,0.10%,0.00%,0.30%,0.30%,5.90%,,(X),(X),,100.00%,21.70%,78.30%,False,11.9,3.9,9.7,0.1,0.9,72.0,False
Census Tract 178; Hudson County; New Jersey!!Percent,100.00%,5.40%,6.70%,6.50%,5.80%,6.00%,7.80%,11.40%,8.50%,7.00%,7.20%,6.20%,6.00%,5.00%,3.60%,2.80%,1.80%,1.20%,1.10%,,80.40%,77.80%,74.30%,13.40%,10.50%,100.00%,4.90%,6.60%,6.80%,6.80%,6.10%,8.50%,11.50%,8.60%,7.00%,7.80%,5.20%,6.30%,5.00%,3.40%,2.80%,1.20%,0.70%,1.00%,,80.70%,77.50%,73.70%,11.80%,9.00%,100.00%,5.90%,6.70%,6.20%,4.80%,5.90%,7.10%,11.30%,8.30%,7.10%,6.60%,7.20%,5.80%,5.00%,3.80%,2.80%,2.30%,1.70%,1.20%,,80.20%,78.10%,74.80%,14.90%,12.00%,,(X),(X),(X),,100.00%,80.40%,25.40%,4.00%,1.50%,6.40%,0.00%,43.10%,19.60%,,120.80%,41.90%,8.10%,2.50%,7.20%,0.00%,61.10%,,100.00%,70.90%,29.10%,,100.00%,70.90%,7.90%,1.50%,1.40%,0.20%,0.00%,42.20%,17.80%,29.10%,17.50%,2.60%,0.10%,6.20%,0.00%,0.90%,1.80%,,100.00%,99.90%,38.70%,13.10%,0.40%,3.40%,0.30%,28.10%,18.60%,2.40%,1.80%,8.80%,4.70%,0.10%,0.00%,0.00%,0.00%,0.10%,0.10%,0.00%,,100.00%,35.20%,15.60%,9.60%,3.50%,21.20%,13.00%,2.50%,2.30%,33.90%,15.20%,4.80%,8.00%,33.60%,23.30%,,100.00%,93.20%,6.80%,2.50%,0.30%,0.60%,0.10%,0.20%,3.10%,,(X),(X),,100.00%,30.70%,69.30%,False,17.5,2.6,6.2,0.1,0.9,70.9,False
Census Tract 179; Hudson County; New Jersey!!Percent,100.00%,7.50%,3.50%,2.80%,2.20%,3.80%,12.40%,20.30%,13.70%,8.10%,6.50%,5.50%,5.20%,3.20%,1.90%,1.70%,0.70%,0.40%,0.40%,,85.70%,84.80%,83.50%,7.00%,5.20%,100.00%,7.70%,3.60%,2.50%,1.80%,3.50%,12.30%,20.00%,13.70%,8.10%,6.90%,5.70%,5.80%,3.20%,1.90%,1.90%,0.40%,0.40%,0.40%,,85.50%,85.00%,84.10%,6.80%,5.10%,100.00%,7.20%,3.50%,3.10%,2.60%,4.20%,12.50%,20.50%,13.70%,8.20%,6.00%,5.30%,4.60%,3.20%,1.90%,1.60%,1.00%,0.50%,0.40%,,85.90%,84.60%,82.90%,7.10%,5.40%,,(X),(X),(X),,100.00%,89.60%,52.00%,4.30%,0.30%,28.20%,0.00%,4.80%,10.40%,,111.20%,61.90%,5.60%,0.90%,29.60%,0.20%,13.00%,,100.00%,14.10%,85.90%,,100.00%,14.10%,2.70%,0.10%,0.20%,0.10%,0.00%,4.10%,7.00%,85.90%,49.30%,4.20%,0.20%,28.20%,0.00%,0.70%,3.40%,,100.00%,100.00%,50.00%,20.70%,0.50%,4.00%,0.50%,18.60%,14.40%,0.30%,0.20%,2.90%,2.50%,0.00%,0.00%,0.00%,0.00%,0.00%,0.00%,0.00%,,100.00%,42.60%,14.90%,9.30%,0.90%,24.50%,19.10%,1.80%,1.80%,23.60%,16.80%,1.80%,2.90%,21.60%,11.30%,,100.00%,83.70%,16.30%,11.10%,0.60%,2.70%,0.00%,0.80%,1.10%,,(X),(X),,100.00%,24.50%,75.50%,True,49.3,4.2,28.2,0.2,0.7,14.1,False
Census Tract 180; Hudson County; New Jersey!!Percent,100.00%,5.30%,4.60%,4.70%,4.50%,5.10%,9.40%,11.70%,9.20%,7.80%,7.20%,5.40%,6.20%,6.00%,3.70%,3.30%,2.40%,1.80%,1.70%,,84.60%,82.60%,80.10%,16.10%,12.90%,100.00%,5.40%,5.00%,4.20%,5.40%,5.70%,10.20%,11.50%,10.30%,7.40%,7.30%,5.50%,6.10%,5.40%,3.20%,3.20%,1.90%,1.50%,1.10%,,84.70%,82.20%,79.10%,13.60%,10.90%,100.00%,5.20%,4.30%,5.20%,3.60%,4.50%,8.70%,11.90%,8.10%,8.20%,7.20%,5.40%,6.30%,6.50%,4.10%,3.40%,2.90%,2.00%,2.20%,,84.40%,83.00%,80.90%,18.40%,14.70%,,(X),(X),(X),,100.00%,76.80%,39.90%,5.40%,1.00%,8.30%,0.00%,22.20%,23.20%,,124.80%,60.50%,9.10%,2.70%,9.50%,0.20%,42.70%,,100.00%,51.80%,48.20%,,100.00%,51.80%,8.10%,1.20%,0.80%,0.20%,0.00%,21.10%,20.30%,48.20%,31.80%,4.20%,0.10%,8.10%,0.00%,1.10%,2.80%,,100.00%,100.00%,45.90%,13.50%,0.60%,3.10%,0.30%,24.20%,15.30%,1.50%,1.00%,5.90%,4.90%,0.00%,0.00%,0.00%,0.00%,0.00%,0.00%,0.00%,,100.00%,30.60%,12.40%,7.30%,1.40%,23.70%,16.90%,2.60%,1.40%,38.30%,22.00%,8.00%,6.50%,24.80%,23.50%,,100.00%,89.60%,10.40%,5.00%,0.60%,0.80%,0.20%,0.60%,3.20%,,(X),(X),,100.00%,24.60%,75.40%,False,31.8,4.2,8.1,0.1,1.1,51.8,False
Census Tract 181; Hudson County; New Jersey!!Percent,100.00%,5.80%,4.50%,4.90%,5.30%,6.10%,7.90%,10.20%,8.80%,7.60%,6.20%,6.50%,6.60%,5.80%,5.40%,2.40%,2.40%,1.60%,2.00%,,83.80%,81.20%,78.50%,16.80%,13.80%,100.00%,6.50%,4.40%,5.00%,5.10%,7.20%,7.30%,11.10%,9.70%,8.20%,6.50%,5.50%,6.30%,5.40%,5.40%,2.00%,1.90%,1.00%,1.40%,,83.30%,80.80%,77.70%,14.30%,11.70%,100.00%,5.00%,4.50%,4.90%,5.60%,5.00%,8.40%,9.40%,7.90%,7.00%,6.00%,7.50%,6.80%,6.10%,5.40%,2.80%,2.80%,2.30%,2.60%,,84.30%,81.50%,79.30%,19.20%,15.90%,,(X),(X),(X),,100.00%,81.00%,46.00%,4.50%,0.70%,10.40%,0.00%,19.50%,19.00%,,120.10%,63.50%,7.10%,2.10%,11.90%,0.20%,35.20%,,100.00%,41.50%,58.50%,,100.00%,41.50%,5.90%,0.60%,0.70%,0.30%,0.00%,18.60%,15.30%,58.50%,40.10%,3.90%,0.00%,10.00%,0.00%,0.90%,3.60%,,100.00%,100.00%,42.80%,15.60%,0.50%,2.30%,0.10%,24.90%,16.80%,1.30%,0.70%,6.00%,6.60%,0.00%,0.00%,0.00%,0.00%,0.00%,0.00%,0.00%,,100.00%,36.30%,15.70%,5.60%,1.00%,25.60%,15.20%,3.10%,2.30%,32.50%,17.90%,6.10%,4.50%,26.20%,24.20%,,100.00%,87.60%,12.40%,5.90%,0.40%,0.60%,0.30%,0.40%,4.80%,,(X),(X),,100.00%,32.70%,67.30%,False,40.1,3.9,10.0,0.0,0.9,41.5,False
Census Tract 182; Hudson County; New Jersey!!Percent,100.00%,5.00%,4.50%,3.80%,4.10%,5.00%,11.80%,13.40%,9.50%,7.50%,6.00%,6.50%,5.40%,4.90%,4.00%,3.30%,2.40%,1.30%,1.60%,,85.80%,84.30%,81.80%,15.70%,12.70%,100.00%,4.90%,4.00%,4.20%,4.20%,5.10%,12.80%,12.80%,9.90%,8.70%,6.30%,6.50%,4.90%,4.80%,4.00%,2.60%,2.00%,1.10%,1.00%,,86.10%,84.30%,81.60%,13.50%,10.70%,100.00%,5.10%,4.90%,3.40%,3.90%,4.90%,10.80%,14.00%,9.10%,6.40%,5.80%,6.40%,5.90%,4.90%,4.10%,4.00%,2.80%,1.50%,2.20%,,85.60%,84.30%,82.00%,17.70%,14.60%,,(X),(X),(X),,100.00%,84.80%,56.90%,4.30%,0.70%,9.70%,0.10%,13.00%,15.20%,,116.20%,70.80%,6.70%,1.60%,11.60%,0.20%,25.30%,,100.00%,32.60%,67.40%,,100.00%,32.60%,6.70%,0.70%,0.60%,0.10%,0.00%,12.50%,11.90%,67.40%,50.30%,3.60%,0.00%,9.60%,0.10%,0.50%,3.30%,,100.00%,100.00%,45.10%,16.80%,0.50%,3.10%,0.40%,21.90%,14.30%,0.80%,0.50%,5.30%,6.00%,0.00%,0.00%,0.00%,0.00%,0.00%,0.00%,0.00%,,100.00%,38.50%,14.10%,7.50%,1.00%,22.90%,14.00%,2.80%,1.20%,31.10%,18.40%,6.40%,4.50%,23.40%,23.20%,,100.00%,91.30%,8.70%,4.20%,0.90%,0.90%,0.00%,0.40%,2.30%,,(X),(X),,100.00%,33.50%,66.50%,False,50.3,3.6,9.6,0.0,0.5,32.6,False
Census Tract 183.01; Hudson County; New Jersey!!Percent,100.00%,11.20%,5.20%,2.50%,1.90%,3.80%,12.60%,17.80%,12.80%,9.80%,6.20%,4.30%,3.90%,3.10%,2.20%,0.90%,1.00%,0.30%,0.40%,,80.60%,79.90%,78.80%,6.90%,4.80%,100.00%,11.90%,5.30%,2.00%,1.80%,3.90%,12.10%,15.70%,13.40%,10.80%,5.70%,4.70%,4.00%,3.30%,2.60%,0.80%,1.20%,0.30%,0.50%,,80.50%,79.60%,78.60%,7.60%,5.40%,100.00%,10.50%,5.10%,3.00%,2.00%,3.70%,13.10%,20.10%,12.30%,8.80%,6.60%,3.90%,3.90%,2.80%,1.70%,1.00%,0.90%,0.30%,0.30%,,80.70%,80.30%,79.00%,6.10%,4.20%,,(X),(X),(X),,100.00%,92.90%,65.70%,0.80%,0.10%,23.80%,0.10%,2.40%,7.10%,,107.60%,72.50%,1.60%,0.80%,26.40%,0.10%,6.40%,,100.00%,6.30%,93.70%,,100.00%,6.30%,1.40%,0.10%,0.10%,0.10%,0.10%,1.50%,3.10%,93.70%,64.40%,0.80%,0.00%,23.70%,0.00%,0.90%,4.00%,,100.00%,99.80%,44.10%,20.50%,0.40%,4.70%,0.60%,22.40%,19.50%,0.60%,0.30%,2.90%,3.80%,0.20%,0.00%,0.00%,0.00%,0.20%,0.20%,0.00%,,100.00%,47.80%,23.20%,11.90%,0.50%,21.30%,13.90%,1.20%,2.60%,19.00%,13.30%,2.10%,2.50%,29.90%,9.20%,,100.00%,93.50%,6.50%,3.10%,0.30%,0.00%,0.10%,1.30%,1.60%,,(X),(X),,100.00%,35.80%,64.20%,False,64.4,0.8,23.7,0.0,0.9,6.3,False
Census Tract 183.02; Hudson County; New Jersey!!Percent,100.00%,12.50%,4.20%,2.20%,1.70%,3.10%,10.60%,20.60%,15.50%,9.90%,6.10%,4.30%,3.50%,2.60%,1.10%,0.90%,0.60%,0.30%,0.20%,,80.90%,80.40%,78.80%,4.50%,3.10%,100.00%,12.50%,4.50%,1.60%,1.50%,3.40%,9.50%,19.90%,15.60%,11.10%,6.40%,4.60%,3.90%,2.30%,1.30%,0.80%,0.60%,0.40%,0.10%,,81.20%,80.80%,79.40%,4.30%,3.20%,100.00%,12.50%,4.00%,2.70%,2.00%,2.90%,11.70%,21.40%,15.30%,8.70%,5.90%,4.10%,3.10%,2.80%,1.00%,0.90%,0.50%,0.20%,0.30%,,80.70%,80.10%,78.30%,4.60%,2.90%,,(X),(X),(X),,100.00%,92.00%,76.90%,2.00%,0.00%,11.20%,0.10%,1.90%,8.00%,,108.40%,84.60%,2.90%,0.40%,13.50%,0.20%,6.80%,,100.00%,6.40%,93.60%,,100.00%,6.40%,1.60%,0.10%,0.00%,0.00%,0.00%,1.00%,3.60%,93.60%,75.30%,1.90%,0.00%,11.20%,0.10%,0.80%,4.30%,,100.00%,97.10%,45.30%,22.20%,0.30%,5.20%,0.20%,21.00%,19.30%,0.00%,0.00%,0.80%,1.90%,2.90%,0.00%,0.00%,0.00%,2.90%,1.90%,1.00%,,100.00%,49.30%,25.60%,12.10%,0.50%,17.10%,14.20%,1.00%,0.70%,21.50%,17.10%,0.80%,1.50%,28.90%,5.10%,,100.00%,91.90%,8.10%,2.40%,0.30%,2.50%,0.20%,1.00%,1.70%,,(X),(X),,100.00%,35.70%,64.30%,False,75.3,1.9,11.2,0.0,0.8,6.4,False
Census Tract 184.01; Hudson County; New Jersey!!Percent,100.00%,5.80%,5.80%,4.30%,3.10%,7.10%,15.70%,12.90%,7.80%,7.30%,6.50%,5.00%,4.40%,3.50%,3.20%,3.30%,1.80%,1.10%,1.40%,,83.20%,82.10%,80.20%,12.80%,10.80%,100.00%,6.40%,5.90%,5.20%,3.20%,7.30%,16.00%,13.00%,8.10%,7.10%,7.20%,5.00%,4.00%,2.90%,2.60%,3.00%,1.30%,0.60%,1.10%,,81.60%,80.80%,78.20%,10.20%,8.60%,100.00%,5.30%,5.70%,3.60%,3.10%,6.80%,15.30%,12.90%,7.50%,7.40%,5.90%,5.00%,4.70%,4.10%,3.70%,3.60%,2.30%,1.60%,1.60%,,84.70%,83.20%,82.00%,15.20%,12.70%,,(X),(X),(X),,100.00%,90.00%,74.90%,2.40%,0.20%,6.40%,0.10%,6.10%,10.00%,,110.40%,84.20%,3.50%,1.00%,8.20%,0.20%,13.20%,,100.00%,16.10%,83.90%,,100.00%,16.10%,3.90%,0.40%,0.20%,0.10%,0.00%,5.10%,6.40%,83.90%,71.00%,2.00%,0.00%,6.30%,0.10%,1.00%,3.60%,,100.00%,100.00%,46.10%,15.10%,0.30%,3.20%,0.10%,21.90%,17.00%,0.40%,0.40%,2.60%,10.20%,0.00%,0.00%,0.00%,0.00%,0.00%,0.00%,0.00%,,100.00%,33.80%,17.50%,7.00%,0.10%,23.30%,14.10%,3.90%,0.50%,35.90%,19.30%,7.20%,3.00%,22.60%,18.60%,,100.00%,93.20%,6.80%,3.40%,0.60%,0.10%,0.10%,0.50%,2.20%,,(X),(X),,100.00%,34.90%,65.10%,False,71.0,2.0,6.3,0.0,1.0,16.1,False
Census Tract 184.02; Hudson County; New Jersey!!Percent,100.00%,12.40%,4.20%,1.90%,1.50%,4.80%,15.50%,22.40%,15.30%,8.20%,4.60%,3.30%,2.50%,1.50%,0.50%,0.50%,0.50%,0.10%,0.20%,,81.20%,80.50%,79.60%,2.60%,1.80%,100.00%,12.70%,5.00%,2.00%,0.90%,5.30%,13.50%,22.40%,16.40%,8.40%,4.40%,3.30%,2.20%,1.50%,0.30%,0.70%,0.70%,0.10%,0.20%,,80.10%,79.80%,78.70%,2.70%,2.00%,100.00%,12.10%,3.60%,1.80%,1.90%,4.40%,17.40%,22.50%,14.20%,8.10%,4.80%,3.30%,2.80%,1.60%,0.80%,0.20%,0.40%,0.10%,0.20%,,82.20%,81.10%,80.50%,2.40%,1.70%,,(X),(X),(X),,100.00%,90.50%,72.70%,1.80%,0.10%,12.00%,0.00%,3.80%,9.50%,,110.10%,81.70%,3.10%,0.50%,14.10%,0.20%,10.40%,,100.00%,12.40%,87.60%,,100.00%,12.40%,3.30%,0.40%,0.00%,0.10%,0.00%,3.30%,5.30%,87.60%,69.40%,1.40%,0.10%,11.90%,0.00%,0.50%,4.20%,,100.00%,100.00%,44.30%,20.40%,0.10%,5.70%,0.20%,21.40%,19.20%,0.20%,0.20%,1.50%,6.20%,0.00%,0.00%,0.00%,0.00%,0.00%,0.00%,0.00%,,100.00%,45.90%,23.80%,13.50%,1.00%,16.50%,10.10%,0.50%,0.80%,24.00%,12.40%,1.10%,2.50%,29.50%,6.00%,,100.00%,97.00%,3.00%,1.80%,0.40%,0.10%,0.10%,0.10%,0.50%,,(X),(X),,100.00%,26.70%,73.30%,False,69.4,1.4,11.9,0.1,0.5,12.4,False
Census Tract 185.01; Hudson County; New Jersey!!Percent,100.00%,8.10%,4.00%,2.10%,2.00%,8.90%,20.00%,19.90%,13.00%,7.10%,4.50%,3.20%,2.20%,1.80%,1.10%,0.70%,0.60%,0.40%,0.30%,,85.60%,85.10%,82.60%,4.00%,3.10%,100.00%,7.80%,4.90%,1.70%,2.30%,10.30%,18.70%,19.40%,13.20%,7.80%,4.70%,3.00%,2.40%,1.80%,0.90%,0.50%,0.40%,0.10%,0.30%,,85.50%,85.00%,81.80%,2.90%,2.20%,100.00%,8.40%,3.20%,2.50%,1.60%,7.40%,21.40%,20.40%,12.70%,6.40%,4.40%,3.50%,2.10%,1.90%,1.30%,1.00%,0.90%,0.70%,0.30%,,85.80%,85.20%,83.40%,5.20%,4.10%,,(X),(X),(X),,100.00%,93.20%,74.40%,3.30%,0.20%,11.70%,0.10%,3.60%,6.80%,,107.00%,80.80%,3.90%,0.40%,12.90%,0.20%,8.70%,,100.00%,10.40%,89.60%,,100.00%,10.40%,2.60%,0.20%,0.20%,0.10%,0.00%,3.00%,4.30%,89.60%,71.80%,3.10%,0.00%,11.60%,0.10%,0.60%,2.50%,,100.00%,95.60%,44.40%,16.40%,0.20%,5.90%,0.30%,16.10%,14.40%,0.30%,0.20%,1.30%,10.60%,4.40%,0.00%,0.00%,0.00%,4.40%,3.30%,1.10%,,100.00%,37.50%,17.60%,13.90%,0.50%,22.70%,12.60%,0.50%,1.00%,25.90%,14.00%,1.90%,2.20%,22.00%,6.60%,,100.00%,93.70%,6.30%,3.60%,0.80%,0.20%,0.10%,0.20%,1.40%,,(X),(X),,100.00%,32.90%,67.10%,True,71.8,3.1,11.6,0.0,0.6,10.4,False
Census Tract 185.02; Hudson County; New Jersey!!Percent,100.00%,6.70%,5.00%,3.50%,2.40%,7.70%,16.80%,16.30%,12.20%,9.10%,5.60%,3.40%,3.20%,2.00%,2.10%,1.60%,1.20%,0.80%,0.40%,,84.00%,83.10%,81.80%,7.40%,6.10%,100.00%,7.30%,5.10%,3.80%,2.90%,7.70%,15.00%,15.10%,13.60%,8.50%,6.10%,3.90%,3.70%,2.20%,1.70%,1.70%,0.90%,0.40%,0.30%,,83.00%,82.10%,80.10%,6.50%,5.10%,100.00%,6.20%,4.90%,3.30%,1.90%,7.60%,18.60%,17.50%,10.80%,9.70%,5.20%,2.90%,2.70%,1.90%,2.50%,1.40%,1.50%,1.10%,0.50%,,84.80%,84.10%,83.50%,8.30%,7.00%,,(X),(X),(X),,100.00%,88.70%,70.90%,4.30%,0.30%,7.80%,0.00%,5.40%,11.30%,,112.00%,81.00%,5.80%,1.40%,10.30%,0.20%,13.40%,,100.00%,17.60%,82.40%,,100.00%,17.60%,4.30%,0.80%,0.30%,0.10%,0.00%,4.60%,7.60%,82.40%,66.60%,3.60%,0.00%,7.70%,0.00%,0.90%,3.70%,,100.00%,99.90%,50.20%,14.40%,0.10%,4.10%,0.10%,20.20%,15.60%,0.80%,0.50%,2.80%,7.20%,0.10%,0.00%,0.00%,0.00%,0.10%,0.10%,0.00%,,100.00%,29.20%,14.60%,8.70%,0.20%,29.20%,21.90%,1.70%,0.90%,32.90%,19.20%,3.90%,3.00%,19.70%,12.60%,,100.00%,95.40%,4.60%,3.00%,0.40%,0.50%,0.10%,0.00%,0.60%,,(X),(X),,100.00%,37.30%,62.70%,True,66.6,3.6,7.7,0.0,0.9,17.6,False
Census Tract 186; Hudson County; New Jersey!!Percent,100.00%,5.60%,4.20%,3.30%,2.50%,9.10%,19.10%,15.70%,7.90%,7.40%,5.90%,4.30%,4.20%,3.70%,3.20%,1.70%,1.00%,0.60%,0.50%,,86.20%,85.40%,82.90%,9.20%,7.00%,100.00%,5.50%,4.70%,3.80%,2.80%,9.10%,15.10%,16.10%,8.10%,7.60%,6.40%,4.80%,4.90%,3.90%,3.70%,1.90%,0.80%,0.50%,0.20%,,85.30%,84.30%,81.30%,9.30%,7.20%,100.00%,5.70%,3.80%,2.80%,2.20%,9.10%,23.00%,15.30%,7.60%,7.20%,5.50%,3.90%,3.50%,3.60%,2.70%,1.50%,1.10%,0.60%,0.80%,,87.10%,86.50%,84.40%,9.10%,6.90%,,(X),(X),(X),,100.00%,91.40%,78.80%,1.50%,0.00%,8.20%,0.00%,2.70%,8.60%,,109.40%,86.60%,2.90%,1.10%,11.00%,0.30%,7.40%,,100.00%,8.90%,91.10%,,100.00%,8.90%,2.40%,0.10%,0.00%,0.20%,0.00%,2.30%,3.90%,91.10%,76.40%,1.40%,0.00%,8.00%,0.00%,0.50%,4.80%,,100.00%,98.70%,49.20%,16.30%,0.40%,4.70%,0.30%,17.20%,14.20%,0.20%,0.20%,2.00%,8.60%,1.30%,0.00%,0.00%,0.00%,1.30%,0.50%,0.70%,,100.00%,33.40%,13.90%,10.10%,1.00%,25.60%,17.90%,2.30%,0.80%,30.90%,19.60%,2.20%,1.20%,18.10%,10.30%,,100.00%,90.70%,9.30%,2.90%,0.80%,0.80%,0.60%,0.50%,3.70%,,(X),(X),,100.00%,42.00%,58.00%,False,76.4,1.4,8.0,0.0,0.5,8.9,False
Census Tract 187.01; Hudson County; New Jersey!!Percent,100.00%,2.90%,2.70%,1.00%,11.50%,28.20%,17.20%,11.60%,6.40%,5.00%,3.20%,2.40%,2.80%,2.70%,0.90%,0.60%,0.40%,0.30%,0.30%,,93.10%,91.70%,73.50%,4.10%,2.50%,100.00%,2.90%,2.60%,0.90%,8.30%,28.70%,17.50%,13.40%,6.80%,5.90%,3.60%,2.30%,3.20%,1.90%,0.80%,0.60%,0.20%,0.20%,0.30%,,93.40%,92.00%,76.30%,2.60%,2.10%,100.00%,3.00%,2.70%,1.30%,16.40%,27.40%,16.60%,8.70%,5.90%,3.60%,2.60%,2.60%,2.20%,4.10%,1.10%,0.60%,0.70%,0.30%,0.30%,,92.80%,91.00%,69.20%,6.30%,3.00%,,(X),(X),(X),,100.00%,93.80%,52.90%,21.10%,0.10%,9.60%,0.90%,9.10%,6.20%,,106.70%,58.60%,21.70%,0.60%,11.60%,1.10%,13.00%,,100.00%,11.90%,88.10%,,100.00%,11.90%,1.70%,0.40%,0.00%,0.00%,0.00%,6.70%,3.10%,88.10%,51.20%,20.70%,0.10%,9.60%,0.90%,2.40%,3.10%,,100.00%,52.90%,24.90%,7.00%,0.20%,3.00%,0.20%,7.80%,7.00%,0.10%,0.10%,1.10%,8.60%,47.10%,0.00%,0.00%,0.00%,47.10%,33.40%,13.70%,,100.00%,28.20%,11.90%,12.70%,0.50%,27.30%,16.50%,1.60%,0.90%,31.70%,17.90%,2.90%,1.60%,16.20%,11.60%,,100.00%,90.10%,9.90%,4.00%,0.10%,0.80%,0.20%,1.40%,3.30%,,(X),(X),,100.00%,27.70%,72.30%,False,51.2,20.7,9.6,0.1,2.4,11.9,False
Census Tract 187.02; Hudson County; New Jersey!!Percent,100.00%,4.70%,2.60%,3.00%,2.60%,11.10%,20.20%,15.80%,8.20%,5.60%,4.70%,4.50%,5.00%,4.10%,2.90%,2.20%,1.10%,1.00%,0.50%,,89.20%,88.20%,86.20%,10.10%,7.70%,100.00%,4.80%,2.40%,3.20%,2.70%,9.90%,21.20%,15.30%,8.50%,5.80%,5.00%,4.60%,5.30%,4.20%,3.10%,1.80%,1.00%,0.90%,0.20%,,88.90%,88.10%,86.10%,9.20%,7.00%,100.00%,4.60%,2.90%,2.80%,2.60%,12.20%,19.40%,16.40%,7.90%,5.50%,4.40%,4.50%,4.80%,3.90%,2.70%,2.60%,1.30%,1.00%,0.70%,,89.40%,88.30%,86.30%,10.90%,8.40%,,(X),(X),(X),,100.00%,90.50%,75.00%,1.70%,0.30%,7.50%,0.10%,5.90%,9.50%,,110.00%,83.70%,3.00%,1.20%,9.10%,0.30%,12.70%,,100.00%,16.60%,83.40%,,100.00%,16.60%,4.00%,0.40%,0.30%,0.10%,0.00%,5.20%,6.50%,83.40%,71.00%,1.30%,0.10%,7.30%,0.00%,0.60%,3.00%,,100.00%,99.30%,49.90%,13.20%,0.40%,4.40%,0.30%,15.30%,11.30%,0.40%,0.20%,2.40%,12.90%,0.70%,0.00%,0.00%,0.00%,0.70%,0.40%,0.30%,,100.00%,27.10%,10.10%,9.60%,0.50%,27.20%,16.90%,2.00%,1.00%,36.20%,21.90%,4.50%,2.40%,14.70%,12.50%,,100.00%,91.60%,8.40%,3.20%,1.10%,0.20%,0.30%,1.20%,2.40%,,(X),(X),,100.00%,27.30%,72.70%,False,71.0,1.3,7.3,0.1,0.6,16.6,False
Census Tract 188; Hudson County; New Jersey!!Percent,100.00%,5.00%,3.50%,2.80%,2.40%,10.60%,21.20%,15.30%,9.60%,6.30%,4.70%,4.70%,3.40%,2.80%,2.60%,1.50%,1.20%,1.00%,1.20%,,88.10%,87.20%,85.00%,8.80%,7.60%,100.00%,5.30%,2.90%,2.60%,2.80%,10.40%,21.70%,15.80%,9.40%,6.40%,4.80%,4.90%,3.40%,2.40%,2.60%,1.40%,1.10%,0.80%,1.20%,,88.80%,87.80%,85.40%,8.30%,7.20%,100.00%,4.70%,4.20%,3.00%,2.00%,10.80%,20.70%,14.90%,9.80%,6.20%,4.70%,4.60%,3.30%,3.20%,2.50%,1.70%,1.20%,1.20%,1.20%,,87.50%,86.50%,84.60%,9.40%,7.90%,,(X),(X),(X),,100.00%,91.70%,76.00%,2.10%,0.00%,9.40%,0.00%,4.20%,8.30%,,109.30%,83.50%,3.50%,1.20%,11.50%,0.10%,9.50%,,100.00%,12.40%,87.60%,,100.00%,12.40%,3.20%,0.40%,0.00%,0.10%,0.00%,3.70%,5.00%,87.60%,72.80%,1.70%,0.00%,9.30%,0.00%,0.50%,3.30%,,100.00%,98.50%,50.90%,13.40%,0.40%,5.50%,0.30%,15.20%,12.10%,0.40%,0.30%,3.10%,9.20%,1.50%,0.00%,0.00%,0.00%,1.50%,1.20%,0.30%,,100.00%,27.00%,10.50%,11.40%,0.30%,28.80%,19.30%,2.20%,1.60%,32.80%,21.80%,2.90%,2.00%,15.40%,11.20%,,100.00%,91.80%,8.20%,3.10%,0.60%,0.70%,0.40%,1.00%,2.40%,,(X),(X),,100.00%,31.90%,68.10%,False,72.8,1.7,9.3,0.0,0.5,12.4,False
Census Tract 189; Hudson County; New Jersey!!Percent,100.00%,7.60%,5.00%,2.60%,2.20%,7.40%,17.40%,16.50%,10.40%,7.10%,4.60%,3.90%,3.90%,3.10%,2.90%,2.00%,1.70%,0.90%,1.00%,,84.40%,83.40%,82.10%,10.00%,8.40%,100.00%,7.90%,4.60%,2.30%,2.50%,8.00%,18.10%,16.30%,10.40%,7.10%,5.10%,4.50%,4.00%,2.70%,2.40%,1.60%,1.50%,0.50%,0.50%,,84.70%,83.60%,82.00%,7.50%,6.60%,100.00%,7.30%,5.30%,2.90%,1.90%,6.80%,16.60%,16.60%,10.50%,7.10%,4.20%,3.30%,3.80%,3.50%,3.40%,2.30%,1.90%,1.30%,1.50%,,84.10%,83.20%,82.20%,12.50%,10.40%,,(X),(X),(X),,100.00%,91.10%,75.90%,2.40%,0.30%,9.10%,0.00%,3.40%,8.90%,,109.30%,84.50%,3.40%,0.70%,10.50%,0.10%,9.90%,,100.00%,12.80%,87.20%,,100.00%,12.80%,3.40%,0.50%,0.10%,0.10%,0.00%,2.90%,5.80%,87.20%,72.50%,1.90%,0.20%,9.00%,0.00%,0.50%,3.10%,,100.00%,99.20%,48.30%,15.60%,0.50%,5.10%,0.20%,19.00%,15.80%,0.50%,0.40%,1.90%,8.20%,0.80%,0.00%,0.00%,0.00%,0.80%,0.60%,0.20%,,100.00%,33.30%,15.80%,11.30%,0.70%,26.50%,18.10%,2.00%,1.20%,28.90%,18.30%,5.30%,3.10%,21.80%,13.50%,,100.00%,88.70%,11.30%,9.70%,0.40%,0.20%,0.20%,0.00%,0.80%,,(X),(X),,100.00%,28.60%,71.40%,True,72.5,1.9,9.0,0.2,0.5,12.8,False
Census Tract 190; Hudson County; New Jersey!!Percent,100.00%,5.80%,6.10%,4.90%,4.30%,8.50%,17.80%,14.70%,9.40%,5.90%,4.60%,4.30%,3.30%,3.30%,2.60%,2.00%,1.30%,0.80%,0.40%,,82.30%,80.60%,77.80%,9.00%,7.10%,100.00%,6.10%,6.70%,5.70%,4.80%,10.90%,18.20%,15.00%,8.80%,5.70%,3.90%,4.00%,2.50%,2.70%,1.80%,1.50%,0.80%,0.60%,0.10%,,80.40%,78.40%,75.40%,6.30%,4.80%,100.00%,5.50%,5.50%,4.20%,3.80%,6.20%,17.40%,14.30%,10.00%,6.10%,5.10%,4.70%,4.10%,3.80%,3.30%,2.40%,1.70%,1.00%,0.70%,,84.20%,82.70%,80.00%,11.50%,9.20%,,(X),(X),(X),,100.00%,89.80%,53.40%,15.20%,0.50%,5.00%,0.00%,15.60%,10.20%,,110.80%,61.80%,18.10%,1.20%,6.30%,0.10%,23.40%,,100.00%,35.40%,64.60%,,100.00%,35.40%,8.00%,4.30%,0.40%,0.20%,0.00%,15.10%,7.40%,64.60%,45.40%,10.90%,0.10%,4.80%,0.00%,0.60%,2.80%,,100.00%,99.90%,46.60%,8.80%,0.10%,4.60%,0.20%,25.20%,17.30%,2.20%,1.60%,3.30%,8.90%,0.10%,0.00%,0.00%,0.00%,0.10%,0.10%,0.00%,,100.00%,19.00%,7.90%,10.40%,2.10%,27.60%,16.90%,1.70%,1.60%,43.00%,20.30%,4.80%,9.60%,23.00%,13.70%,,100.00%,93.60%,6.40%,4.50%,0.30%,0.00%,0.10%,0.40%,1.20%,,(X),(X),,100.00%,19.00%,81.00%,True,45.4,10.9,4.8,0.1,0.6,35.4,False
Census Tract 191; Hudson County; New Jersey!!Percent,100.00%,4.60%,3.20%,2.50%,1.00%,8.10%,23.30%,17.40%,9.70%,5.20%,4.50%,3.20%,2.90%,2.60%,3.00%,2.70%,2.10%,1.80%,2.20%,,89.60%,89.10%,88.30%,13.50%,11.80%,100.00%,4.70%,3.70%,2.30%,0.90%,9.20%,21.30%,17.80%,11.30%,5.70%,5.10%,3.30%,3.20%,2.80%,2.00%,2.30%,1.70%,1.60%,1.30%,,89.20%,88.80%,88.10%,10.70%,8.80%,100.00%,4.60%,2.70%,2.60%,1.10%,7.00%,25.30%,17.10%,8.20%,4.70%,4.00%,3.20%,2.50%,2.40%,3.90%,3.10%,2.50%,2.00%,3.10%,,89.90%,89.50%,88.60%,16.20%,14.60%,,(X),(X),(X),,100.00%,90.40%,70.90%,3.00%,0.20%,8.40%,0.20%,7.70%,9.60%,,109.70%,80.00%,4.00%,0.70%,9.60%,0.30%,15.20%,,100.00%,18.80%,81.20%,,100.00%,18.80%,4.30%,0.40%,0.20%,0.00%,0.00%,7.20%,6.80%,81.20%,66.70%,2.60%,0.00%,8.40%,0.20%,0.50%,2.80%,,100.00%,99.00%,52.60%,13.80%,0.20%,5.60%,0.30%,12.80%,10.20%,0.30%,0.30%,2.60%,10.90%,1.00%,0.00%,0.00%,0.00%,1.00%,0.90%,0.10%,,100.00%,26.80%,10.60%,11.20%,0.30%,28.20%,18.90%,4.00%,0.60%,33.80%,20.80%,7.90%,0.90%,13.40%,18.60%,,100.00%,95.30%,4.70%,3.20%,0.30%,0.00%,0.30%,0.10%,0.70%,,(X),(X),,100.00%,28.70%,71.30%,True,66.7,2.6,8.4,0.0,0.5,18.8,False
Census Tract 192; Hudson County; New Jersey!!Percent,100.00%,10.50%,4.90%,2.70%,0.90%,5.30%,18.00%,19.00%,15.50%,8.30%,6.00%,3.10%,2.00%,1.70%,1.00%,0.80%,0.20%,0.20%,0.10%,,81.80%,81.30%,80.80%,3.40%,2.40%,100.00%,9.70%,4.80%,2.70%,0.80%,5.90%,18.20%,17.70%,15.10%,9.00%,6.70%,3.20%,2.30%,1.70%,1.00%,0.80%,0.30%,0.20%,0.00%,,82.70%,82.30%,81.70%,3.40%,2.30%,100.00%,11.20%,4.90%,2.70%,1.00%,4.60%,17.60%,20.30%,15.90%,7.70%,5.20%,3.00%,1.70%,1.60%,0.90%,0.90%,0.10%,0.30%,0.20%,,80.80%,80.30%,79.90%,3.40%,2.50%,,(X),(X),(X),,100.00%,91.60%,68.00%,0.80%,0.10%,20.80%,0.00%,1.90%,8.40%,,108.70%,75.80%,1.90%,0.60%,23.50%,0.10%,6.80%,,100.00%,7.00%,93.00%,,100.00%,7.00%,1.80%,0.00%,0.10%,0.20%,0.00%,1.50%,3.50%,93.00%,66.20%,0.80%,0.00%,20.60%,0.00%,0.40%,4.90%,,100.00%,100.00%,44.50%,18.50%,0.50%,4.50%,0.30%,19.40%,18.30%,0.10%,0.10%,2.30%,9.80%,0.00%,0.00%,0.00%,0.00%,0.00%,0.00%,0.00%,,100.00%,43.10%,22.80%,10.90%,0.70%,24.40%,13.40%,0.70%,1.60%,21.70%,12.10%,1.00%,1.50%,27.40%,5.00%,,100.00%,96.30%,3.70%,1.80%,0.20%,0.50%,0.50%,0.30%,0.50%,,(X),(X),,100.00%,51.60%,48.40%,True,66.2,0.8,20.6,0.0,0.4,7.0,False
Census Tract 193; Hudson County; New Jersey!!Percent,100.00%,5.20%,3.30%,1.80%,1.50%,8.60%,26.20%,16.20%,8.70%,5.70%,4.20%,3.30%,3.30%,2.30%,2.50%,2.30%,2.20%,1.20%,1.50%,,89.30%,88.50%,87.70%,11.30%,9.70%,100.00%,6.20%,3.60%,2.30%,1.40%,8.50%,27.30%,17.30%,8.50%,6.70%,4.30%,3.90%,2.50%,1.60%,1.80%,1.30%,1.10%,0.80%,0.70%,,87.50%,86.50%,86.00%,6.80%,5.80%,100.00%,4.10%,2.90%,1.20%,1.70%,8.70%,25.10%,15.10%,8.90%,4.70%,4.00%,2.70%,4.00%,3.00%,3.20%,3.20%,3.40%,1.60%,2.30%,,91.20%,90.60%,89.60%,15.90%,13.70%,,(X),(X),(X),,100.00%,91.40%,72.10%,1.60%,0.30%,11.30%,0.00%,6.10%,8.60%,,109.30%,80.10%,2.80%,1.20%,12.90%,0.10%,12.30%,,100.00%,16.60%,83.40%,,100.00%,16.60%,4.40%,0.60%,0.20%,0.10%,0.00%,5.60%,5.70%,83.40%,67.70%,1.00%,0.10%,11.20%,0.00%,0.60%,2.90%,,100.00%,99.80%,52.40%,12.10%,0.60%,6.40%,0.40%,13.10%,10.90%,0.30%,0.20%,2.60%,12.00%,0.20%,0.00%,0.00%,0.00%,0.20%,0.10%,0.10%,,100.00%,23.60%,8.00%,12.80%,0.60%,29.20%,18.10%,2.40%,1.50%,34.50%,22.50%,8.70%,2.20%,13.10%,16.90%,,100.00%,96.30%,3.70%,2.40%,0.00%,0.30%,0.00%,0.40%,0.60%,,(X),(X),,100.00%,23.80%,76.20%,True,67.7,1.0,11.2,0.1,0.6,16.6,True
Census Tract 194; Hudson County; New Jersey!!Percent,100.00%,4.90%,2.80%,2.50%,2.20%,8.70%,20.10%,15.10%,8.70%,4.90%,4.20%,5.10%,5.10%,5.00%,3.10%,2.30%,2.60%,1.10%,1.40%,,89.50%,88.90%,86.90%,13.20%,10.60%,100.00%,5.70%,3.00%,2.50%,2.50%,8.70%,19.00%,15.60%,9.10%,5.10%,4.20%,5.30%,4.90%,5.80%,2.30%,2.30%,2.10%,0.90%,1.00%,,88.40%,87.90%,85.40%,11.30%,8.60%,100.00%,4.10%,2.60%,2.50%,1.90%,8.70%,21.30%,14.50%,8.40%,4.70%,4.20%,4.90%,5.30%,4.20%,4.00%,2.30%,3.20%,1.30%,1.90%,,90.60%,90.00%,88.40%,15.10%,12.70%,,(X),(X),(X),,100.00%,90.40%,72.70%,2.50%,0.20%,9.20%,0.00%,5.80%,9.60%,,110.20%,81.50%,3.70%,0.80%,10.90%,0.00%,13.20%,,100.00%,16.70%,83.30%,,100.00%,16.70%,4.20%,0.30%,0.00%,0.10%,0.00%,4.90%,7.20%,83.30%,68.50%,2.20%,0.20%,9.10%,0.00%,0.90%,2.40%,,100.00%,98.90%,53.30%,10.60%,0.30%,4.80%,0.50%,14.20%,10.60%,0.10%,0.10%,2.80%,12.40%,1.10%,0.00%,0.00%,0.00%,1.10%,0.70%,0.40%,,100.00%,20.70%,8.00%,9.70%,0.60%,34.50%,22.90%,2.80%,1.60%,35.00%,21.30%,5.20%,3.00%,14.10%,14.70%,,100.00%,94.50%,5.50%,2.70%,0.10%,0.10%,0.00%,0.10%,2.40%,,(X),(X),,100.00%,9.70%,90.30%,True,68.5,2.2,9.1,0.2,0.9,16.7,True
Census Tract 198; Hudson County; New Jersey!!Percent,100.00%,5.60%,5.90%,5.10%,5.30%,5.40%,7.70%,8.80%,7.90%,7.30%,6.50%,6.60%,6.30%,6.40%,5.00%,4.00%,2.60%,2.00%,1.70%,,82.50%,80.30%,77.10%,19.00%,15.30%,100.00%,5.40%,6.00%,5.20%,5.80%,6.30%,7.50%,8.80%,8.40%,7.40%,6.70%,6.50%,6.30%,5.80%,4.80%,3.90%,2.30%,1.70%,1.20%,,82.20%,79.80%,76.00%,17.10%,13.80%,100.00%,5.60%,5.70%,4.90%,4.90%,4.70%,7.80%,8.80%,7.50%,7.10%,6.40%,6.60%,6.30%,7.00%,5.10%,4.10%,2.90%,2.30%,2.20%,,82.70%,80.80%,78.00%,20.60%,16.60%,,(X),(X),(X),,100.00%,89.40%,49.10%,3.70%,0.30%,27.70%,0.00%,8.60%,10.60%,,111.10%,59.00%,5.00%,0.80%,28.90%,0.10%,17.30%,,100.00%,22.00%,78.00%,,100.00%,22.00%,4.70%,0.40%,0.20%,0.30%,0.00%,8.10%,8.30%,78.00%,44.30%,3.30%,0.10%,27.40%,0.00%,0.60%,2.30%,,100.00%,100.00%,39.40%,18.90%,0.20%,2.00%,0.10%,29.30%,17.70%,1.60%,1.20%,6.00%,2.30%,0.00%,0.00%,0.00%,0.00%,0.00%,0.00%,0.00%,,100.00%,49.00%,20.60%,5.50%,1.20%,16.70%,11.20%,2.90%,1.30%,28.70%,15.40%,6.90%,4.80%,30.80%,29.80%,,100.00%,94.10%,5.90%,2.70%,0.30%,0.50%,0.10%,0.30%,2.10%,,(X),(X),,100.00%,53.90%,46.10%,False,44.3,3.3,27.4,0.1,0.6,22.0,False
Census Tract 199; Hudson County; New Jersey!!Percent,100.00%,6.00%,4.50%,4.70%,4.60%,4.40%,6.60%,9.80%,8.80%,6.80%,6.80%,6.50%,6.40%,5.50%,5.80%,5.00%,3.20%,2.30%,2.30%,,83.60%,81.80%,79.30%,22.00%,18.50%,100.00%,6.40%,4.50%,4.80%,5.00%,4.90%,6.30%,10.00%,8.80%,7.40%,6.70%,6.60%,7.10%,5.10%,5.90%,4.00%,2.60%,2.00%,2.00%,,83.20%,81.20%,78.20%,19.90%,16.50%,100.00%,5.70%,4.60%,4.50%,4.20%,4.00%,6.90%,9.50%,8.80%,6.40%,6.80%,6.50%,5.70%,5.90%,5.60%,5.90%,3.70%,2.60%,2.50%,,83.90%,82.30%,80.20%,23.90%,20.40%,,(X),(X),(X),,100.00%,88.10%,42.50%,4.60%,0.50%,32.20%,0.00%,8.30%,11.90%,,113.20%,53.60%,6.70%,1.30%,33.40%,0.10%,18.10%,,100.00%,22.40%,77.60%,,100.00%,22.40%,4.20%,0.60%,0.30%,0.30%,0.00%,7.60%,9.60%,77.60%,38.40%,4.00%,0.10%,32.00%,0.00%,0.70%,2.30%,,100.00%,100.00%,43.80%,19.80%,0.40%,2.10%,0.10%,25.50%,16.80%,1.00%,0.70%,5.00%,2.10%,0.00%,0.00%,0.00%,0.00%,0.00%,0.00%,0.00%,,100.00%,46.30%,19.90%,5.10%,1.00%,18.90%,13.80%,4.30%,1.30%,29.70%,19.20%,10.30%,3.30%,28.00%,33.10%,,100.00%,95.20%,4.80%,1.20%,0.40%,0.90%,0.20%,0.50%,1.60%,,(X),(X),,100.00%,53.00%,47.00%,False,38.4,4.0,32.0,0.1,0.7,22.4,False
Census Tract 200; Hudson County; New Jersey!!Percent,100.00%,3.60%,3.50%,5.10%,5.80%,6.00%,6.60%,6.90%,5.60%,6.00%,6.70%,8.40%,8.30%,7.40%,5.80%,4.90%,3.40%,2.70%,3.20%,,86.60%,84.40%,80.80%,24.20%,20.00%,100.00%,3.80%,3.30%,5.90%,6.40%,6.50%,7.20%,7.50%,5.60%,5.70%,6.50%,8.10%,8.10%,7.90%,5.60%,4.20%,3.30%,1.80%,2.50%,,85.70%,83.80%,79.30%,21.90%,17.40%,100.00%,3.30%,3.80%,4.40%,5.30%,5.60%,6.00%,6.40%,5.50%,6.20%,6.80%,8.60%,8.60%,7.00%,6.10%,5.50%,3.40%,3.60%,3.90%,,87.60%,85.00%,82.30%,26.40%,22.50%,,(X),(X),(X),,100.00%,89.50%,55.60%,4.80%,0.30%,18.10%,0.00%,10.60%,10.50%,,111.00%,65.10%,6.20%,1.10%,18.90%,0.20%,19.50%,,100.00%,25.70%,74.30%,,100.00%,25.70%,5.80%,0.80%,0.20%,0.10%,0.00%,10.30%,8.60%,74.30%,49.90%,4.10%,0.20%,18.00%,0.00%,0.30%,1.90%,,100.00%,91.30%,34.50%,15.30%,0.20%,1.40%,0.20%,26.90%,13.30%,2.20%,1.40%,6.70%,3.80%,8.70%,3.80%,1.90%,1.90%,4.90%,3.30%,1.60%,,100.00%,44.90%,15.90%,4.00%,1.50%,19.90%,12.80%,4.90%,1.70%,31.10%,16.30%,10.20%,4.10%,27.70%,38.50%,,100.00%,95.40%,4.60%,1.50%,0.00%,0.50%,0.60%,0.00%,1.90%,,(X),(X),,100.00%,55.00%,45.00%,False,49.9,4.1,18.0,0.2,0.3,25.7,False
Census Tract 201; Hudson County; New Jersey!!Percent,100.00%,11.00%,4.60%,2.70%,2.00%,3.50%,14.50%,21.30%,15.50%,6.00%,3.40%,3.10%,3.50%,3.30%,2.20%,1.20%,0.90%,0.50%,0.70%,,81.20%,80.50%,79.40%,7.20%,5.50%,100.00%,11.10%,5.60%,3.20%,2.00%,3.30%,13.70%,20.00%,17.70%,7.10%,3.00%,3.30%,2.60%,2.60%,1.40%,1.30%,0.90%,0.50%,0.50%,,79.70%,78.80%,77.80%,6.10%,4.70%,100.00%,10.90%,3.60%,2.20%,1.90%,3.80%,15.30%,22.60%,13.10%,4.90%,3.80%,3.00%,4.50%,4.10%,3.00%,1.10%,1.00%,0.50%,0.90%,,82.80%,82.10%,81.00%,8.40%,6.30%,,(X),(X),(X),,100.00%,93.60%,21.90%,6.30%,0.10%,58.80%,0.00%,6.40%,6.40%,,106.80%,27.20%,7.80%,0.60%,60.00%,0.20%,11.10%,,100.00%,12.50%,87.50%,,100.00%,12.50%,2.00%,0.40%,0.10%,0.00%,0.00%,5.80%,4.20%,87.50%,20.00%,5.90%,0.10%,58.70%,0.00%,0.60%,2.20%,,100.00%,100.00%,42.50%,21.80%,0.40%,2.50%,0.20%,22.60%,18.50%,0.20%,0.20%,4.90%,4.90%,0.00%,0.00%,0.00%,0.00%,0.00%,0.00%,0.00%,,100.00%,52.30%,26.30%,6.10%,0.80%,19.80%,10.40%,1.40%,1.70%,21.80%,10.20%,2.20%,3.50%,34.30%,11.30%,,100.00%,95.10%,4.90%,4.30%,0.30%,0.10%,0.00%,0.20%,0.10%,,(X),(X),,100.00%,7.50%,92.50%,False,20.0,5.9,58.7,0.1,0.6,12.5,False
Census Tract 324; Hudson County; New Jersey!!Percent,100.00%,5.60%,6.50%,7.10%,6.70%,6.40%,8.10%,7.60%,7.70%,6.80%,6.30%,6.70%,5.10%,4.60%,4.40%,3.30%,2.40%,2.40%,2.10%,,79.30%,76.90%,72.60%,17.40%,14.70%,100.00%,6.20%,6.70%,6.80%,7.40%,7.20%,8.50%,8.70%,8.60%,7.20%,6.50%,6.80%,4.90%,4.10%,3.50%,2.70%,1.40%,1.40%,1.60%,,78.50%,76.00%,71.00%,12.90%,10.60%,100.00%,5.10%,6.30%,7.30%,6.00%,5.80%,7.80%,6.50%,6.90%,6.50%,6.10%,6.60%,5.30%,5.20%,5.20%,3.80%,3.50%,3.50%,2.70%,,80.10%,77.70%,74.20%,21.80%,18.60%,,(X),(X),(X),,100.00%,79.30%,19.30%,2.20%,2.80%,2.00%,0.10%,52.90%,20.70%,,121.80%,37.50%,4.40%,4.30%,2.40%,0.20%,73.10%,,100.00%,89.20%,10.80%,,100.00%,89.20%,12.40%,1.20%,2.80%,0.10%,0.00%,52.40%,20.40%,10.80%,6.90%,1.00%,0.00%,1.80%,0.00%,0.60%,0.30%,,100.00%,99.90%,35.10%,12.30%,0.20%,2.70%,0.20%,30.40%,19.70%,1.60%,1.40%,10.70%,6.80%,0.10%,0.00%,0.00%,0.00%,0.10%,0.10%,0.00%,,100.00%,35.70%,16.70%,8.30%,4.90%,21.30%,10.70%,4.00%,3.00%,34.70%,17.30%,11.80%,7.10%,35.60%,32.00%,,100.00%,95.50%,4.50%,2.30%,0.20%,0.00%,0.30%,0.20%,1.60%,,(X),(X),,100.00%,17.20%,82.80%,False,6.9,1.0,1.8,0.0,0.6,89.2,False
Census Tract 9801; Hudson County; New Jersey!!Percent,100.00%,20.00%,0.00%,20.00%,0.00%,0.00%,0.00%,0.00%,0.00%,60.00%,0.00%,0.00%,0.00%,0.00%,0.00%,0.00%,0.00%,0.00%,0.00%,,60.00%,60.00%,60.00%,0.00%,0.00%,100.00%,25.00%,0.00%,25.00%,0.00%,0.00%,0.00%,0.00%,0.00%,50.00%,0.00%,0.00%,0.00%,0.00%,0.00%,0.00%,0.00%,0.00%,0.00%,,50.00%,50.00%,50.00%,0.00%,0.00%,100.00%,0.00%,0.00%,0.00%,0.00%,0.00%,0.00%,0.00%,0.00%,100.00%,0.00%,0.00%,0.00%,0.00%,0.00%,0.00%,0.00%,0.00%,0.00%,,100.00%,100.00%,100.00%,0.00%,0.00%,,(X),(X),(X),,100.00%,0.00%,0.00%,0.00%,0.00%,0.00%,0.00%,0.00%,100.00%,,280.00%,60.00%,80.00%,40.00%,60.00%,20.00%,20.00%,,100.00%,40.00%,60.00%,,100.00%,40.00%,0.00%,0.00%,0.00%,0.00%,0.00%,0.00%,40.00%,60.00%,0.00%,0.00%,0.00%,0.00%,0.00%,0.00%,60.00%,,100.00%,100.00%,60.00%,0.00%,0.00%,0.00%,0.00%,40.00%,40.00%,0.00%,0.00%,0.00%,0.00%,0.00%,0.00%,0.00%,0.00%,0.00%,0.00%,0.00%,,100.00%,0.00%,0.00%,33.30%,33.30%,66.70%,66.70%,33.30%,0.00%,0.00%,0.00%,0.00%,0.00%,33.30%,33.30%,,100.00%,75.00%,25.00%,0.00%,0.00%,0.00%,25.00%,0.00%,0.00%,,(X),(X),,100.00%,66.70%,33.30%,False,0.0,0.0,0.0,0.0,0.0,40.0,False
