census_tract,total_pop,under_5,5_to_9,10 to 14 years,15 to 19 years,20 to 24 years,25 to 29 years,30 to 34 years,35 to 39 years,40 to 44 years,45 to 49 years,50 to 54 years,55 to 59 years,60 to 64 years,65 to 69 years,70 to 74 years,75 to 79 years,80 to 84 years,85 years and over,Selected Age Categories,16 years and over,18 years and over,21 years and over,62 years and over,65 years and over,Male population,Under 5 years,5 to 9 years,10 to 14 years_1,15 to 19 years_1,20 to 24 years_1,25 to 29 years_1,30 to 34 years_1,35 to 39 years_1,40 to 44 years_1,45 to 49 years_1,50 to 54 years_1,55 to 59 years_1,60 to 64 years_1,65 to 69 years_1,70 to 74 years_1,75 to 79 years_1,80 to 84 years_1,85 years and over_1,Selected Age Categories_1,16 years and over_1,18 years and over_1,21 years and over_1,62 years and over_1,65 years and over_1,Female population,Under 5 years_1,5 to 9 years_1,10 to 14 years_2,15 to 19 years_2,20 to 24 years_2,25 to 29 years_2,30 to 34 years_2,35 to 39 years_2,40 to 44 years_2,45 to 49 years_2,50 to 54 years_2,55 to 59 years_2,60 to 64 years_2,65 to 69 years_2,70 to 74 years_2,75 to 79 years_2,80 to 84 years_2,85 years and over_2,Selected Age Categories_2,16 years and over_2,18 years and over_2,21 years and over_2,62 years and over_2,65 years and over_2,MEDIAN AGE BY SEX,Both sexes,Male,Female,RACE,Total population,One Race,White,Black or African American,American Indian and Alaska Native,Asian,Native Hawaiian and Other Pacific Islander,Some Other Race,Two or More Races,TOTAL RACES TALLIED [1],Total races tallied,White alone or in combination with one or more other races,Black or African American alone or in combination with one or more other races,American Indian and Alaska Native alone or in combination with one or more other races,Asian alone or in combination with one or more other races,Native Hawaiian and Other Pacific Islander alone or in combination with one or more other races,Some Other Race alone or in combination with one or more other races,HISPANIC OR LATINO,Total population_1,Hispanic or Latino (of any race),Not Hispanic or Latino,HISPANIC OR LATINO BY RACE,Total population_2,Hispanic or Latino,White alone,Black or African American alone,American Indian and Alaska Native alone,Asian alone,Native Hawaiian and Other Pacific Islander alone,Some Other Race alone,Two or More Races_1,Not Hispanic or Latino_1,White alone_1,Black or African American alone_1,American Indian and Alaska Native alone_1,Asian alone_1,Native Hawaiian and Other Pacific Islander alone_1,Some Other Race alone_1,Two or More Races_2,RELATIONSHIP,Total population_3,In households,Householder,Opposite-sex spouse,Same-sex spouse,Opposite-sex unmarried partner,Same-sex unmarried partner,Child [2],Under 18 years,Grandchild,Under 18 years_1,Other relatives,Nonrelatives,In group quarters,Institutionalized population:,Male_1,Female_1,Noninstitutionalized population:,Male_2,Female_2,HOUSEHOLDS BY TYPE,Total households,Married couple household,With own children under 18 [3],Cohabiting couple household,With own children under 18 [3]_1,"Male householder, no spouse or partner present:",Living alone,65 years and over_3,With own children under 18 [3]_2,"Female householder, no spouse or partner present:",Living alone_1,65 years and over_4,With own children under 18 [3]_3,Households with individuals under 18 years,Households with individuals 65 years and over,HOUSING OCCUPANCY,Total housing units,Occupied housing units,Vacant housing units,For rent,"Rented, not occupied",For sale only,"Sold, not occupied","For seasonal, recreational, or occasional use",All other vacants,VACANCY RATES,Homeowner vacancy rate (percent) [4],Rental vacancy rate (percent) [5],HOUSING TENURE,Occupied housing units_1,Owner-occupied housing units,Renter-occupied housing units,near_hblr,total_white,total_black,total_asian,total_other,total_hispanic,white_pct,black_pct,asian_pct,other_pct,hispanic_pct,near_path
Census Tract 1.01; Hudson County; New Jersey!!Count,2554.0,160,161,171,146,173,265,247,213,149,116,164,169,135,116,74,34,42,19,,"2,036","1,972","1,897",355,285,"1,284",94,87,88,72,92,128,132,113,77,59,81,77,56,54,36,11,21,6,,"1,006",970,934,157,128,"1,270",66,74,83,74,81,137,115,100,72,57,83,92,79,62,38,23,21,13,,"1,030","1,002",963,198,157,,34,32.9,35.1,,"2,554","2,241",617,131,33,871,0,589,313,,"2,879",866,201,54,894,0,864,,"2,554","1,059","1,495",,"2,554","1,059",162,26,33,7,0,554,277,"1,495",455,105,0,864,0,35,36,,"2,554","2,540",857,381,4,55,2,761,513,55,41,269,156,14,0,0,0,14,9,5,,847,385,189,53,27,189,89,22,18,220,81,27,55,324,189,,922,847,75,24,1,10,6,7,27,,3,4.4,,847,321,526,False,455.0,105.0,864.0,35.0,1059.0,17.815191855912293,4.111198120595145,33.82928739232576,1.370399373531715,41.464369616288174,False
Census Tract 1.02; Hudson County; New Jersey!!Count,3834.0,211,205,215,211,271,350,426,322,245,217,236,254,219,167,127,73,44,41,,"3,160","3,084","2,950",571,452,"1,902",117,97,104,108,132,192,208,176,122,103,114,110,110,80,58,39,21,11,,"1,567","1,524","1,453",271,209,"1,932",94,108,111,103,139,158,218,146,123,114,122,144,109,87,69,34,23,30,,"1,593","1,560","1,497",300,243,,35.3,34.8,36.1,,"3,834","3,380",916,271,41,"1,234",5,913,454,,"4,315","1,282",361,83,"1,263",11,"1,315",,"3,834","1,590","2,244",,"3,834","1,590",214,53,34,1,5,882,401,"2,244",702,218,7,"1,233",0,31,53,,"3,834","3,829","1,329",590,9,81,2,"1,116",646,77,68,383,242,5,0,0,0,5,4,1,,"1,330",602,255,84,32,287,142,20,39,357,140,59,73,459,307,,"1,437","1,330",107,52,5,6,2,3,39,,1.4,5.5,,"1,330",433,897,False,702.0,218.0,1233.0,31.0,1590.0,18.30985915492958,5.685967657798644,32.159624413145536,0.8085550339071466,41.47104851330204,False
Census Tract 2; Hudson County; New Jersey!!Count,5391.0,273,345,301,282,393,519,561,437,356,319,301,275,246,237,217,150,103,76,,"4,399","4,294","4,113",916,783,"2,703",137,185,150,149,226,279,291,240,179,153,142,127,125,108,85,62,41,24,,"2,193","2,136","2,042",383,320,"2,688",136,160,151,133,167,240,270,197,177,166,159,148,121,129,132,88,62,52,,"2,206","2,158","2,071",533,463,,35.2,33.6,36.7,,"5,391","4,545","1,267",408,49,"1,052",3,"1,766",846,,"6,311","1,939",619,114,"1,107",19,"2,513",,"5,391","2,954","2,437",,"5,391","2,954",408,88,38,9,0,"1,680",731,"2,437",859,320,11,"1,043",3,86,115,,"5,391","5,391","2,074",678,19,152,10,"1,515",922,142,122,460,341,0,0,0,0,0,0,0,,"2,079",693,294,167,60,481,281,81,46,738,355,201,151,613,620,,"2,232","2,079",153,73,3,18,5,0,54,,3.3,4.5,,"2,079",519,"1,560",False,859.0,320.0,1043.0,86.0,2954.0,15.93396401409757,5.9358189575217954,19.347059914672602,1.5952513448339825,54.79502875162308,False
Census Tract 3; Hudson County; New Jersey!!Count,3948.0,198,215,201,185,292,476,420,384,283,268,232,214,189,164,89,62,41,35,,"3,297","3,241","3,113",488,391,"2,021",111,100,107,93,138,253,223,194,154,129,126,118,91,82,47,23,20,12,,"1,687","1,663","1,599",232,184,"1,927",87,115,94,92,154,223,197,190,129,139,106,96,98,82,42,39,21,23,,"1,610","1,578","1,514",256,207,,34.9,34.6,35,,"3,948","3,377","1,501",178,60,503,1,"1,134",571,,"4,561","1,984",265,103,577,12,"1,620",,"3,948","1,910","2,038",,"3,948","1,910",252,37,56,7,0,"1,092",466,"2,038","1,249",141,4,496,1,42,105,,"3,948","3,948","1,586",565,14,130,13,"1,003",619,65,54,245,327,0,0,0,0,0,0,0,,"1,589",580,258,137,31,431,276,30,26,441,213,62,74,437,285,,"1,737","1,589",148,56,5,11,10,11,55,,2.1,4.9,,"1,589",497,"1,092",True,1249.0,141.0,496.0,42.0,1910.0,31.63627152988855,3.571428571428571,12.563323201621074,1.0638297872340425,48.37892603850051,False
Census Tract 4; Hudson County; New Jersey!!Count,3973.0,247,258,205,196,280,444,376,311,290,242,261,215,238,153,129,84,26,18,,"3,229","3,142","3,045",534,410,"2,003",124,141,102,96,152,226,203,165,150,128,133,92,115,67,63,29,11,6,,"1,624","1,579","1,528",242,176,"1,970",123,117,103,100,128,218,173,146,140,114,128,123,123,86,66,55,15,12,,"1,605","1,563","1,517",292,234,,34.7,33.9,35.6,,"3,973","3,563",858,189,45,"1,661",0,810,410,,"4,411","1,138",296,95,"1,725",8,"1,149",,"3,973","1,372","2,601",,"3,973","1,372",192,43,26,7,0,764,340,"2,601",666,146,19,"1,654",0,46,70,,"3,973","3,973","1,409",640,12,86,3,"1,142",740,68,54,381,232,0,0,0,0,0,0,0,,"1,419",649,313,90,40,318,172,33,25,362,165,64,59,468,333,,"1,549","1,419",130,49,0,17,6,0,58,,3.6,4.8,,"1,419",453,966,False,666.0,146.0,1654.0,46.0,1372.0,16.76315127107979,3.674804933299773,41.63100931286181,1.1578152529574628,34.533098414296504,False
Census Tract 5; Hudson County; New Jersey!!Count,4317.0,279,277,222,241,319,456,455,379,324,241,248,212,211,174,121,74,46,38,,"3,498","3,410","3,255",577,453,"2,182",146,130,118,133,178,235,221,212,176,121,117,101,109,74,57,28,14,12,,"1,761","1,711","1,642",241,185,"2,135",133,147,104,108,141,221,234,167,148,120,131,111,102,100,64,46,32,26,,"1,737","1,699","1,613",336,268,,33.7,33,34.4,,"4,317","3,813","1,224",266,45,"1,312",3,963,504,,"4,858","1,627",397,72,"1,371",12,"1,379",,"4,317","1,677","2,640",,"4,317","1,677",267,69,35,2,3,905,396,"2,640",957,197,10,"1,310",0,58,108,,"4,317","4,317","1,571",636,12,98,17,"1,232",793,100,79,381,270,0,0,0,0,0,0,0,,"1,570",650,315,114,32,376,214,22,27,430,180,64,88,527,294,,"1,720","1,570",150,76,10,9,7,6,42,,1.8,6.5,,"1,570",481,"1,089",False,957.0,197.0,1310.0,58.0,1677.0,22.1681723419041,4.563354181144313,30.34514709288858,1.3435255964790365,38.846421125781795,False
Census Tract 6; Hudson County; New Jersey!!Count,5790.0,346,379,299,298,387,540,609,516,423,343,373,334,320,251,159,110,44,59,,"4,690","4,590","4,398",801,623,"2,890",173,201,159,148,211,275,293,264,215,163,188,164,144,119,82,57,18,16,,"2,325","2,274","2,175",378,292,"2,900",173,178,140,150,176,265,316,252,208,180,185,170,176,132,77,53,26,43,,"2,365","2,316","2,223",423,331,,35.3,34.7,35.9,,"5,790","4,973","1,557",357,40,"1,603",1,"1,415",817,,"6,659","2,228",564,100,"1,672",8,"2,087",,"5,790","2,450","3,340",,"5,790","2,450",320,71,31,1,1,"1,341",685,"3,340","1,237",286,9,"1,602",0,74,132,,"5,790","5,790","2,219",860,14,132,13,"1,641","1,094",100,71,460,351,0,0,0,0,0,0,0,,"2,225",881,402,144,61,516,295,47,39,684,334,104,145,704,467,,"2,416","2,225",191,91,4,16,5,2,73,,2.9,5.1,,"2,225",533,"1,692",False,1237.0,286.0,1602.0,74.0,2450.0,21.364421416234887,4.939550949913644,27.668393782383422,1.2780656303972366,42.31433506044905,False
Census Tract 7; Hudson County; New Jersey!!Count,3609.0,203,198,206,180,238,421,430,351,278,181,198,185,171,123,112,52,51,31,,"2,960","2,883","2,799",469,369,"1,808",104,97,101,108,121,206,220,182,142,87,109,90,69,57,56,22,23,14,,"1,482","1,439","1,393",209,172,"1,801",99,101,105,72,117,215,210,169,136,94,89,95,102,66,56,30,28,17,,"1,478","1,444","1,406",260,197,,33.8,33.5,34.3,,"3,609","3,051","1,181",209,57,496,0,"1,108",558,,"4,207","1,653",312,104,540,10,"1,588",,"3,609","1,864","1,745",,"3,609","1,864",226,40,47,8,0,"1,062",481,"1,745",955,169,10,488,0,46,77,,"3,609","3,602","1,419",482,19,129,17,941,627,59,49,311,225,7,0,0,0,7,4,3,,"1,430",500,214,142,41,348,217,47,28,440,207,59,98,444,299,,"1,567","1,430",137,52,1,12,8,2,62,,2.9,4.8,,"1,430",399,"1,031",False,955.0,169.0,488.0,46.0,1864.0,26.461623718481576,4.682737600443336,13.521751177611527,1.2745912995289554,51.64865613743419,False
Census Tract 8; Hudson County; New Jersey!!Count,4075.0,250,163,164,158,342,593,596,414,264,231,214,175,168,126,98,64,28,27,,"3,471","3,406","3,299",437,343,"2,194",134,72,91,96,227,340,307,212,146,114,123,87,84,63,43,35,12,8,,"1,877","1,847","1,776",206,161,"1,881",116,91,73,62,115,253,289,202,118,117,91,88,84,63,55,29,16,19,,"1,594","1,559","1,523",231,182,,32.7,31.8,33.6,,"4,075","3,515","1,768",219,23,550,1,954,560,,"4,675","2,243",352,71,598,8,"1,403",,"4,075","1,562","2,513",,"4,075","1,562",186,41,23,9,1,886,416,"2,513","1,582",178,0,541,0,68,144,,"4,075","4,075","1,727",578,14,165,29,870,601,48,36,255,389,0,0,0,0,0,0,0,,"1,725",594,231,187,32,514,279,41,37,430,225,31,71,405,253,,"1,913","1,725",188,109,4,9,6,3,57,,1.8,8,,"1,725",477,"1,248",True,1582.0,178.0,541.0,68.0,1562.0,38.82208588957055,4.368098159509202,13.276073619631902,1.6687116564417177,38.331288343558285,False
Census Tract 9.02; Hudson County; New Jersey!!Count,6778.0,470,389,210,172,351,763,946,737,422,281,284,281,310,409,333,200,120,100,,"5,675","5,619","5,488","1,357","1,162","3,511",240,200,109,97,212,407,498,437,238,139,140,129,145,197,158,86,47,32,,"2,944","2,904","2,834",614,520,"3,267",230,189,101,75,139,356,448,300,184,142,144,152,165,212,175,114,73,68,,"2,731","2,715","2,654",743,642,,35.4,34.9,36,,"6,778","6,433","1,514",324,27,"4,082",0,486,345,,"7,155","1,789",417,63,"4,144",9,733,,"6,778",896,"5,882",,"6,778",896,173,46,12,8,0,423,234,"5,882","1,341",278,15,"4,074",0,63,111,,"6,778","6,760","2,905","1,250",10,75,12,"1,559","1,098",64,45,396,489,18,0,0,0,18,13,5,,"2,917","1,252",597,84,8,738,442,187,27,843,525,314,86,760,893,,"3,132","2,917",215,116,5,10,2,26,56,,1.5,4.8,,"2,917",642,"2,275",False,1341.0,278.0,4074.0,63.0,896.0,19.78459722632045,4.10150486869283,60.106226025376216,0.9294777220419003,13.219238713484804,True
Census Tract 10; Hudson County; New Jersey!!Count,2118.0,150,159,111,79,126,190,226,218,133,110,114,120,113,101,79,49,15,25,,"1,687","1,653","1,607",343,269,"1,090",83,86,50,38,76,98,115,122,70,55,56,65,47,43,46,19,8,13,,865,854,825,158,129,"1,028",67,73,61,41,50,92,111,96,63,55,58,55,66,58,33,30,7,12,,822,799,782,185,140,,35.3,34.9,35.7,,"2,118","1,952",585,119,30,905,0,313,166,,"2,296",713,154,57,926,4,442,,"2,118",519,"1,599",,"2,118",519,83,12,17,1,0,284,122,"1,599",502,107,13,904,0,29,44,,"2,118","2,118",782,324,9,36,3,591,409,40,32,186,147,0,0,0,0,0,0,0,,784,333,160,38,13,173,76,20,23,240,98,32,34,260,193,,847,784,63,41,5,2,0,6,9,,0.8,7,,784,247,537,False,502.0,107.0,904.0,29.0,519.0,23.701605288007556,5.051935788479698,42.68177525967894,1.3692162417374882,24.504249291784703,False
Census Tract 11; Hudson County; New Jersey!!Count,5345.0,328,269,252,220,361,645,656,489,352,305,312,307,286,241,137,77,60,48,,"4,473","4,370","4,213",717,563,"2,705",147,129,131,113,220,350,323,276,188,139,156,166,135,86,68,34,24,20,,"2,280","2,234","2,147",305,232,"2,640",181,140,121,107,141,295,333,213,164,166,156,141,151,155,69,43,36,28,,"2,193","2,136","2,066",412,331,,34.5,34.1,35,,"5,345","4,714","1,612",295,48,"1,637",0,"1,122",631,,"6,053","2,112",461,115,"1,708",15,"1,642",,"5,345","1,889","3,456",,"5,345","1,889",253,50,42,3,0,"1,053",488,"3,456","1,359",245,6,"1,634",0,69,143,,"5,345","5,339","2,042",806,14,124,17,"1,392",863,97,74,430,417,6,0,0,0,6,5,1,,"2,046",822,392,145,41,510,272,30,41,569,252,65,87,620,382,,"2,252","2,046",206,89,8,22,5,6,76,,3.5,5.8,,"2,046",597,"1,449",False,1359.0,245.0,1634.0,69.0,1889.0,25.425631431244156,4.583723105706268,30.570626753975677,1.2909260991580918,35.34144059869037,False
Census Tract 12.01; Hudson County; New Jersey!!Count,2153.0,151,114,96,85,170,273,265,221,130,112,114,99,107,65,64,47,24,16,,"1,769","1,747","1,688",272,216,"1,191",92,63,62,45,110,166,147,122,73,59,63,52,45,38,24,16,9,5,,960,948,923,117,92,962,59,51,34,40,60,107,118,99,57,53,51,47,62,27,40,31,15,11,,809,799,765,155,124,,33.3,31.2,35.5,,"2,153","1,977",405,102,21,"1,195",1,253,176,,"2,348",512,155,48,"1,256",6,371,,"2,153",464,"1,689",,"2,153",464,92,13,7,4,1,232,115,"1,689",313,89,14,"1,191",0,21,61,,"2,153","2,153",803,336,5,36,1,558,361,24,23,156,234,0,0,0,0,0,0,0,,798,337,170,38,11,215,105,13,16,208,96,38,30,255,161,,858,798,60,25,8,1,5,2,19,,0.6,3.8,,798,173,625,False,313.0,89.0,1191.0,21.0,464.0,14.537854156990246,4.133766836971668,55.31816070599164,0.9753831862517418,21.5513237343242,False
Census Tract 12.02; Hudson County; New Jersey!!Count,1268.0,58,73,57,74,90,145,150,89,76,85,80,69,68,69,34,22,18,11,,"1,070","1,034",999,196,154,638,33,43,25,42,48,84,84,45,42,40,31,26,28,37,16,8,2,4,,531,511,490,80,67,630,25,30,32,32,42,61,66,44,34,45,49,43,40,32,18,14,16,7,,539,523,509,116,87,,34.6,32.2,38.3,,"1,268","1,145",273,297,9,354,0,212,123,,"1,403",366,336,29,374,3,295,,"1,268",395,873,,"1,268",395,85,16,7,0,0,197,90,873,188,281,2,354,0,15,33,,"1,268","1,268",531,132,7,29,6,320,190,38,28,91,114,0,0,0,0,0,0,0,,534,142,56,38,12,138,62,13,13,216,100,46,36,139,140,,603,534,69,32,3,3,0,1,30,,4.2,6.4,,534,68,466,False,188.0,281.0,354.0,15.0,395.0,14.826498422712934,22.160883280757098,27.917981072555204,1.1829652996845426,31.15141955835962,True
Census Tract 13; Hudson County; New Jersey!!Count,2624.0,109,89,111,107,186,322,374,257,177,186,136,116,119,100,94,45,45,51,,"2,293","2,256","2,182",401,335,"1,353",47,45,59,62,99,177,195,141,92,100,67,53,57,54,49,18,23,15,,"1,190","1,168","1,124",190,159,"1,271",62,44,52,45,87,145,179,116,85,86,69,63,62,46,45,27,22,36,,"1,103","1,088","1,058",211,176,,35.2,34.6,35.7,,"2,624","2,258","1,093",166,19,450,2,528,366,,"3,025","1,390",254,48,490,16,827,,"2,624",962,"1,662",,"2,624",962,174,18,15,1,0,484,270,"1,662",919,148,4,449,2,44,96,,"2,624","2,491","1,119",327,10,111,6,556,337,38,22,116,208,133,133,56,77,0,0,0,,"1,101",328,137,122,28,317,205,28,13,334,166,43,57,259,190,,"1,237","1,101",136,52,0,18,5,2,59,,4.9,6.4,,"1,101",346,755,False,919.0,148.0,449.0,44.0,962.0,35.02286585365854,5.640243902439025,17.111280487804876,1.676829268292683,36.66158536585366,False
Census Tract 14; Hudson County; New Jersey!!Count,3867.0,211,211,199,185,266,486,462,394,257,248,217,220,158,130,95,70,28,30,,"3,217","3,130","3,014",443,353,"2,001",100,113,110,93,143,267,261,223,132,130,106,105,77,60,38,29,6,8,,"1,665","1,616","1,561",186,141,"1,866",111,98,89,92,123,219,201,171,125,118,111,115,81,70,57,41,22,22,,"1,552","1,514","1,453",257,212,,33.8,33.2,35,,"3,867","3,385","1,108",280,38,"1,075",1,883,482,,"4,387","1,484",433,87,"1,122",12,"1,249",,"3,867","1,505","2,362",,"3,867","1,505",208,66,20,5,0,842,364,"2,362",900,214,18,"1,070",1,41,118,,"3,867","3,855","1,553",511,15,125,17,"1,021",649,72,57,272,269,12,12,4,8,0,0,0,,"1,552",525,243,145,42,429,257,28,28,453,214,65,97,456,277,,"1,725","1,552",173,54,41,19,1,9,49,,6.2,4,,"1,552",288,"1,264",False,900.0,214.0,1070.0,41.0,1505.0,23.273855702094647,5.534005689164727,27.670028445823636,1.0602534264287562,38.91905870183605,False
Census Tract 17.01; Hudson County; New Jersey!!Count,5237.0,363,361,304,276,418,676,683,442,376,264,289,230,212,130,69,66,31,47,,"4,147","4,022","3,878",477,343,"2,739",186,203,146,138,227,363,367,238,199,144,158,102,114,63,38,29,7,17,,"2,176","2,107","2,039",225,154,"2,498",177,158,158,138,191,313,316,204,177,120,131,128,98,67,31,37,24,30,,"1,971","1,915","1,839",252,189,,31.3,31.2,31.4,,"5,237","4,731","1,289",676,38,"2,058",0,670,506,,"5,770","1,724",802,68,"2,179",10,987,,"5,237","1,128","4,109",,"5,237","1,128",132,52,19,4,0,614,307,"4,109","1,157",624,19,"2,054",0,56,199,,"5,237","5,212","1,889",708,26,108,9,"1,528","1,077",110,88,416,418,25,0,0,0,25,12,13,,"1,888",735,337,111,20,521,261,34,51,521,223,46,130,582,305,,"2,046","1,888",158,96,10,2,3,3,44,,0.5,6.1,,"1,888",431,"1,457",False,1157.0,624.0,2054.0,56.0,1128.0,22.092801222073707,11.91521863662402,39.22092801222073,1.0693144930303609,21.53904907389727,False
Census Tract 18; Hudson County; New Jersey!!Count,3965.0,317,289,262,178,255,463,491,336,244,254,195,186,164,136,85,55,36,19,,"3,053","2,992","2,868",420,331,"2,007",158,160,132,101,135,241,218,161,147,123,90,109,74,67,37,33,16,5,,"1,538","1,501","1,423",194,158,"1,958",159,129,130,77,120,222,273,175,97,131,105,77,90,69,48,22,20,14,,"1,515","1,491","1,445",226,173,,32.2,31.8,32.4,,"3,965","3,628",997,548,37,"1,556",5,485,337,,"4,360","1,265",652,75,"1,650",15,703,,"3,965",850,"3,115",,"3,965",850,108,52,22,1,5,450,212,"3,115",889,496,15,"1,555",0,35,125,,"3,965","3,965","1,535",567,7,69,6,"1,232",888,62,49,238,249,0,0,0,0,0,0,0,,"1,525",578,324,67,12,394,206,42,30,486,205,48,148,550,265,,"1,669","1,525",144,97,6,3,8,2,28,,1.7,6.6,,"1,525",165,"1,360",False,889.0,496.0,1555.0,35.0,850.0,22.421185372005045,12.509457755359396,39.21815889029004,0.8827238335435058,21.437578814627994,False
Census Tract 19; Hudson County; New Jersey!!Count,2684.0,100,75,46,56,232,631,521,272,154,112,87,109,110,58,61,22,23,15,,"2,448","2,428","2,392",233,179,"1,468",46,41,25,18,107,327,291,173,96,72,53,72,65,29,31,7,8,7,,"1,355","1,346","1,338",108,82,"1,216",54,34,21,38,125,304,230,99,58,40,34,37,45,29,30,15,15,8,,"1,093","1,082","1,054",125,97,,31.3,32,30.4,,"2,684","2,479",627,188,21,"1,487",1,155,205,,"2,906",779,226,61,"1,541",9,290,,"2,684",329,"2,355",,"2,684",329,39,12,19,5,1,138,115,"2,355",588,176,2,"1,482",0,17,90,,"2,684","2,661","1,347",405,16,136,2,340,221,14,13,154,247,23,0,0,0,23,19,4,,"1,341",429,120,145,5,464,344,22,14,303,200,31,17,172,131,,"1,520","1,341",179,152,5,3,0,5,14,,5.2,10.5,,"1,341",55,"1,286",False,588.0,176.0,1482.0,17.0,329.0,21.90760059612519,6.557377049180328,55.216095380029806,0.6333830104321907,12.257824143070046,True
Census Tract 20.01; Hudson County; New Jersey!!Count,1627.0,96,59,53,56,98,242,241,154,103,79,79,97,89,72,40,29,28,12,,"1,409","1,388","1,354",237,181,891,50,38,30,33,54,132,134,93,62,36,39,49,49,36,23,15,15,3,,768,761,733,125,92,736,46,21,23,23,44,110,107,61,41,43,40,48,40,36,17,14,13,9,,641,627,621,112,89,,34.4,34.2,34.7,,"1,627","1,459",439,96,14,761,0,149,168,,"1,805",580,135,22,791,2,275,,"1,627",300,"1,327",,"1,627",300,37,9,8,4,0,135,107,"1,327",402,87,6,757,0,14,61,,"1,627","1,627",698,265,1,24,1,323,223,9,5,91,215,0,0,0,0,0,0,0,,694,268,117,27,2,226,123,15,14,173,111,29,16,161,141,,753,694,59,43,0,0,4,0,12,,0,6.6,,694,85,609,False,402.0,87.0,757.0,14.0,300.0,24.708051628764597,5.347264904732637,46.527350952673636,0.8604794099569761,18.43884449907806,True
Census Tract 20.02; Hudson County; New Jersey!!Count,2563.0,167,118,97,94,148,339,360,250,147,133,138,173,124,112,65,50,33,15,,"2,158","2,126","2,066",354,275,"1,333",82,64,54,49,79,169,187,148,71,71,63,87,68,67,33,21,17,3,,"1,125","1,104","1,071",190,141,"1,230",85,54,43,45,69,170,173,102,76,62,75,86,56,45,32,29,16,12,,"1,033","1,022",995,164,134,,34.1,34.5,33.7,,"2,563","2,274",859,237,19,925,7,227,289,,"2,893","1,099",308,61,963,22,440,,"2,563",523,"2,040",,"2,563",523,59,19,13,16,5,200,211,"2,040",800,218,6,909,2,27,78,,"2,563","2,553","1,210",366,15,67,5,549,393,21,20,172,148,10,0,0,0,10,9,1,,"1,215",379,168,75,15,404,281,50,8,357,236,62,29,252,199,,"1,363","1,215",148,108,7,4,1,1,27,,4.6,8.7,,"1,215",82,"1,133",False,800.0,218.0,909.0,27.0,523.0,31.213421771361688,8.50565743269606,35.466250487709715,1.0534529847834568,20.405774483027702,True
Census Tract 22; Hudson County; New Jersey!!Count,2036.0,126,58,46,24,67,322,408,322,187,108,75,72,59,50,40,25,27,20,,"1,803","1,791","1,775",196,162,"1,048",62,29,31,15,25,152,198,171,109,60,44,46,33,34,12,11,13,3,,925,916,908,93,73,988,64,29,15,9,42,170,210,151,78,48,31,26,26,16,28,14,14,17,,878,875,867,103,89,,34.6,35.2,33.8,,"2,036","1,806","1,199",100,9,370,2,126,230,,"2,287","1,398",151,39,429,5,265,,"2,036",337,"1,699",,"2,036",337,80,10,5,6,2,110,124,"1,699","1,119",90,4,364,0,16,106,,"2,036","2,030","1,038",320,14,129,16,296,225,11,10,69,137,6,0,0,0,6,3,3,,"1,040",347,132,146,6,279,197,19,13,268,175,40,15,171,140,,"1,136","1,040",96,48,12,11,0,3,22,,2.7,6.8,,"1,040",392,648,False,1119.0,90.0,364.0,16.0,337.0,54.96070726915521,4.4204322200392925,17.87819253438114,0.7858546168958742,16.55206286836935,False
Census Tract 23; Hudson County; New Jersey!!Count,2470.0,144,105,62,43,108,444,487,351,190,155,109,68,81,52,26,19,11,15,,"2,144","2,127","2,108",174,123,"1,265",83,52,29,17,66,229,227,183,104,88,60,36,40,23,12,7,7,2,,"1,095","1,091","1,082",76,51,"1,205",61,53,33,26,42,215,260,168,86,67,49,32,41,29,14,12,4,13,,"1,049","1,036","1,026",98,72,,33.3,33.4,33.2,,"2,470","2,153","1,347",121,1,540,1,143,317,,"2,819","1,635",191,28,615,13,337,,"2,470",383,"2,087",,"2,470",383,69,17,0,2,1,129,165,"2,087","1,278",104,1,538,0,14,152,,"2,470","2,470","1,199",406,25,149,14,398,318,15,15,66,198,0,0,0,0,0,0,0,,"1,206",426,163,165,8,312,216,14,20,303,175,24,23,227,130,,"1,322","1,206",116,67,7,0,5,9,28,,0,7.7,,"1,206",415,791,False,1278.0,104.0,538.0,14.0,383.0,51.740890688259114,4.2105263157894735,21.78137651821862,0.5668016194331984,15.506072874493926,False
Census Tract 24; Hudson County; New Jersey!!Count,2806.0,226,119,86,59,71,312,520,424,262,196,153,127,86,58,48,31,11,17,,"2,360","2,331","2,310",209,165,"1,455",129,61,38,32,27,145,255,231,147,107,78,73,51,30,23,13,7,8,,"1,216","1,205","1,194",108,81,"1,351",97,58,48,27,44,167,265,193,115,89,75,54,35,28,25,18,4,9,,"1,144","1,126","1,116",101,84,,35.1,35.8,34,,"2,806","2,487","1,825",98,5,453,2,104,319,,"3,158","2,128",166,28,554,3,279,,"2,806",359,"2,447",,"2,806",359,107,8,4,5,1,87,147,"2,447","1,718",90,1,448,1,17,172,,"2,806","2,799","1,349",531,25,153,24,536,460,8,7,39,134,7,0,0,0,7,4,3,,"1,357",553,242,177,11,310,238,14,16,317,214,29,26,310,120,,"1,486","1,357",129,54,9,11,3,10,42,,2,6.1,,"1,357",538,819,False,1718.0,90.0,448.0,17.0,359.0,61.22594440484676,3.2074126870990733,15.965787598004278,0.6058446186742694,12.794012829650747,False
Census Tract 27; Hudson County; New Jersey!!Count,5952.0,386,436,417,359,455,580,508,546,406,433,327,314,293,226,125,78,36,27,,"4,637","4,488","4,277",664,492,"2,986",188,243,207,194,254,313,238,265,186,225,147,142,162,104,56,33,19,10,,"2,301","2,225","2,112",319,222,"2,966",198,193,210,165,201,267,270,281,220,208,180,172,131,122,69,45,17,17,,"2,336","2,263","2,165",345,270,,33.3,32.2,34.5,,"5,952","5,395","1,511","1,240",53,"1,438",9,"1,144",557,,"6,553","1,920","1,429",121,"1,537",21,"1,525",,"5,952","1,721","4,231",,"5,952","1,721",287,94,33,2,0,986,319,"4,231","1,224","1,146",20,"1,436",9,158,238,,"5,952","5,678","1,906",762,13,94,11,"1,869","1,278",142,117,479,402,274,155,79,76,119,51,68,,"1,904",767,397,99,37,454,206,41,42,584,224,63,173,708,362,,"2,086","1,904",182,89,8,12,4,13,56,,2.2,6.1,,"1,904",542,"1,362",False,1224.0,1146.0,1436.0,158.0,1721.0,20.56451612903226,19.254032258064516,24.126344086021508,2.6545698924731185,28.914650537634408,False
Census Tract 28; Hudson County; New Jersey!!Count,5643.0,330,257,225,244,506,556,605,483,340,314,307,338,321,241,226,135,115,100,,"4,799","4,719","4,451",992,817,"2,757",161,126,121,135,263,264,309,257,177,137,151,168,172,108,87,51,43,27,,"2,335","2,297","2,150",406,316,"2,886",169,131,104,109,243,292,296,226,163,177,156,170,149,133,139,84,72,73,,"2,464","2,422","2,301",586,501,,35.9,35,37.1,,"5,643","4,944","1,967",863,51,"1,188",0,875,699,,"6,377","2,543","1,041",94,"1,290",12,"1,397",,"5,643","1,594","4,049",,"5,643","1,594",237,49,26,7,0,788,487,"4,049","1,730",814,25,"1,181",0,87,212,,"5,643","5,256","2,302",778,25,120,15,"1,320",856,51,28,366,279,387,0,0,0,387,146,241,,"2,291",807,364,132,21,574,402,91,19,778,480,243,70,524,631,,"2,429","2,291",138,75,13,14,7,2,27,,3,3.9,,"2,291",453,"1,838",False,1730.0,814.0,1181.0,87.0,1594.0,30.65745171008329,14.42495126705653,20.928584086478825,1.541733120680489,28.24738614212298,False
Census Tract 29; Hudson County; New Jersey!!Count,3990.0,244,187,138,176,344,451,489,367,283,244,221,225,191,148,116,80,46,40,,"3,397","3,335","3,193",534,430,"2,065",124,97,67,90,162,238,271,215,147,122,130,120,101,73,48,31,15,14,,"1,768","1,729","1,666",235,181,"1,925",120,90,71,86,182,213,218,152,136,122,91,105,90,75,68,49,31,26,,"1,629","1,606","1,527",299,249,,34.6,34.7,34.4,,"3,990","3,616","1,394",412,36,"1,443",4,327,374,,"4,384","1,696",520,57,"1,506",11,594,,"3,990",708,"3,282",,"3,990",708,119,28,14,9,0,286,252,"3,282","1,275",384,22,"1,434",4,41,122,,"3,990","3,766","1,527",591,23,93,11,902,585,46,40,254,319,224,0,0,0,224,98,126,,"1,527",607,276,104,17,432,293,43,17,384,220,62,27,373,304,,"1,685","1,527",158,77,1,20,12,11,37,,4.1,6.7,,"1,527",458,"1,069",False,1275.0,384.0,1434.0,41.0,708.0,31.954887218045116,9.624060150375941,35.93984962406015,1.0275689223057645,17.74436090225564,False
Census Tract 30; Hudson County; New Jersey!!Count,2974.0,217,155,122,126,198,356,353,218,182,167,161,141,152,130,113,84,58,41,,"2,462","2,409","2,312",496,426,"1,505",95,65,65,63,105,183,181,118,117,84,80,82,72,56,51,34,35,19,,"1,271","1,243","1,186",226,195,"1,469",122,90,57,63,93,173,172,100,65,83,81,59,80,74,62,50,23,22,,"1,191","1,166","1,126",270,231,,34.3,34.8,33.7,,"2,974","2,644",972,475,33,538,7,619,330,,"3,341","1,227",595,72,577,17,853,,"2,974",990,"1,984",,"2,974",990,116,47,9,2,3,584,229,"1,984",856,428,24,536,4,35,101,,"2,974","2,950","1,301",366,8,61,12,770,501,52,34,175,205,24,0,0,0,24,14,10,,"1,303",371,171,70,15,429,297,81,23,433,250,133,69,312,352,,"1,686","1,303",383,84,19,7,9,0,264,,3.3,6.9,,"1,303",194,"1,109",False,856.0,428.0,536.0,35.0,990.0,28.782784129119033,14.391392064559517,18.022864828513786,1.1768661735036987,33.28850033624748,False
Census Tract 31.01; Hudson County; New Jersey!!Count,2846.0,202,95,51,40,141,635,670,383,165,95,76,53,60,54,53,37,30,6,,"2,492","2,472","2,449",212,180,"1,439",105,46,18,18,77,303,326,230,92,48,38,22,30,26,31,15,14,0,,"1,267","1,257","1,249",103,86,"1,407",97,49,33,22,64,332,344,153,73,47,38,31,30,28,22,22,16,6,,"1,225","1,215","1,200",109,94,,31.8,32,31.5,,"2,846","2,613",636,273,8,"1,505",0,191,233,,"3,108",828,338,29,"1,544",1,368,,"2,846",381,"2,465",,"2,846",381,48,16,4,1,0,158,154,"2,465",588,257,4,"1,504",0,33,79,,"2,846","2,846","1,555",516,9,124,13,410,350,9,7,78,132,0,0,0,0,0,0,0,,"1,558",536,198,132,12,428,338,50,7,462,329,56,50,278,171,,"1,713","1,558",155,130,5,1,0,3,16,,0.8,8.3,,"1,558",132,"1,426",False,588.0,257.0,1504.0,33.0,381.0,20.660576247364723,9.030217849613493,52.84609978917779,1.1595221363316937,13.387210119465918,False
Census Tract 31.02; Hudson County; New Jersey!!Count,3365.0,255,214,224,154,221,376,368,307,261,188,212,186,146,95,57,55,27,19,,"2,640","2,574","2,491",341,253,"1,800",135,109,123,79,138,208,190,167,149,109,117,109,62,43,28,19,7,8,,"1,416","1,386","1,339",138,105,"1,565",120,105,101,75,83,168,178,140,112,79,95,77,84,52,29,36,20,11,,"1,224","1,188","1,152",203,148,,32.9,32.6,33.3,,"3,365","3,065","1,132",432,20,963,5,513,300,,"3,677","1,364",536,43,"1,001",5,728,,"3,365",841,"2,524",,"3,365",841,118,37,20,15,0,462,189,"2,524","1,014",395,0,948,5,51,111,,"3,365","3,357","1,310",423,1,88,7,"1,014",737,41,32,270,203,8,0,0,0,8,8,0,,"1,304",435,237,95,17,388,240,34,36,386,183,26,66,402,189,,"1,421","1,304",117,70,3,11,4,0,29,,5.5,5.9,,"1,304",184,"1,120",False,1014.0,395.0,948.0,51.0,841.0,30.13372956909361,11.738484398216938,28.172362555720653,1.5156017830609212,24.9925705794948,False
Census Tract 35; Hudson County; New Jersey!!Count,2257.0,155,105,62,57,115,246,400,262,204,165,100,109,94,76,42,20,20,25,,"1,921","1,898","1,864",239,183,"1,130",82,60,31,29,49,114,216,130,102,85,58,61,38,27,26,4,7,11,,948,942,926,96,75,"1,127",73,45,31,28,66,132,184,132,102,80,42,48,56,49,16,16,13,14,,973,956,938,143,108,,34.9,34.7,35.2,,"2,257","1,914","1,067",159,6,316,1,365,343,,"2,649","1,362",255,38,378,7,609,,"2,257",709,"1,548",,"2,257",709,97,32,4,4,1,343,228,"1,548",970,127,2,312,0,22,115,,"2,257","2,257","1,082",332,27,124,18,459,328,32,23,55,128,0,0,0,0,0,0,0,,"1,082",364,136,139,16,240,179,12,8,339,200,57,59,247,154,,"1,141","1,082",59,37,0,2,2,5,13,,0.5,4.9,,"1,082",361,721,False,970.0,127.0,312.0,22.0,709.0,42.977403633141336,5.62693841382366,13.82365972529907,0.9747452370403189,31.41338059370846,True
Census Tract 40; Hudson County; New Jersey!!Count,5642.0,386,345,395,349,367,518,435,400,367,354,362,358,356,235,188,125,63,39,,"4,452","4,337","4,085",844,650,"2,719",185,179,183,162,174,242,221,207,182,179,180,164,171,115,90,51,17,17,,"2,145","2,097","1,966",379,290,"2,923",201,166,212,187,193,276,214,193,185,175,182,194,185,120,98,74,46,22,,"2,307","2,240","2,119",465,360,,35.4,35.3,35.4,,"5,642","5,166",880,"1,199",50,"2,090",9,938,476,,"6,169","1,187","1,381",98,"2,172",27,"1,304",,"5,642","1,487","4,155",,"5,642","1,487",208,113,45,13,0,794,314,"4,155",672,"1,086",5,"2,077",9,144,162,,"5,642","5,629","1,859",740,11,120,8,"1,865","1,139",155,103,576,295,13,0,0,0,13,9,4,,"1,858",745,337,135,60,389,194,42,51,589,197,46,160,683,436,,"1,996","1,858",138,71,3,4,12,4,44,,0.6,5.5,,"1,858",635,"1,223",False,672.0,1086.0,2077.0,144.0,1487.0,11.910669975186105,19.248493442041827,36.81318681318682,2.552286423254165,26.35590216235377,False
Census Tract 41.02; Hudson County; New Jersey!!Count,3091.0,184,158,187,190,224,295,292,249,196,223,204,204,167,137,80,43,36,22,,"2,516","2,450","2,341",412,318,"1,507",83,77,90,85,116,148,134,130,102,101,105,114,89,58,40,17,12,6,,"1,243","1,207","1,155",179,133,"1,584",101,81,97,105,108,147,158,119,94,122,99,90,78,79,40,26,24,16,,"1,273","1,243","1,186",233,185,,35.3,35.8,34.8,,"3,091","2,758",577,"1,148",16,321,4,692,333,,"3,466",773,"1,332",61,363,13,924,,"3,091","1,080","2,011",,"3,091","1,080",116,72,12,3,3,663,211,"2,011",461,"1,076",4,318,1,29,122,,"3,091","3,079","1,271",295,12,101,8,898,550,77,60,222,195,12,0,0,0,12,9,3,,"1,261",314,148,104,28,367,242,36,28,476,216,59,118,376,235,,"1,375","1,261",114,55,2,2,6,0,49,,0.8,5.1,,"1,261",236,"1,025",False,461.0,1076.0,318.0,29.0,1080.0,14.914267227434488,34.81074086056292,10.287932707861533,0.9382076997735361,34.94014881915238,False
Census Tract 41.03; Hudson County; New Jersey!!Count,2285.0,148,156,117,112,145,209,228,215,163,143,157,141,127,82,48,49,22,23,,"1,842","1,784","1,728",279,224,"1,116",78,74,60,69,76,90,104,109,82,69,71,69,64,39,21,22,13,6,,888,857,819,128,101,"1,169",70,82,57,43,69,119,124,106,81,74,86,72,63,43,27,27,9,17,,954,927,909,151,123,,35.4,35.2,35.7,,"2,285","2,035",703,742,16,237,7,330,250,,"2,558",868,857,44,273,14,502,,"2,285",620,"1,665",,"2,285",620,98,36,13,10,1,297,165,"1,665",605,706,3,227,6,33,85,,"2,285","2,274",896,299,11,68,5,681,452,50,33,162,102,11,0,0,0,11,7,4,,888,308,141,70,19,203,135,28,7,307,135,29,66,267,163,,935,888,47,27,4,3,2,0,11,,1.1,4.2,,888,275,613,False,605.0,706.0,227.0,33.0,620.0,26.477024070021884,30.897155361050327,9.934354485776806,1.4442013129102844,27.13347921225383,False
Census Tract 41.04; Hudson County; New Jersey!!Count,4593.0,300,306,261,244,302,392,448,390,309,306,317,277,230,187,138,86,68,32,,"3,669","3,579","3,416",644,511,"2,279",156,166,135,117,130,193,217,225,155,162,164,145,119,76,55,25,28,11,,"1,789","1,752","1,671",262,195,"2,314",144,140,126,127,172,199,231,165,154,144,153,132,111,111,83,61,40,21,,"1,880","1,827","1,745",382,316,,35.5,35.5,35.5,,"4,593","4,024","1,400","1,061",39,671,1,852,569,,"5,223","1,800","1,273",108,742,11,"1,289",,"4,593","1,455","3,138",,"4,593","1,455",165,64,24,10,1,773,418,"3,138","1,235",997,15,661,0,79,151,,"4,593","4,545","1,831",592,19,103,12,"1,348",898,72,56,377,191,48,0,0,0,48,40,8,,"1,829",619,307,112,27,462,315,42,19,636,318,103,129,528,349,,"1,914","1,829",85,33,6,6,1,0,39,,1.6,2.2,,"1,829",370,"1,459",False,1235.0,997.0,661.0,79.0,1455.0,26.888743740474634,21.706945351622036,14.391465273241892,1.7200087089048552,31.678641410842584,False
Census Tract 42; Hudson County; New Jersey!!Count,5100.0,352,414,349,291,366,476,497,399,317,285,331,287,242,187,151,83,45,28,,"3,925","3,828","3,624",636,494,"2,379",152,191,163,156,173,234,236,176,174,129,140,148,115,74,59,37,17,5,,"1,841","1,790","1,687",263,192,"2,721",200,223,186,135,193,242,261,223,143,156,191,139,127,113,92,46,28,23,,"2,084","2,038","1,937",373,302,,33,32.4,33.7,,"5,100","4,517",949,"1,893",46,680,5,944,583,,"5,715","1,342","2,118",124,743,20,"1,368",,"5,100","1,559","3,541",,"5,100","1,559",185,134,30,10,1,819,380,"3,541",764,"1,759",16,670,4,125,203,,"5,100","5,066","1,804",565,7,135,13,"1,679","1,079",164,125,469,230,34,25,15,10,9,7,2,,"1,801",562,276,151,52,380,214,42,36,708,264,52,205,652,358,,"1,948","1,801",147,83,24,4,8,0,28,,1,5.4,,"1,801",383,"1,418",True,764.0,1759.0,670.0,125.0,1559.0,14.980392156862745,34.490196078431374,13.137254901960786,2.450980392156863,30.56862745098039,False
Census Tract 43; Hudson County; New Jersey!!Count,2503.0,164,131,112,155,179,223,272,236,176,174,161,173,136,83,67,23,18,20,,"2,053","1,988","1,917",280,211,"1,183",88,59,48,77,94,111,129,114,75,79,66,80,77,45,26,8,7,0,,968,940,902,128,86,"1,320",76,72,64,78,85,112,143,122,101,95,95,93,59,38,41,15,11,20,,"1,085","1,048","1,015",152,125,,35.3,34.5,36,,"2,503","2,275",494,"1,298",32,115,21,315,228,,"2,752",649,"1,412",61,143,25,462,,"2,503",552,"1,951",,"2,503",552,60,34,26,10,11,276,135,"1,951",434,"1,264",6,105,10,39,93,,"2,503","2,492","1,035",271,8,72,7,683,430,67,53,202,147,11,0,0,0,11,11,0,,"1,043",277,130,73,21,260,151,33,21,433,185,48,106,319,208,,"1,158","1,043",115,56,8,5,9,2,35,,1.6,7,,"1,043",302,741,False,434.0,1264.0,105.0,39.0,552.0,17.339192968437874,50.499400719137036,4.194966040751099,1.558130243707551,22.053535757091492,False
Census Tract 44; Hudson County; New Jersey!!Count,2697.0,193,196,212,176,198,198,233,181,167,154,152,146,139,112,101,64,39,36,,"2,055","1,972","1,883",434,352,"1,164",94,98,103,83,78,97,93,76,73,64,61,54,67,44,41,22,12,4,,854,812,770,163,123,"1,533",99,98,109,93,120,101,140,105,94,90,91,92,72,68,60,42,27,32,,"1,201","1,160","1,113",271,229,,33.9,31.5,35.4,,"2,697","2,499",190,"1,889",17,75,2,326,198,,"2,924",336,"1,982",51,91,7,457,,"2,697",661,"2,036",,"2,697",661,77,126,13,1,0,310,134,"2,036",113,"1,763",4,74,2,16,64,,"2,697","2,697","1,086",209,8,58,6,884,590,98,75,235,113,0,0,0,0,0,0,0,,"1,085",216,95,66,37,244,177,73,21,559,248,147,167,372,332,,"1,176","1,085",91,36,12,11,0,7,25,,5.9,3.8,,"1,085",175,910,True,113.0,1763.0,74.0,16.0,661.0,4.189840563589174,65.3689284390063,2.743789395624768,0.5932517612161661,24.50871338524286,False
Census Tract 45; Hudson County; New Jersey!!Count,4395.0,255,281,311,279,305,387,429,303,291,290,296,280,224,160,132,73,55,44,,"3,491","3,367","3,217",575,464,"2,024",131,128,178,151,130,174,208,145,139,142,114,123,105,53,50,22,16,15,,"1,546","1,486","1,403",204,156,"2,371",124,153,133,128,175,213,221,158,152,148,182,157,119,107,82,51,39,29,,"1,945","1,881","1,814",371,308,,34.3,32.6,36.1,,"4,395","4,036",481,"2,588",46,96,2,823,359,,"4,810",714,"2,782",103,137,12,"1,062",,"4,395","1,316","3,079",,"4,395","1,316",154,151,27,6,1,751,226,"3,079",327,"2,437",19,90,1,72,133,,"4,395","4,373","1,600",425,23,98,13,"1,417",844,144,105,388,265,22,0,0,0,22,8,14,,"1,618",443,204,120,49,339,206,38,37,716,247,86,195,563,367,,"1,745","1,618",127,57,11,12,5,0,42,,2.8,4.5,,"1,618",418,"1,200",True,327.0,2437.0,90.0,72.0,1316.0,7.440273037542662,55.449374288964734,2.04778156996587,1.6382252559726962,29.94311717861206,False
Census Tract 46; Hudson County; New Jersey!!Count,2309.0,163,140,129,126,159,206,223,180,168,148,152,128,125,97,85,38,23,19,,"1,850","1,805","1,719",333,262,"1,124",82,68,63,53,89,95,125,85,95,63,73,63,57,47,36,17,8,5,,902,880,839,146,113,"1,185",81,72,66,73,70,111,98,95,73,85,79,65,68,50,49,21,15,14,,948,925,880,187,149,,35.2,34.7,35.8,,"2,309","2,017",352,772,67,56,1,769,292,,"2,642",572,859,110,83,6,"1,012",,"2,309","1,219","1,090",,"2,309","1,219",92,60,62,11,0,756,238,"1,090",260,712,5,45,1,13,54,,"2,309","2,309",878,240,5,79,3,728,442,79,42,174,123,0,0,0,0,0,0,0,,875,250,100,86,38,207,107,22,23,332,125,47,80,282,208,,984,875,109,48,5,4,12,2,38,,1.4,7.2,,875,261,614,True,260.0,712.0,45.0,13.0,1219.0,11.26028583802512,30.835859679514943,1.9488956258120398,0.563014291901256,52.79341706366393,False
Census Tract 47; Hudson County; New Jersey!!Count,3304.0,200,177,168,148,202,462,475,346,229,203,175,174,144,86,61,28,13,13,,"2,734","2,667","2,583",282,201,"1,618",85,83,82,74,77,245,248,184,114,102,96,79,65,36,30,14,2,2,,"1,355","1,319","1,282",117,84,"1,686",115,94,86,74,125,217,227,162,115,101,79,95,79,50,31,14,11,11,,"1,379","1,348","1,301",165,117,,32.9,33.2,32.7,,"3,304","2,885","1,161",767,32,257,1,667,419,,"3,783","1,507",920,80,297,2,977,,"3,304","1,182","2,122",,"3,304","1,182",159,55,31,4,0,637,296,"2,122","1,002",712,1,253,1,30,123,,"3,304","3,279","1,442",382,16,158,24,790,527,93,75,164,210,25,0,0,0,25,21,4,,"1,435",398,157,185,31,383,250,20,33,469,230,36,89,360,196,,"1,671","1,435",236,174,4,5,16,8,29,,1.5,13.4,,"1,435",316,"1,119",True,1002.0,712.0,253.0,30.0,1182.0,30.326876513317192,21.54963680387409,7.657384987893462,0.9079903147699757,35.77481840193705,False
Census Tract 48; Hudson County; New Jersey!!Count,4713.0,292,315,261,303,317,394,439,383,286,332,298,310,274,196,131,96,51,35,,"3,786","3,663","3,485",659,509,"2,333",151,163,140,160,149,200,227,196,154,158,149,163,103,98,62,30,19,11,,"1,846","1,778","1,693",279,220,"2,380",141,152,121,143,168,194,212,187,132,174,149,147,171,98,69,66,32,24,,"1,940","1,885","1,792",380,289,,35.3,34.3,36.1,,"4,713","4,181",838,"1,055",23,"1,608",3,654,532,,"5,285","1,198","1,251",75,"1,709",15,"1,037",,"4,713","1,122","3,591",,"4,713","1,122",128,64,13,13,0,557,347,"3,591",710,991,10,"1,595",3,97,185,,"4,713","4,704","1,679",656,10,99,13,"1,448",905,130,94,450,219,9,0,0,0,9,3,6,,"1,680",670,336,111,45,394,228,50,36,505,199,62,122,603,385,,"1,827","1,680",147,63,13,12,6,7,46,,2.1,5.3,,"1,680",566,"1,114",True,710.0,991.0,1595.0,97.0,1122.0,15.064714619138552,21.026946743051138,33.842563123276044,2.0581370676851263,23.80649267982177,False
Census Tract 49; Hudson County; New Jersey!!Count,4370.0,272,282,314,269,338,383,336,287,259,299,309,298,232,183,129,82,68,30,,"3,430","3,340","3,168",630,492,"2,089",137,155,154,131,166,206,141,141,121,132,154,128,113,83,60,24,30,13,,"1,608","1,565","1,475",276,210,"2,281",135,127,160,138,172,177,195,146,138,167,155,170,119,100,69,58,38,17,,"1,822","1,775","1,693",354,282,,34.8,32.7,36,,"4,370","3,852",631,"1,700",23,819,2,677,518,,"4,938",993,"1,929",79,867,5,"1,065",,"4,370","1,203","3,167",,"4,370","1,203",170,88,12,14,1,568,350,"3,167",461,"1,612",11,805,1,109,168,,"4,370","4,365","1,461",508,9,85,10,"1,482",876,122,87,485,203,5,0,0,0,5,4,1,,"1,448",508,227,95,45,305,169,35,37,540,162,59,170,556,337,,"1,561","1,448",113,57,9,1,12,4,30,,0.2,5.5,,"1,448",475,973,True,461.0,1612.0,805.0,109.0,1203.0,10.549199084668192,36.88787185354691,18.421052631578945,2.4942791762013727,27.528604118993133,False
Census Tract 52; Hudson County; New Jersey!!Count,4815.0,291,316,367,373,436,365,346,309,298,269,279,293,267,194,156,138,66,52,,"3,770","3,647","3,364",755,606,"2,209",143,152,197,188,209,175,147,131,126,118,126,138,118,85,52,65,25,14,,"1,679","1,613","1,478",296,241,"2,606",148,164,170,185,227,190,199,178,172,151,153,155,149,109,104,73,41,38,,"2,091","2,034","1,886",459,365,,33.6,31.3,35.6,,"4,815","4,458",822,"2,541",44,329,1,721,357,,"5,214","1,054","2,680",97,383,17,983,,"4,815","1,272","3,543",,"4,815","1,272",157,165,40,1,0,663,246,"3,543",665,"2,376",4,328,1,58,111,,"4,815","4,637","1,788",446,3,96,3,"1,540",969,159,121,398,204,178,0,0,0,178,70,108,,"1,793",446,177,96,47,427,263,73,55,824,315,145,235,606,472,,"1,980","1,793",187,78,11,5,9,4,80,,1.2,5.3,,"1,793",416,"1,377",False,665.0,2376.0,328.0,58.0,1272.0,13.811007268951196,49.34579439252336,6.812045690550364,1.2045690550363446,26.417445482866043,False
Census Tract 53; Hudson County; New Jersey!!Count,3201.0,184,239,250,225,227,271,239,237,216,202,220,171,155,109,97,77,47,35,,"2,478","2,374","2,275",464,365,"1,464",86,146,117,95,106,127,118,111,84,86,101,81,58,48,36,31,21,12,,"1,091","1,054","1,004",183,148,"1,737",98,93,133,130,121,144,121,126,132,116,119,90,97,61,61,46,26,23,,"1,387","1,320","1,271",281,217,,34.3,32.5,36.2,,"3,201","2,956",278,"2,087",8,41,6,536,245,,"3,480",432,"2,236",27,51,10,724,,"3,201",912,"2,289",,"3,201",912,90,92,8,3,6,524,189,"2,289",188,"1,995",0,38,0,12,56,,"3,201","3,198","1,152",300,6,83,7,"1,140",729,114,65,280,116,3,0,0,0,3,0,3,,"1,158",301,144,91,41,257,152,32,37,509,143,65,186,471,277,,"1,282","1,158",124,66,10,2,1,0,45,,0.6,7.4,,"1,158",345,813,True,188.0,1995.0,38.0,12.0,912.0,5.873164636051234,62.32427366447985,1.1871290221805686,0.37488284910965325,28.49109653233365,False
Census Tract 54; Hudson County; New Jersey!!Count,7307.0,498,428,372,444,590,520,602,596,522,447,412,431,465,341,297,171,100,71,,"5,948","5,804","5,444","1,228",980,"3,379",251,230,195,196,269,251,271,276,267,219,178,202,191,150,116,72,33,12,,"2,677","2,603","2,455",484,383,"3,928",247,198,177,248,321,269,331,320,255,228,234,229,274,191,181,99,67,59,,"3,271","3,201","2,989",744,597,,36.7,35.5,37.4,,"7,307","6,709","1,170","2,278",30,"2,528",3,700,598,,"7,962","1,611","2,510",83,"2,660",5,"1,093",,"7,307","1,085","6,222",,"7,307","1,085",166,74,17,21,3,493,311,"6,222","1,004","2,204",13,"2,507",0,207,287,,"7,307","6,953","2,707","1,122",25,121,15,"2,076","1,325",153,117,545,189,354,0,0,0,354,145,209,,"2,714","1,159",540,133,37,470,291,90,42,952,472,187,176,889,723,,"2,870","2,714",156,86,8,8,3,7,44,,0.5,6.5,,"2,714","1,477","1,237",False,1004.0,2204.0,2507.0,207.0,1085.0,13.740249076228276,30.16285753387163,34.309566169426574,2.832899958943479,14.8487751471192,False
Census Tract 55; Hudson County; New Jersey!!Count,3141.0,218,261,229,229,224,292,227,190,159,204,177,220,141,125,103,67,50,25,,"2,381","2,299","2,157",446,370,"1,383",101,136,97,121,100,135,104,81,60,84,76,80,71,49,43,23,16,6,,"1,022",971,911,174,137,"1,758",117,125,132,108,124,157,123,109,99,120,101,140,70,76,60,44,34,19,,"1,359","1,328","1,246",272,233,,32.4,30,34.5,,"3,141","2,923",193,"2,281",17,54,1,377,218,,"3,375",306,"2,401",64,79,15,510,,"3,141",678,"2,463",,"3,141",678,70,105,4,4,1,359,135,"2,463",123,"2,176",13,50,0,18,83,,"3,141","3,122","1,095",263,2,76,1,"1,117",666,188,132,272,108,19,0,0,0,19,3,16,,"1,099",269,96,71,34,204,106,28,26,555,184,83,205,446,308,,"1,181","1,099",82,32,1,6,3,0,40,,2.2,3.7,,"1,099",270,829,True,123.0,2176.0,50.0,18.0,678.0,3.9159503342884436,69.27730022285897,1.591849729385546,0.5730659025787965,21.585482330468004,False
Census Tract 56; Hudson County; New Jersey!!Count,3897.0,243,252,273,275,268,293,282,262,235,242,251,269,245,203,157,81,41,25,,"3,063","2,959","2,797",629,507,"1,852",125,149,141,127,126,139,136,119,103,109,110,123,119,96,70,32,18,10,,"1,398","1,355","1,285",287,226,"2,045",118,103,132,148,142,154,146,143,132,133,141,146,126,107,87,49,23,15,,"1,665","1,604","1,512",342,281,,36.1,34.5,37.6,,"3,897","3,480",475,"1,518",33,765,2,687,417,,"4,352",698,"1,681",81,857,18,"1,017",,"3,897",995,"2,902",,"3,897",995,133,61,11,16,2,519,253,"2,902",342,"1,457",22,749,0,168,164,,"3,897","3,897","1,361",476,6,87,4,"1,336",790,140,104,385,102,0,0,0,0,0,0,0,,"1,356",483,214,91,33,285,167,51,37,497,170,66,138,492,366,,"1,437","1,356",81,33,0,11,1,4,32,,2.4,3.5,,"1,356",440,916,False,342.0,1457.0,749.0,168.0,995.0,8.775981524249422,37.387734154477805,19.219912753400052,4.311008468052348,25.532460867333846,False
Census Tract 58.01; Hudson County; New Jersey!!Count,5569.0,419,463,413,393,396,452,461,372,257,366,364,295,220,206,177,143,127,45,,"4,197","4,045","3,813",819,698,"2,568",212,253,206,210,197,195,236,164,103,176,166,123,85,78,56,47,48,13,,"1,856","1,771","1,648",289,242,"3,001",207,210,207,183,199,257,225,208,154,190,198,172,135,128,121,96,79,32,,"2,341","2,274","2,165",530,456,,32.5,30.2,35.3,,"5,569","5,178",377,"3,583",49,144,1,"1,024",391,,"5,991",600,"3,810",107,170,23,"1,281",,"5,569","1,535","4,034",,"5,569","1,535",160,160,22,1,1,946,245,"4,034",217,"3,423",27,143,0,78,146,,"5,569","5,564","2,009",447,11,159,4,"2,010","1,279",234,162,490,200,5,0,0,0,5,2,3,,"2,004",455,211,158,69,413,230,55,52,978,358,183,312,750,561,,"2,177","2,004",173,87,8,13,2,3,60,,2.7,5.4,,"2,004",473,"1,531",True,217.0,3423.0,143.0,78.0,1535.0,3.8965702998743046,61.465254085114026,2.5677859579816844,1.4006105225354641,27.56329682169151,False
Census Tract 58.02; Hudson County; New Jersey!!Count,1683.0,134,105,81,42,47,87,156,204,177,151,130,118,79,80,51,27,9,5,,"1,349","1,332","1,311",217,172,826,73,54,46,23,21,43,71,96,90,81,55,63,37,29,24,19,0,1,,645,634,624,95,73,857,61,51,35,19,26,44,85,108,87,70,75,55,42,51,27,8,9,4,,704,698,687,122,99,,39.4,38.6,40,,"1,683","1,470",870,79,4,452,0,65,213,,"1,919","1,063",123,20,525,1,187,,"1,683",154,"1,529",,"1,683",154,25,0,0,3,0,29,97,"1,529",845,79,4,449,0,36,116,,"1,683","1,677",757,364,7,46,6,418,336,8,6,50,21,6,0,0,0,6,2,4,,765,364,177,61,13,140,108,13,12,200,132,38,23,239,147,,814,765,49,25,1,11,2,6,4,,2,9.4,,765,526,239,False,845.0,79.0,449.0,36.0,154.0,50.20796197266786,4.69399881164587,26.67855020796197,2.13903743315508,9.15032679738562,False
Census Tract 59.01; Hudson County; New Jersey!!Count,3443.0,175,165,218,224,261,253,227,202,207,240,231,238,228,197,166,109,52,50,,"2,854","2,764","2,622",690,574,"1,619",91,74,107,118,119,136,128,99,86,126,108,115,102,78,64,39,15,14,,"1,332","1,276","1,212",266,210,"1,824",84,91,111,106,142,117,99,103,121,114,123,123,126,119,102,70,37,36,,"1,522","1,488","1,410",424,364,,39.9,37.2,42.7,,"3,443","3,170",561,534,32,"1,483",3,557,273,,"3,740",746,638,54,"1,530",11,761,,"3,443",809,"2,634",,"3,443",809,76,57,19,11,0,459,187,"2,634",485,477,13,"1,472",3,98,86,,"3,443","3,388","1,170",500,8,40,2,"1,125",576,106,75,340,97,55,0,0,0,55,3,52,,"1,165",513,210,43,15,226,110,32,32,383,151,65,85,391,348,,"1,231","1,165",66,22,1,4,0,4,35,,0.7,3.6,,"1,165",584,581,False,485.0,477.0,1472.0,98.0,809.0,14.086552425210572,13.854196921289574,42.75341272146384,2.8463549230322394,23.49695033401104,False
Census Tract 59.02; Hudson County; New Jersey!!Count,4857.0,249,225,260,312,360,400,358,291,289,284,335,367,329,278,245,102,87,86,,"4,082","3,948","3,746",990,798,"2,284",120,118,137,168,178,194,160,147,128,136,152,171,142,138,106,33,28,28,,"1,887","1,815","1,708",424,333,"2,573",129,107,123,144,182,206,198,144,161,148,183,196,187,140,139,69,59,58,,"2,195","2,133","2,038",566,465,,39.5,37.3,41.9,,"4,857","4,384",772,"1,216",16,"1,577",5,798,473,,"5,382","1,047","1,439",81,"1,633",34,"1,148",,"4,857","1,210","3,647",,"4,857","1,210",152,55,14,28,0,659,302,"3,647",620,"1,161",2,"1,549",5,139,171,,"4,857","4,734","1,700",607,18,89,12,"1,464",788,102,72,557,185,123,123,69,54,0,0,0,,"1,686",623,215,101,40,344,174,45,52,618,224,115,155,548,531,,"1,770","1,686",84,33,3,0,2,0,46,,0,3,,"1,686",637,"1,049",False,620.0,1161.0,1549.0,139.0,1210.0,12.76508132592135,23.903644224830142,31.892114473955118,2.861848877908174,24.912497426394893,False
Census Tract 60; Hudson County; New Jersey!!Count,4709.0,309,302,349,318,351,371,397,293,272,286,314,349,236,189,150,97,73,53,,"3,678","3,569","3,370",675,562,"2,233",182,161,196,148,195,163,201,132,127,132,136,148,112,76,47,40,24,13,,"1,671","1,609","1,512",262,200,"2,476",127,141,153,170,156,208,196,161,145,154,178,201,124,113,103,57,49,40,,"2,007","1,960","1,858",413,362,,34.4,31.5,37.5,,"4,709","4,240",398,"2,693",16,213,1,919,469,,"5,206",666,"2,934",82,257,15,"1,252",,"4,709","1,501","3,208",,"4,709","1,501",203,121,8,7,0,857,305,"3,208",195,"2,572",8,206,1,62,164,,"4,709","4,698","1,723",385,6,128,8,"1,667",935,203,144,407,171,11,0,0,0,11,6,5,,"1,716",397,162,131,65,374,213,41,48,814,251,95,244,637,421,,"1,842","1,716",126,64,9,4,6,3,40,,0.8,4.9,,"1,716",485,"1,231",True,195.0,2572.0,206.0,62.0,1501.0,4.141006583138671,54.61881503503928,4.374601826290083,1.3166277341261414,31.875132724569973,False
Census Tract 61.01; Hudson County; New Jersey!!Count,3954.0,232,221,241,229,241,290,281,258,239,274,293,264,270,228,179,99,52,63,,"3,208","3,117","2,975",798,621,"1,905",125,112,127,122,112,144,125,129,108,140,139,129,128,97,81,44,17,26,,"1,511","1,467","1,390",347,265,"2,049",107,109,114,107,129,146,156,129,131,134,154,135,142,131,98,55,35,37,,"1,697","1,650","1,585",451,356,,39.7,38.2,40.9,,"3,954","3,646",998,604,35,"1,476",3,530,308,,"4,301","1,216",706,75,"1,523",11,770,,"3,954",909,"3,045",,"3,954",909,121,62,24,17,0,470,215,"3,045",877,542,11,"1,459",3,60,93,,"3,954","3,952","1,399",620,14,68,7,"1,298",763,70,45,376,100,2,0,0,0,2,2,0,,"1,395",638,263,75,33,270,150,26,30,412,149,80,98,475,427,,"1,473","1,395",78,39,0,7,1,2,29,,1,5.1,,"1,395",666,729,False,877.0,542.0,1459.0,60.0,909.0,22.180070814365198,13.707637835103693,36.89934243803743,1.5174506828528074,22.98937784522003,False
Census Tract 61.02; Hudson County; New Jersey!!Count,3436.0,227,219,271,215,268,287,231,226,197,216,237,227,219,140,134,67,25,30,,"2,666","2,583","2,461",504,396,"1,607",119,110,136,99,130,133,110,118,93,93,116,104,89,56,58,23,10,10,,"1,220","1,190","1,117",199,157,"1,829",108,109,135,116,138,154,121,108,104,123,121,123,130,84,76,44,15,20,,"1,446","1,393","1,344",305,239,,35,33.1,36.5,,"3,436","3,083",408,"1,591",32,342,0,710,353,,"3,817",622,"1,716",72,411,13,983,,"3,436","1,054","2,382",,"3,436","1,054",151,72,13,4,0,580,234,"2,382",257,"1,519",19,338,0,130,119,,"3,436","3,396","1,224",321,9,63,5,"1,198",699,134,103,321,121,40,0,0,0,40,27,13,,"1,217",324,118,73,28,261,133,23,22,559,182,81,156,382,305,,"1,278","1,217",61,40,3,10,0,0,8,,3.4,4.1,,"1,217",288,929,False,257.0,1519.0,338.0,130.0,1054.0,7.479627473806752,44.20838183934808,9.837019790454015,3.783469150174622,30.675203725261934,False
Census Tract 62; Hudson County; New Jersey!!Count,4047.0,247,281,257,233,270,298,280,269,224,215,251,230,268,194,182,141,90,117,,"3,219","3,142","2,971",895,724,"1,910",115,168,124,127,154,148,135,139,96,86,122,98,117,83,82,57,32,27,,"1,484","1,441","1,344",354,281,"2,137",132,113,133,106,116,150,145,130,128,129,129,132,151,111,100,84,58,90,,"1,735","1,701","1,627",541,443,,37.7,34.4,41.6,,"4,047","3,522",605,"1,525",41,433,1,917,525,,"4,611",932,"1,740",104,480,19,"1,336",,"4,047","1,431","2,616",,"4,047","1,431",211,75,22,8,1,765,349,"2,616",394,"1,450",19,425,0,152,176,,"4,047","3,916","1,516",407,1,73,12,"1,298",798,88,57,401,120,131,92,19,73,39,5,34,,"1,511",413,128,83,45,369,211,87,51,646,296,155,185,471,487,,"1,617","1,511",106,48,5,2,8,0,43,,0.5,4.1,,"1,511",383,"1,128",True,394.0,1450.0,425.0,152.0,1431.0,9.735606622189277,35.82900914257475,10.501606127996046,3.755868544600939,35.35952557449963,False
Census Tract 63; Hudson County; New Jersey!!Count,4792.0,293,309,294,304,370,392,331,306,265,302,318,317,267,235,194,141,86,68,,"3,834","3,717","3,524",875,724,"2,297",145,156,151,160,202,202,145,132,118,144,146,145,114,114,99,66,28,30,,"1,815","1,751","1,645",406,337,"2,495",148,153,143,144,168,190,186,174,147,158,172,172,153,121,95,75,58,38,,"2,019","1,966","1,879",469,387,,36.6,34.4,38.1,,"4,792","4,213",692,"1,956",51,307,3,"1,204",579,,"5,439","1,084","2,206",106,359,7,"1,677",,"4,792","1,855","2,937",,"4,792","1,855",233,134,24,5,3,"1,041",415,"2,937",459,"1,822",27,302,0,163,164,,"4,792","4,783","1,749",543,13,120,8,"1,594",883,207,153,360,189,9,0,0,0,9,7,2,,"1,758",543,205,125,58,409,249,99,39,681,313,161,164,581,577,,"1,932","1,758",174,84,2,14,8,4,62,,2.6,6.3,,"1,758",521,"1,237",True,459.0,1822.0,302.0,163.0,1855.0,9.578464106844741,38.02170283806344,6.302170283806344,3.401502504173623,38.71035058430718,False
Census Tract 64; Hudson County; New Jersey!!Count,3276.0,217,95,85,60,123,529,672,509,271,141,175,109,111,74,52,21,16,16,,"2,868","2,842","2,807",239,179,"1,672",111,40,45,28,61,272,338,262,142,76,112,56,51,37,21,8,6,6,,"1,467","1,457","1,440",112,78,"1,604",106,55,40,32,62,257,334,247,129,65,63,53,60,37,31,13,10,10,,"1,401","1,385","1,367",127,101,,33.7,34,33.4,,"3,276","2,896","1,905",161,13,589,1,227,380,,"3,686","2,248",227,35,701,5,470,,"3,276",514,"2,762",,"3,276",514,91,16,8,3,1,195,200,"2,762","1,814",145,5,586,0,32,180,,"3,276","3,276","1,622",537,37,188,15,522,410,21,14,92,242,0,0,0,0,0,0,0,,"1,621",570,218,206,13,440,306,32,17,405,277,36,23,284,187,,"1,826","1,621",205,96,20,10,25,34,20,,2,7.6,,"1,621",467,"1,154",False,1814.0,145.0,586.0,32.0,514.0,55.372405372405375,4.426129426129426,17.887667887667888,0.9768009768009768,15.68986568986569,True
Census Tract 65; Hudson County; New Jersey!!Count,2270.0,150,139,108,54,104,284,338,295,207,149,108,109,80,48,37,24,21,15,,"1,866","1,844","1,812",188,145,"1,053",85,76,38,28,51,131,160,130,111,63,51,48,32,14,12,12,7,4,,848,841,821,62,49,"1,217",65,63,70,26,53,153,178,165,96,86,57,61,48,34,25,12,14,11,,"1,018","1,003",991,126,96,,34.4,33.7,35,,"2,270","1,999","1,073",255,13,317,2,339,271,,"2,572","1,321",307,42,384,6,512,,"2,270",657,"1,613",,"2,270",657,113,44,13,0,1,314,172,"1,613",960,211,0,317,1,25,99,,"2,270","2,264","1,053",306,22,95,16,551,390,33,26,91,97,6,0,0,0,6,3,3,,"1,072",326,157,126,11,217,167,16,6,403,230,40,72,269,142,,"1,189","1,072",117,73,7,15,0,5,17,,4.2,9,,"1,072",340,732,False,960.0,211.0,317.0,25.0,657.0,42.290748898678416,9.295154185022026,13.964757709251103,1.1013215859030838,28.942731277533042,False
Census Tract 66; Hudson County; New Jersey!!Count,1329.0,80,79,65,67,99,136,124,107,74,71,82,61,77,83,62,35,15,12,,"1,081","1,061","1,026",253,207,698,40,42,38,34,59,81,59,59,41,39,44,34,36,36,28,20,6,2,,566,556,541,114,92,631,40,37,27,33,40,55,65,48,33,32,38,27,41,47,34,15,9,10,,515,505,485,139,115,,35.6,34.3,36.5,,"1,329","1,257",219,50,5,912,0,71,72,,"1,411",279,65,9,943,2,113,,"1,329",83,"1,246",,"1,329",83,7,5,3,3,0,29,36,"1,246",212,45,2,909,0,42,36,,"1,329","1,329",422,182,3,16,0,366,214,42,37,185,113,0,0,0,0,0,0,0,,419,182,85,13,5,111,40,13,14,113,43,22,15,139,135,,447,419,28,14,0,0,1,0,13,,0,5.7,,419,187,232,False,212.0,45.0,909.0,42.0,83.0,15.951843491346878,3.3860045146726865,68.39729119638827,3.160270880361174,6.245297215951844,False
Census Tract 67; Hudson County; New Jersey!!Count,3670.0,272,256,348,303,276,243,268,274,251,187,180,188,180,151,118,72,57,46,,"2,733","2,602","2,432",538,444,"1,578",147,119,184,158,128,111,110,120,98,69,65,69,63,59,35,21,14,8,,"1,097","1,027",946,174,137,"2,092",125,137,164,145,148,132,158,154,153,118,115,119,117,92,83,51,43,38,,"1,636","1,575","1,486",364,307,,32.5,26.9,36.3,,"3,670","3,289",573,"1,743",26,113,3,831,381,,"4,092",829,"1,932",71,155,7,"1,098",,"3,670","1,461","2,209",,"3,670","1,461",199,148,19,7,3,811,274,"2,209",374,"1,595",7,106,0,20,107,,"3,670","3,657","1,426",276,11,79,6,"1,442",938,135,111,217,65,13,0,0,0,13,6,7,,"1,420",293,167,84,33,242,150,39,31,801,295,153,271,561,352,,"1,804","1,420",384,225,114,0,4,1,40,,0,13.7,,"1,420",113,"1,307",False,374.0,1595.0,106.0,20.0,1461.0,10.190735694822889,43.46049046321526,2.888283378746594,0.544959128065395,39.80926430517711,False
Census Tract 68; Hudson County; New Jersey!!Count,4143.0,284,335,355,309,354,324,358,288,265,239,270,233,215,130,87,49,28,20,,"3,102","2,955","2,784",447,314,"1,901",135,170,177,143,180,154,175,120,103,96,118,121,80,61,30,23,7,8,,"1,382","1,320","1,242",178,129,"2,242",149,165,178,166,174,170,183,168,162,143,152,112,135,69,57,26,21,12,,"1,720","1,635","1,542",269,185,,31.2,29.7,33.2,,"4,143","3,787",267,"2,695",8,137,1,679,356,,"4,518",475,"2,874",35,170,18,946,,"4,143","1,080","3,063",,"4,143","1,080",112,95,8,7,1,627,230,"3,063",155,"2,600",0,130,0,52,126,,"4,143","4,110","1,400",337,8,92,14,"1,625","1,008",167,128,323,144,33,0,0,0,33,27,6,,"1,391",353,160,98,57,264,147,29,40,676,163,49,269,602,275,,"1,538","1,391",147,58,16,12,8,1,52,,3.4,5.1,,"1,391",331,"1,060",True,155.0,2600.0,130.0,52.0,1080.0,3.741250301713734,62.7564566739078,3.1378228336953895,1.255129133478156,26.06806661839247,False
Census Tract 69; Hudson County; New Jersey!!Count,,7.0,7.0,7.0,11.0,4.0,4.0,10.0,4.0,10.0,4.0,10.0,5.0,7.0,1.0,5.0,1.0,0.0,2.0,,72.0,69.0,67.0,11.0,9.0,51.0,6.0,5.0,5.0,5.0,3.0,3.0,2.0,0.0,6.0,3.0,5.0,3.0,3.0,1.0,1.0,0.0,0.0,0.0,,33.0,31.0,30.0,2.0,2.0,48.0,1.0,2.0,2.0,6.0,1.0,1.0,8.0,4.0,4.0,1.0,5.0,2.0,4.0,0.0,4.0,1.0,0.0,2.0,,39.0,38.0,37.0,9.0,7.0,,34.9,28.5,39.0,,99.0,79.0,41.0,3.0,0.0,13.0,1.0,21.0,20.0,,124.0,48.0,15.0,4.0,15.0,2.0,40.0,,99.0,61.0,38.0,,99.0,61.0,21.0,0.0,0.0,0.0,1.0,21.0,18.0,38.0,20.0,3.0,0.0,13.0,0.0,0.0,2.0,,99.0,99.0,31.0,10.0,0.0,2.0,0.0,36.0,27.0,2.0,2.0,8.0,10.0,0.0,0.0,0.0,0.0,0.0,0.0,0.0,,32.0,13.0,9.0,1.0,1.0,7.0,5.0,0.0,0.0,11.0,3.0,1.0,7.0,20.0,5.0,,40.0,32.0,8.0,2.0,0.0,0.0,2.0,0.0,4.0,,0.0,7.7,,32.0,8.0,24.0,False,,,,,,,,,,,False
Census Tract 70.01; Hudson County; New Jersey!!Count,2141.0,119,86,78,92,99,267,297,200,184,112,111,105,86,72,75,72,57,29,,"1,838","1,806","1,756",344,305,"1,051",59,41,37,51,56,126,171,101,83,50,64,56,45,33,26,21,21,10,,901,883,855,128,111,"1,090",60,45,41,41,43,141,126,99,101,62,47,49,41,39,49,51,36,19,,937,923,901,216,194,,35.6,34.7,37.5,,"2,141","1,817",859,212,12,371,0,363,324,,"2,501","1,143",285,33,427,9,604,,"2,141",805,"1,336",,"2,141",805,158,41,11,5,0,355,235,"1,336",701,171,1,366,0,8,89,,"2,141","2,055",973,271,13,67,11,482,298,31,25,64,143,86,0,0,0,86,54,32,,965,277,104,77,12,242,166,39,13,369,212,84,51,204,225,,"1,037",965,72,45,4,4,1,10,8,,2,5.5,,965,200,765,False,701.0,171.0,366.0,8.0,805.0,32.74170948155068,7.986921999065857,17.094815506772537,0.37365716954694067,37.59925268566091,True
Census Tract 70.02; Hudson County; New Jersey!!Count,2373.0,166,63,48,21,83,396,574,354,211,118,76,70,63,37,41,34,4,14,,"2,093","2,085","2,063",163,130,"1,254",100,24,23,13,42,199,308,190,121,71,42,41,23,16,16,14,2,9,,"1,105","1,099","1,091",67,57,"1,119",66,39,25,8,41,197,266,164,90,47,34,29,40,21,25,20,2,5,,988,986,972,96,73,,33.4,33.6,33.2,,"2,373","2,141","1,099",73,2,843,5,119,232,,"2,619","1,288",124,27,906,11,263,,"2,373",315,"2,058",,"2,373",315,68,4,2,3,0,105,133,"2,058","1,031",69,0,840,5,14,99,,"2,373","2,370","1,175",433,17,133,18,334,273,12,5,73,175,3,0,0,0,3,0,3,,"1,176",444,167,150,8,318,212,18,9,264,175,19,11,203,100,,"1,322","1,176",146,62,6,12,9,36,21,,5.1,6,,"1,176",213,963,False,1031.0,69.0,840.0,14.0,315.0,43.447113358617784,2.9077117572692797,35.39823008849557,0.5899705014749262,13.274336283185843,True
Census Tract 71; Hudson County; New Jersey!!Count,3510.0,164,138,104,104,243,498,526,352,254,237,205,165,174,110,84,57,35,60,,"3,074","3,029","2,981",433,346,"1,923",82,69,50,72,124,262,302,202,149,155,130,89,95,65,40,18,12,7,,"1,702","1,675","1,640",186,142,"1,587",82,69,54,32,119,236,224,150,105,82,75,76,79,45,44,39,23,53,,"1,372","1,354","1,341",247,204,,34.8,35,34.5,,"3,510","3,156","1,277",420,6,"1,042",1,410,354,,"3,919","1,568",527,42,"1,112",17,653,,"3,510",772,"2,738",,"3,510",772,153,22,6,6,1,361,223,"2,738","1,124",398,0,"1,036",0,49,131,,"3,510","3,300","1,559",452,21,135,23,621,428,20,19,192,277,210,210,137,73,0,0,0,,"1,547",481,186,156,15,510,373,50,7,400,244,36,33,266,218,,"1,731","1,547",184,98,13,17,3,0,53,,5.5,7.2,,"1,547",288,"1,259",False,1124.0,398.0,1036.0,49.0,772.0,32.022792022792025,11.339031339031338,29.51566951566952,1.396011396011396,21.994301994301992,True
Census Tract 72; Hudson County; New Jersey!!Count,3269.0,317,143,70,61,118,473,543,463,251,183,135,102,100,80,55,50,46,79,,"2,728","2,704","2,662",379,310,"1,678",146,82,41,32,67,249,258,243,141,112,74,56,56,36,28,19,14,24,,"1,399","1,385","1,371",163,121,"1,591",171,61,29,29,51,224,285,220,110,71,61,46,44,44,27,31,32,55,,"1,329","1,319","1,291",216,189,,34.2,34.3,34.1,,"3,269","2,976","1,594",187,7,"1,057",0,131,293,,"3,577","1,866",233,20,"1,167",1,290,,"3,269",297,"2,972",,"3,269",297,50,3,3,7,0,100,134,"2,972","1,544",184,4,"1,050",0,31,159,,"3,269","3,118","1,387",612,25,121,15,640,535,11,10,68,239,151,118,45,73,33,10,23,,"1,389",636,337,136,10,332,222,27,9,285,197,45,20,382,143,,"1,501","1,389",112,58,1,1,6,7,39,,0.3,5.4,,"1,389",374,"1,015",False,1544.0,184.0,1050.0,31.0,297.0,47.23156928724381,5.62863260936066,32.11991434689507,0.9483022330988069,9.085347200978893,False
Census Tract 73; Hudson County; New Jersey!!Count,4946.0,351,167,26,21,169,"1,153","1,410",843,340,158,101,75,53,42,20,12,2,3,,"4,394","4,387","4,372",112,79,"2,512",178,87,10,7,72,546,690,472,193,91,56,43,24,21,16,3,1,2,,"2,235","2,232","2,228",60,43,"2,434",173,80,16,14,97,607,720,371,147,67,45,32,29,21,4,9,1,1,,"2,159","2,155","2,144",52,36,,31.9,32.4,31.4,,"4,946","4,633","2,478",138,1,"1,892",0,124,313,,"5,273","2,764",190,4,"1,979",9,327,,"4,946",351,"4,595",,"4,946",351,83,5,1,14,0,94,154,"4,595","2,395",133,0,"1,878",0,30,159,,"4,946","4,941","2,613",956,26,438,37,568,539,2,1,81,220,5,5,4,1,0,0,0,,"2,617",981,342,475,10,608,468,14,20,553,438,20,29,408,119,,"2,818","2,617",201,106,5,6,0,14,70,,1.4,4.6,,"2,617",419,"2,198",True,2395.0,133.0,1878.0,30.0,351.0,48.42296805499394,2.689041649818035,37.970076829761425,0.606550748079256,7.096643752527294,False
Census Tract 74; Hudson County; New Jersey!!Count,5833.0,553,276,132,65,157,721,"1,129",967,606,319,263,217,195,128,54,34,9,8,,"4,858","4,825","4,795",335,233,"3,022",290,132,61,36,70,375,550,509,330,185,145,120,106,65,24,17,5,2,,"2,530","2,508","2,499",161,113,"2,811",263,144,71,29,87,346,579,458,276,134,118,97,89,63,30,17,4,6,,"2,328","2,317","2,296",174,120,,34.5,35,34.1,,"5,833","5,378","2,960",162,12,"2,116",3,125,455,,"6,323","3,381",237,32,"2,257",11,405,,"5,833",400,"5,433",,"5,833",400,98,12,5,5,2,88,190,"5,433","2,862",150,7,"2,111",1,37,265,,"5,833","5,833","2,814","1,319",41,275,27,"1,059",979,3,2,131,164,0,0,0,0,0,0,0,,"2,823","1,355",597,305,18,653,518,18,37,510,388,27,37,708,192,,"3,335","2,823",512,286,56,135,0,15,20,,18,11.2,,"2,823",616,"2,207",True,2862.0,150.0,2111.0,37.0,400.0,49.065660894908284,2.571575518601063,36.19063946511229,0.6343219612549289,6.857534716269501,True
Census Tract 75; Hudson County; New Jersey!!Count,7364.0,603,308,157,76,266,"1,037","1,379","1,077",603,351,296,242,200,200,209,145,125,90,,"6,273","6,244","6,205",879,769,"3,647",304,165,86,42,113,498,662,550,359,182,156,127,95,92,82,56,49,29,,"3,078","3,059","3,042",361,308,"3,717",299,143,71,34,153,539,717,527,244,169,140,115,105,108,127,89,76,61,,"3,195","3,185","3,163",518,461,,34.5,34.6,34.3,,"7,364","6,789","3,338",451,14,"2,632",0,354,575,,"7,987","3,832",573,54,"2,793",15,720,,"7,364",748,"6,616",,"7,364",748,149,34,3,6,0,255,301,"6,616","3,189",417,11,"2,626",0,99,274,,"7,364","7,312","3,762","1,454",49,330,23,"1,234","1,062",27,23,136,297,52,0,0,0,52,3,49,,"3,760","1,488",637,356,12,873,686,104,19,"1,043",810,259,68,754,593,,"4,081","3,760",321,255,20,8,8,7,23,,1.2,7.5,,"3,760",631,"3,129",True,3189.0,417.0,2626.0,99.0,748.0,43.30526887561108,5.662683324280283,35.65996740901684,1.3443780554046714,10.157523085279738,True
Census Tract 76.01; Hudson County; New Jersey!!Count,10344.0,743,267,149,73,662,"2,484","2,697","1,485",744,391,246,178,107,44,37,17,8,12,,"9,172","9,153","9,078",178,118,"5,302",381,126,83,32,290,"1,160","1,375",824,443,224,144,99,60,26,13,7,5,10,,"4,705","4,698","4,664",86,61,"5,042",362,141,66,41,372,"1,324","1,322",661,301,167,102,79,47,18,24,10,3,2,,"4,467","4,455","4,414",92,57,,31.2,31.8,30.6,,"10,344","9,692","3,940",278,11,"5,202",2,259,652,,"11,036","4,548",385,53,"5,384",14,652,,"10,344",670,"9,674",,"10,344",670,133,24,8,13,0,180,312,"9,674","3,807",254,3,"5,189",2,79,340,,"10,344","10,344","5,359","1,901",85,717,68,"1,269","1,138",30,25,177,738,0,0,0,0,0,0,0,,"5,361","1,993",647,778,20,"1,378","1,002",20,74,"1,212",812,25,103,871,152,,"5,788","5,361",427,328,22,4,0,21,52,,0.6,6.5,,"5,361",701,"4,660",True,3807.0,254.0,5189.0,79.0,670.0,36.803944315545245,2.4555297757153904,50.164346481051815,0.7637277648878578,6.477184841453982,True
Census Tract 76.02; Hudson County; New Jersey!!Count,5234.0,419,206,84,47,275,"1,094","1,108",751,459,231,175,149,119,49,39,11,12,6,,"4,510","4,488","4,471",177,117,"2,775",227,105,30,20,143,535,588,410,258,143,92,83,72,27,22,8,7,5,,"2,406","2,393","2,390",99,69,"2,459",192,101,54,27,132,559,520,341,201,88,83,66,47,22,17,3,5,1,,"2,104","2,095","2,081",78,48,,32,32.6,31.2,,"5,234","4,983","1,644",95,7,"3,151",0,86,251,,"5,507","1,877",140,24,"3,230",9,227,,"5,234",217,"5,017",,"5,234",217,49,2,1,0,0,53,112,"5,017","1,595",93,6,"3,151",0,33,139,,"5,234","5,234","2,633","1,050",32,234,20,790,717,11,10,113,351,0,0,0,0,0,0,0,,"2,637","1,085",370,258,4,768,554,19,60,526,344,9,52,499,116,,"2,813","2,637",176,143,7,0,8,3,15,,0,6.5,,"2,637",587,"2,050",True,1595.0,93.0,3151.0,33.0,217.0,30.473824990447078,1.7768437141765379,60.20252197172334,0.6304929308368361,4.145968666411922,True
Census Tract 77.01; Hudson County; New Jersey!!Count,6081.0,399,191,76,55,483,"1,602","1,304",769,375,219,169,137,131,81,42,21,18,9,,"5,395","5,376","5,346",246,171,"3,023",209,94,42,24,186,746,691,403,229,130,83,65,57,34,15,7,5,3,,"2,667","2,660","2,649",96,64,"3,058",190,97,34,31,297,856,613,366,146,89,86,72,74,47,27,14,13,6,,"2,728","2,716","2,697",150,107,,30.7,31.2,30.1,,"6,081","5,899",954,151,9,"4,660",0,125,182,,"6,282","1,121",183,19,"4,729",1,229,,"6,081",232,"5,849",,"6,081",232,49,6,1,3,0,95,78,"5,849",905,145,8,"4,657",0,30,104,,"6,081","6,081","2,883","1,101",21,164,10,772,676,16,13,159,955,0,0,0,0,0,0,0,,"2,894","1,129",424,166,7,805,446,24,20,794,386,34,35,513,142,,"3,102","2,894",208,172,8,5,7,5,11,,2.2,6,,"2,894",218,"2,676",True,905.0,145.0,4657.0,30.0,232.0,14.882420654497617,2.384476237460944,76.58279888176287,0.493339911198816,3.8151619799375105,True
Census Tract 77.02; Hudson County; New Jersey!!Count,1289.0,52,11,8,10,145,506,292,134,38,16,21,23,22,3,3,4,0,1,,"1,215","1,214","1,202",22,11,672,22,8,7,2,70,251,148,80,26,12,12,14,16,1,1,1,0,1,,634,633,630,12,4,617,30,3,1,8,75,255,144,54,12,4,9,9,6,2,2,3,0,0,,581,581,572,10,7,,29,29.6,28.5,,"1,289","1,234",252,9,2,951,2,18,55,,"1,349",299,22,10,967,4,47,,"1,289",41,"1,248",,"1,289",41,9,0,2,0,0,7,23,"1,248",243,9,0,951,2,11,32,,"1,289","1,289",670,207,6,74,2,92,72,3,2,27,208,0,0,0,0,0,0,0,,676,212,54,76,1,214,129,3,2,174,86,4,4,65,24,,846,676,170,119,27,0,1,5,18,,0,14.5,,676,2,674,True,243.0,9.0,951.0,11.0,41.0,18.851823118696664,0.6982156710628394,73.77812257564003,0.8533747090768037,3.180760279286268,True
Census Tract 77.03; Hudson County; New Jersey!!Count,5018.0,427,181,91,46,383,"1,102",941,654,366,267,149,148,117,66,37,21,16,6,,"4,307","4,294","4,257",219,146,"2,545",215,82,50,19,176,562,483,325,206,148,77,74,56,35,14,10,10,3,,"2,192","2,186","2,177",105,72,"2,473",212,99,41,27,207,540,458,329,160,119,72,74,61,31,23,11,6,3,,"2,115","2,108","2,080",114,74,,31.3,31.6,31.1,,"5,018","4,721","1,356",172,6,"3,093",2,92,297,,"5,348","1,606",244,31,"3,170",8,289,,"5,018",286,"4,732",,"5,018",286,65,6,0,3,1,63,148,"4,732","1,291",166,6,"3,090",1,29,149,,"5,018","5,018","2,332",884,38,153,12,787,697,18,15,133,661,0,0,0,0,0,0,0,,"2,325",927,401,159,11,637,377,16,29,602,334,21,48,499,125,,"2,771","2,325",446,142,20,246,24,0,14,,28.5,7.5,,"2,325",592,"1,733",True,1291.0,166.0,3090.0,29.0,286.0,25.727381426863293,3.3080908728577123,61.57831805500199,0.5779194898365883,5.699481865284974,True
Census Tract 78; Hudson County; New Jersey!!Count,4343.0,306,126,106,97,382,"1,156",789,357,200,153,127,136,106,79,71,49,52,51,,"3,790","3,753","3,699",376,302,"2,217",148,76,47,43,166,660,413,191,112,77,62,75,46,31,20,17,13,20,,"1,940","1,923","1,900",132,101,"2,126",158,50,59,54,216,496,376,166,88,76,65,61,60,48,51,32,39,31,,"1,850","1,830","1,799",244,201,,30,29.8,30.3,,"4,343","4,042","2,061",521,11,"1,122",5,322,301,,"4,667","2,316",604,33,"1,157",13,544,,"4,343",708,"3,635",,"4,343",708,166,36,7,3,0,297,199,"3,635","1,895",485,4,"1,119",5,25,102,,"4,343","4,233","2,059",456,29,249,2,670,512,44,36,116,608,110,0,0,0,110,78,32,,"2,050",480,163,256,15,596,306,38,64,718,427,137,90,351,254,,"2,222","2,050",172,134,18,0,1,0,19,,0,6.1,,"2,050",18,"2,032",False,1895.0,485.0,1119.0,25.0,708.0,43.63343311075293,11.167395809348376,25.765599815795532,0.5756389592447617,16.30209532581165,False
Census Tract 101; Hudson County; New Jersey!!Count,6695.0,405,406,448,370,429,557,523,496,462,366,433,456,410,390,223,144,86,91,,"5,355","5,187","4,984","1,170",934,"3,243",210,193,219,189,218,285,243,246,230,177,209,225,196,191,88,55,35,34,,"2,579","2,489","2,392",515,403,"3,452",195,213,229,181,211,272,280,250,232,189,224,231,214,199,135,89,51,57,,"2,776","2,698","2,592",655,531,,37.2,36.3,37.8,,"6,695","5,906","2,887",904,48,"1,036",0,"1,031",789,,"7,533","3,549","1,104",97,"1,131",11,"1,641",,"6,695","1,998","4,697",,"6,695","1,998",314,86,27,14,0,961,596,"4,697","2,573",818,21,"1,022",0,70,193,,"6,695","6,689","2,610","1,014",18,144,16,"2,097","1,359",123,102,473,194,6,0,0,0,6,4,2,,"2,617","1,038",437,154,54,602,411,108,54,823,405,174,187,797,718,,"2,787","2,617",170,116,5,6,0,1,42,,0.7,6.2,,"2,617",856,"1,761",False,2573.0,818.0,1022.0,70.0,1998.0,38.43166542195669,12.218073188946974,15.265123226288274,1.0455563853622107,29.84316654219567,False
Census Tract 102; Hudson County; New Jersey!!Count,3477.0,227,226,242,222,259,213,268,278,212,239,205,221,189,177,132,72,42,53,,"2,741","2,645","2,502",587,476,"1,673",126,119,121,94,131,113,120,133,102,117,102,99,97,72,62,27,28,10,,"1,291","1,250","1,189",251,199,"1,804",101,107,121,128,128,100,148,145,110,122,103,122,92,105,70,45,14,43,,"1,450","1,395","1,313",336,277,,36.4,35.4,37.3,,"3,477","3,056","1,788",369,27,351,0,521,421,,"3,924","2,118",471,65,410,20,840,,"3,477",995,"2,482",,"3,477",995,161,35,23,2,0,469,305,"2,482","1,627",334,4,349,0,52,116,,"3,477","3,477","1,244",559,5,73,5,"1,225",760,69,57,233,64,0,0,0,0,0,0,0,,"1,242",561,258,70,27,240,153,43,22,371,166,79,87,437,360,,"1,334","1,242",92,34,16,10,1,1,30,,2,4.2,,"1,242",491,751,True,1627.0,334.0,349.0,52.0,995.0,46.793212539545586,9.605982168536094,10.03738855335059,1.4955421340235837,28.616623526028185,False
Census Tract 103; Hudson County; New Jersey!!Count,3131.0,167,187,228,198,211,248,216,218,220,177,215,213,194,156,128,78,44,33,,"2,506","2,437","2,313",551,439,"1,496",80,95,126,105,100,121,104,91,110,82,96,108,88,69,53,35,14,19,,"1,165","1,133","1,074",246,190,"1,635",87,92,102,93,111,127,112,127,110,95,119,105,106,87,75,43,30,14,,"1,341","1,304","1,239",305,249,,37.5,35.7,38.8,,"3,131","2,653","1,518",318,26,278,5,508,478,,"3,628","1,906",453,59,314,18,878,,"3,131","1,070","2,061",,"3,131","1,070",172,40,25,5,4,480,344,"2,061","1,346",278,1,273,1,28,134,,"3,131","3,126","1,186",465,6,77,0,"1,013",620,63,43,225,91,5,0,0,0,5,0,5,,"1,195",471,219,79,28,241,144,23,19,404,193,94,85,393,352,,"1,260","1,195",65,15,14,12,0,5,19,,2.9,1.8,,"1,195",407,788,True,1346.0,278.0,273.0,28.0,1070.0,42.98946023634622,8.87895241137017,8.71925902267646,0.8942829766847652,34.174385180453534,False
Census Tract 104; Hudson County; New Jersey!!Count,5008.0,350,279,256,258,257,513,600,414,335,289,274,301,247,225,156,120,61,73,,"4,076","3,979","3,816",771,635,"2,406",172,137,118,117,104,257,310,219,156,151,126,148,129,107,55,49,19,32,,"1,955","1,908","1,836",329,262,"2,602",178,142,138,141,153,256,290,195,179,138,148,153,118,118,101,71,42,41,,"2,121","2,071","1,980",442,373,,34.9,34.8,35.1,,"5,008","4,460","2,181",530,33,"1,074",8,634,548,,"5,603","2,661",683,94,"1,113",8,"1,044",,"5,008","1,303","3,705",,"5,008","1,303",227,36,22,4,2,598,414,"3,705","1,954",494,11,"1,070",6,36,134,,"5,008","4,999","1,963",863,4,129,10,"1,432",919,84,67,337,177,9,0,0,0,9,6,3,,"1,982",866,398,142,42,406,260,60,35,568,279,122,97,624,505,,"2,114","1,982",132,57,9,12,0,2,52,,1.9,4,,"1,982",627,"1,355",True,1954.0,494.0,1070.0,36.0,1303.0,39.01757188498402,9.864217252396166,21.365814696485625,0.7188498402555911,26.01837060702875,False
Census Tract 105; Hudson County; New Jersey!!Count,5712.0,300,285,335,314,318,422,422,419,377,385,396,444,384,324,228,165,101,93,,"4,723","4,614","4,428","1,132",911,"2,744",146,139,171,149,163,218,204,205,186,169,183,226,192,150,85,78,42,38,,"2,253","2,202","2,113",499,393,"2,968",154,146,164,165,155,204,218,214,191,216,213,218,192,174,143,87,59,55,,"2,470","2,412","2,315",633,518,,40.4,39.5,41.3,,"5,712","5,095","3,213",501,38,619,6,718,617,,"6,378","3,767",623,111,672,10,"1,195",,"5,712","1,451","4,261",,"5,712","1,451",214,45,30,9,0,663,490,"4,261","2,999",456,8,610,6,55,127,,"5,712","5,658","2,302",963,12,125,7,"1,696","1,016",61,47,367,125,54,0,0,0,54,53,1,,"2,304",968,376,139,59,467,336,92,36,730,417,181,125,655,666,,"2,434","2,304",130,72,1,13,0,6,38,,1.3,5.3,,"2,304","1,016","1,288",False,2999.0,456.0,610.0,55.0,1451.0,52.503501400560225,7.9831932773109235,10.679271708683473,0.9628851540616247,25.402661064425768,False
Census Tract 106.01; Hudson County; New Jersey!!Count,2916.0,127,116,123,152,121,149,177,171,163,157,217,215,232,207,222,140,123,104,,"2,519","2,457","2,364",925,796,"1,333",70,69,67,85,69,82,79,78,78,64,101,100,98,99,84,47,40,23,,"1,108","1,074","1,020",341,293,"1,583",57,47,56,67,52,67,98,93,85,93,116,115,134,108,138,93,83,81,,"1,411","1,383","1,344",584,503,,50.1,44.5,52.8,,"2,916","2,554","1,604",261,14,269,1,405,362,,"3,311","1,923",329,48,299,7,705,,"2,916",847,"2,069",,"2,916",847,131,29,8,2,0,386,291,"2,069","1,473",232,6,267,1,19,71,,"2,916","2,916","1,455",411,2,55,4,704,409,42,28,183,60,0,0,0,0,0,0,0,,"1,453",412,154,60,13,333,291,137,4,648,458,308,55,254,657,,"1,529","1,453",76,50,0,13,2,0,11,,2.9,4.7,,"1,453",433,"1,020",False,1473.0,232.0,267.0,19.0,847.0,50.514403292181065,7.956104252400549,9.156378600823045,0.6515775034293553,29.046639231824418,False
Census Tract 106.02; Hudson County; New Jersey!!Count,4372.0,268,329,264,271,246,307,407,333,295,279,283,260,249,191,144,98,71,77,,"3,462","3,360","3,199",743,581,"2,103",142,165,148,130,127,155,181,175,135,130,144,115,122,87,61,38,25,23,,"1,624","1,577","1,498",308,234,"2,269",126,164,116,141,119,152,226,158,160,149,139,145,127,104,83,60,46,54,,"1,838","1,783","1,701",435,347,,36.3,35.1,37.4,,"4,372","3,791","2,307",371,24,383,0,706,581,,"5,003","2,798",520,75,443,17,"1,150",,"4,372","1,440","2,932",,"4,372","1,440",234,53,22,12,0,668,451,"2,932","2,073",318,2,371,0,38,130,,"4,372","4,364","1,606",631,8,128,10,"1,461",907,105,78,313,102,8,0,0,0,8,4,4,,"1,601",642,306,136,60,311,202,38,21,512,247,126,117,560,434,,"1,713","1,601",112,45,6,3,2,6,50,,0.5,4.2,,"1,601",572,"1,029",False,2073.0,318.0,371.0,38.0,1440.0,47.415370539798715,7.2735590118938696,8.485818847209515,0.869167429094236,32.93687099725526,False
Census Tract 107.01; Hudson County; New Jersey!!Count,2603.0,165,151,159,136,168,228,212,202,196,134,177,186,169,122,73,53,31,41,,"2,107","2,059","1,938",425,320,"1,253",85,73,76,79,87,110,101,98,92,71,81,73,86,57,35,26,9,14,,"1,006",978,907,193,141,"1,350",80,78,83,57,81,118,111,104,104,63,96,113,83,65,38,27,22,27,,"1,101","1,081","1,031",232,179,,36.7,36,37.6,,"2,603","2,245","1,320",235,11,229,1,449,358,,"3,005","1,633",342,53,251,5,721,,"2,603",911,"1,692",,"2,603",911,156,44,10,2,1,435,263,"1,692","1,164",191,1,227,0,14,95,,"2,603","2,603","1,004",391,8,55,4,865,501,45,29,150,81,0,0,0,0,0,0,0,,"1,001",395,182,59,23,205,121,27,18,342,144,57,71,330,257,,"1,062","1,001",61,27,1,5,6,0,22,,1.4,4,,"1,001",351,650,True,1164.0,191.0,227.0,14.0,911.0,44.71763349980791,7.337687283903188,8.720706876680753,0.5378409527468306,34.998079139454475,False
Census Tract 107.02; Hudson County; New Jersey!!Count,1451.0,84,103,110,114,97,90,116,95,120,79,83,80,79,67,40,36,28,30,,"1,130","1,082","1,006",254,201,693,48,63,56,55,49,56,51,38,59,31,40,32,41,24,15,17,13,5,,517,493,457,100,74,758,36,40,54,59,48,34,65,57,61,48,43,48,38,43,25,19,15,25,,613,589,549,154,127,,35.8,31.5,39.1,,"1,451","1,278",737,156,15,107,3,260,173,,"1,632",876,217,30,127,6,376,,"1,451",492,959,,"1,451",492,82,17,11,2,2,245,133,959,655,139,4,105,1,15,40,,"1,451","1,429",528,205,2,30,4,530,339,26,20,76,28,22,22,9,13,0,0,0,,526,208,99,35,16,89,49,15,17,194,91,46,65,202,141,,566,526,40,16,6,2,3,0,13,,1.5,3.8,,526,132,394,True,655.0,139.0,105.0,15.0,492.0,45.14128187456926,9.57960027567195,7.236388697450034,1.0337698139214335,33.90764989662302,False
Census Tract 108; Hudson County; New Jersey!!Count,3688.0,232,254,242,216,252,252,335,260,283,227,235,244,186,162,142,81,52,33,,"2,926","2,822","2,686",572,470,"1,831",116,130,145,109,136,121,173,130,144,110,109,124,80,72,62,34,18,18,,"1,422","1,367","1,293",255,204,"1,857",116,124,97,107,116,131,162,130,139,117,126,120,106,90,80,47,34,15,,"1,504","1,455","1,393",317,266,,36,34.6,37.6,,"3,688","3,170","1,716",299,14,401,0,740,518,,"4,237","2,142",474,46,435,8,"1,132",,"3,688","1,373","2,315",,"3,688","1,373",224,25,13,3,0,708,400,"2,315","1,492",274,1,398,0,32,118,,"3,688","3,681","1,363",562,11,90,5,"1,219",779,56,40,249,126,7,0,0,0,7,2,5,,"1,367",582,250,98,42,292,174,45,39,395,172,67,103,495,349,,"1,462","1,367",95,35,7,3,2,2,46,,0.6,4,,"1,367",536,831,False,1492.0,274.0,398.0,32.0,1373.0,40.455531453362255,7.429501084598698,10.79175704989154,0.8676789587852495,37.22885032537961,False
Census Tract 109; Hudson County; New Jersey!!Count,2700.0,137,144,140,111,183,216,263,220,164,158,168,193,150,184,109,72,38,50,,"2,251","2,209","2,140",542,453,"1,392",68,81,89,63,94,112,119,112,81,91,95,110,75,97,59,28,8,10,,"1,136","1,117","1,075",246,202,"1,308",69,63,51,48,89,104,144,108,83,67,73,83,75,87,50,44,30,40,,"1,115","1,092","1,065",296,251,,38,37.9,38.2,,"2,700","2,397","1,311",381,9,269,0,427,303,,"3,023","1,564",472,43,283,5,656,,"2,700",777,"1,923",,"2,700",777,125,39,8,1,0,395,209,"1,923","1,186",342,1,268,0,32,94,,"2,700","2,688","1,274",357,10,64,11,688,452,25,18,165,94,12,0,0,0,12,12,0,,"1,265",369,152,75,20,420,315,88,21,401,241,112,70,299,343,,"1,396","1,265",131,69,8,7,3,3,41,,4.2,5.8,,"1,265",158,"1,107",True,1186.0,342.0,268.0,32.0,777.0,43.925925925925924,12.666666666666668,9.925925925925926,1.1851851851851851,28.77777777777778,False
Census Tract 110; Hudson County; New Jersey!!Count,2543.0,188,175,189,172,152,192,235,195,193,165,149,132,131,111,71,43,23,27,,"1,951","1,882","1,794",363,275,"1,268",117,91,112,84,66,88,114,96,96,81,73,66,55,51,45,14,11,8,,922,888,848,165,129,"1,275",71,84,77,88,86,104,121,99,97,84,76,66,76,60,26,29,12,19,,"1,029",994,946,198,146,,34.3,33.4,35.3,,"2,543","2,274",946,468,23,340,0,497,269,,"2,824","1,159",546,51,366,2,700,,"2,543",848,"1,695",,"2,543",848,92,59,23,3,0,469,202,"1,695",854,409,0,337,0,28,67,,"2,543","2,543",921,381,5,60,1,861,581,52,48,201,61,0,0,0,0,0,0,0,,927,386,199,66,30,184,119,25,21,291,124,42,73,353,205,,"1,050",927,123,99,0,5,1,2,16,,2.4,12,,927,199,728,True,854.0,409.0,337.0,28.0,848.0,33.58238301219033,16.08336610302792,13.252064490758947,1.1010617381046008,33.34644121116791,False
Census Tract 111; Hudson County; New Jersey!!Count,4715.0,347,346,371,264,310,387,406,402,325,296,260,276,258,179,99,93,41,55,,"3,597","3,505","3,319",609,467,"2,316",179,190,187,131,161,188,186,190,167,144,128,123,137,84,41,43,17,20,,"1,733","1,695","1,597",283,205,"2,399",168,156,184,133,149,199,220,212,158,152,132,153,121,95,58,50,24,35,,"1,864","1,810","1,722",326,262,,34.1,33.3,34.8,,"4,715","4,115","2,035",706,27,282,1,"1,064",600,,"5,372","2,545",843,96,328,22,"1,538",,"4,715","1,887","2,828",,"4,715","1,887",283,84,25,5,1,"1,020",469,"2,828","1,752",622,2,277,0,44,131,,"4,715","4,715","1,706",669,3,120,6,"1,660","1,113",66,61,370,115,0,0,0,0,0,0,0,,"1,709",666,333,129,65,377,221,63,40,537,206,63,155,646,386,,"1,834","1,709",125,72,2,7,7,0,37,,2,5,,"1,709",332,"1,377",False,1752.0,622.0,277.0,44.0,1887.0,37.158006362672324,13.191940615058325,5.874867444326617,0.9331919406150583,40.021208907741254,False
Census Tract 112; Hudson County; New Jersey!!Count,7398.0,454,417,460,520,480,513,563,533,474,494,501,468,505,336,312,168,99,101,,"5,961","5,739","5,450","1,289","1,016","3,597",224,230,237,268,237,265,260,259,231,220,257,221,228,167,139,78,39,37,,"2,843","2,738","2,589",587,460,"3,801",230,187,223,252,243,248,303,274,243,274,244,247,277,169,173,90,60,64,,"3,118","3,001","2,861",702,556,,37.5,36.1,38.9,,"7,398","6,572","4,446",606,24,590,3,903,826,,"8,270","5,143",825,70,652,10,"1,570",,"7,398","1,940","5,458",,"7,398","1,940",339,74,16,11,3,840,657,"5,458","4,107",532,8,579,0,63,169,,"7,398","7,398","2,706","1,229",15,141,12,"2,432","1,492",124,98,512,227,0,0,0,0,0,0,0,,"2,708","1,244",557,155,68,502,274,88,61,807,364,162,164,934,779,,"2,863","2,708",155,35,7,20,3,3,87,,1.5,2.4,,"2,708","1,306","1,402",True,4107.0,532.0,579.0,63.0,1940.0,55.515004055150044,7.191132738577995,7.826439578264396,0.851581508515815,26.22330359556637,False
Census Tract 113; Hudson County; New Jersey!!Count,3238.0,195,248,202,209,193,217,318,286,227,182,183,186,191,147,120,56,34,44,,"2,551","2,465","2,359",514,401,"1,560",92,134,102,119,95,81,168,132,106,98,85,86,92,74,45,27,11,13,,"1,209","1,168","1,106",216,170,"1,678",103,114,100,90,98,136,150,154,121,84,98,100,99,73,75,29,23,31,,"1,342","1,297","1,253",298,231,,35.8,34.7,36.5,,"3,238","2,782","1,595",395,34,241,0,517,456,,"3,725","1,971",512,64,280,7,891,,"3,238","1,201","2,037",,"3,238","1,201",242,59,31,9,0,478,382,"2,037","1,353",336,3,232,0,39,74,,"3,238","3,236","1,283",449,3,93,5,"1,065",720,32,24,212,94,2,0,0,0,2,1,1,,"1,283",456,228,90,28,278,178,56,21,459,222,102,120,425,343,,"1,364","1,283",81,24,9,7,6,1,34,,1.6,2.7,,"1,283",415,868,True,1353.0,336.0,232.0,39.0,1201.0,41.785052501544165,10.376775787523162,7.164916615194565,1.2044471896232243,37.09079678814083,False
Census Tract 114; Hudson County; New Jersey!!Count,3863.0,201,235,234,229,215,292,325,301,236,255,236,263,269,196,153,86,58,79,,"3,142","3,068","2,927",726,572,"1,828",87,106,122,119,104,139,162,141,106,119,111,122,139,95,61,34,28,33,,"1,486","1,454","1,372",325,251,"2,035",114,129,112,110,111,153,163,160,130,136,125,141,130,101,92,52,30,46,,"1,656","1,614","1,555",401,321,,38.1,37.3,39.1,,"3,863","3,407","2,200",428,7,248,0,524,456,,"4,344","2,588",539,31,288,9,889,,"3,863","1,164","2,699",,"3,863","1,164",220,53,6,11,0,509,365,"2,699","1,980",375,1,237,0,15,91,,"3,863","3,813","1,442",622,10,101,3,"1,184",722,55,42,275,121,50,45,19,26,5,4,1,,"1,428",624,273,111,48,266,149,40,28,427,210,93,80,478,408,,"1,531","1,428",103,51,0,4,8,3,37,,0.6,5.9,,"1,428",609,819,True,1980.0,375.0,237.0,15.0,1164.0,51.25550090603158,9.707481232202952,6.135128138752266,0.38829924928811804,30.13202174475796,False
Census Tract 115; Hudson County; New Jersey!!Count,3429.0,171,209,188,194,236,243,226,231,184,251,253,278,273,179,130,76,52,55,,"2,821","2,744","2,606",661,492,"1,633",91,94,87,104,114,124,109,107,80,126,111,140,134,86,57,32,22,15,,"1,341","1,305","1,226",291,212,"1,796",80,115,101,90,122,119,117,124,104,125,142,138,139,93,73,44,30,40,,"1,480","1,439","1,380",370,280,,40.3,39.2,40.9,,"3,429","2,998","2,087",249,17,191,0,454,431,,"3,899","2,475",340,49,221,11,803,,"3,429",988,"2,441",,"3,429",988,176,32,13,5,0,431,331,"2,441","1,911",217,4,186,0,23,100,,"3,429","3,429","1,332",569,8,75,6,"1,059",589,80,71,231,69,0,0,0,0,0,0,0,,"1,331",583,216,84,33,269,171,43,20,395,219,118,68,382,412,,"1,403","1,331",72,18,0,2,7,1,44,,0.3,2.7,,"1,331",672,659,True,1911.0,217.0,186.0,23.0,988.0,55.730533683289586,6.328375619714202,5.42432195975503,0.6707494896471274,28.813065033537477,False
Census Tract 116; Hudson County; New Jersey!!Count,4747.0,267,304,376,313,295,297,315,335,316,322,317,349,321,254,161,74,62,69,,"3,730","3,593","3,423",824,620,"2,277",139,181,212,156,156,149,146,146,134,140,132,164,159,111,77,30,24,21,,"1,715","1,640","1,549",359,263,"2,470",128,123,164,157,139,148,169,189,182,182,185,185,162,143,84,44,38,48,,"2,015","1,953","1,874",465,357,,38.1,35,40.5,,"4,747","4,224","2,421",834,11,214,2,742,523,,"5,310","2,849",994,60,253,6,"1,148",,"4,747","1,416","3,331",,"4,747","1,416",223,85,9,11,0,707,381,"3,331","2,198",749,2,203,2,35,142,,"4,747","4,743","1,918",636,10,116,5,"1,593","1,014",112,92,269,84,4,0,0,0,4,3,1,,"1,928",642,268,122,46,415,297,66,27,749,312,151,207,620,533,,"2,025","1,928",97,34,13,6,0,4,40,,1,2.4,,"1,928",586,"1,342",False,2198.0,749.0,203.0,35.0,1416.0,46.30292816515694,15.778386349273225,4.276385085317043,0.7373077733305246,29.829365915314938,False
Census Tract 123; Hudson County; New Jersey!!Count,2250.0,89,123,115,125,150,141,171,155,153,160,144,160,176,118,90,64,57,59,,"1,887","1,843","1,772",490,388,"1,080",44,53,66,67,64,71,85,74,76,71,70,65,85,62,39,26,32,30,,897,880,839,240,189,"1,170",45,70,49,58,86,70,86,81,77,89,74,95,91,56,51,38,25,29,,990,963,933,250,199,,41.5,41,42.1,,"2,250","1,716","1,023",59,19,126,0,489,534,,"2,799","1,507",110,44,147,8,983,,"2,250","1,042","1,208",,"2,250","1,042",163,11,16,7,0,434,411,"1,208",860,48,3,119,0,55,123,,"2,250","2,250",917,395,2,56,4,630,367,30,23,169,47,0,0,0,0,0,0,0,,924,396,140,62,18,191,136,39,13,275,145,60,47,257,292,,956,924,32,15,4,0,0,0,13,,0,2.4,,924,330,594,False,860.0,48.0,119.0,55.0,1042.0,38.22222222222222,2.1333333333333333,5.288888888888889,2.4444444444444446,46.31111111111111,False
Census Tract 124; Hudson County; New Jersey!!Count,3230.0,153,146,212,176,192,182,187,213,208,236,225,261,233,214,169,105,51,67,,"2,677","2,601","2,497",743,606,"1,573",70,77,113,100,106,88,94,108,104,110,107,127,103,105,68,45,20,28,,"1,282","1,242","1,190",322,266,"1,657",83,69,99,76,86,94,93,105,104,126,118,134,130,109,101,60,31,39,,"1,395","1,359","1,307",421,340,,43.8,42.3,45.6,,"3,230","2,743","2,064",56,19,178,0,426,487,,"3,735","2,517",93,47,211,4,863,,"3,230","1,000","2,230",,"3,230","1,000",191,21,19,7,0,383,379,"2,230","1,873",35,0,171,0,43,108,,"3,230","3,206","1,136",668,8,59,3,"1,025",579,42,31,207,58,24,0,0,0,24,6,18,,"1,140",674,258,57,18,153,91,37,17,256,115,63,46,371,404,,"1,185","1,140",45,13,0,1,2,3,26,,0.1,3.8,,"1,140",811,329,False,1873.0,35.0,171.0,43.0,1000.0,57.987616099071204,1.08359133126935,5.294117647058823,1.3312693498452013,30.959752321981426,False
Census Tract 125; Hudson County; New Jersey!!Count,3900.0,158,185,238,270,273,258,223,278,260,265,295,270,294,234,161,96,74,68,,"3,269","3,166","2,978",787,633,"1,882",76,85,135,140,149,126,112,134,121,123,153,125,142,99,72,36,33,21,,"1,557","1,510","1,402",336,261,"2,018",82,100,103,130,124,132,111,144,139,142,142,145,152,135,89,60,41,47,,"1,712","1,656","1,576",451,372,,41.5,38.9,42.9,,"3,900","3,134","2,141",75,22,179,10,707,766,,"4,701","2,840",150,62,231,19,"1,399",,"3,900","1,470","2,430",,"3,900","1,470",241,23,16,0,1,643,546,"2,430","1,900",52,6,179,9,64,220,,"3,900","3,842","1,396",702,3,65,0,"1,172",618,91,72,307,106,58,0,0,0,58,42,16,,"1,385",714,273,67,20,215,107,36,16,389,142,71,82,456,457,,"1,438","1,385",53,7,3,6,0,3,34,,0.7,1.3,,"1,385",835,550,False,1900.0,52.0,179.0,64.0,1470.0,48.717948717948715,1.3333333333333335,4.589743589743589,1.641025641025641,37.69230769230769,False
Census Tract 126; Hudson County; New Jersey!!Count,3846.0,213,245,237,224,248,282,302,320,250,248,270,298,256,164,103,78,48,60,,"3,113","3,025","2,883",579,453,"1,895",118,130,117,108,134,137,137,171,124,121,132,143,119,75,51,25,20,33,,"1,513","1,467","1,394",259,204,"1,951",95,115,120,116,114,145,165,149,126,127,138,155,137,89,52,53,28,27,,"1,600","1,558","1,489",320,249,,37.7,36.7,39,,"3,846","3,009","1,797",84,27,166,2,933,837,,"4,736","2,557",186,95,206,17,"1,675",,"3,846","1,729","2,117",,"3,846","1,729",231,26,27,13,0,806,626,"2,117","1,566",58,0,153,2,127,211,,"3,846","3,841","1,356",650,4,71,3,"1,233",730,76,48,321,127,5,0,0,0,5,5,0,,"1,358",651,292,73,31,247,123,32,32,387,158,65,85,504,326,,"1,413","1,358",55,20,4,5,3,2,21,,0.9,2.4,,"1,358",537,821,False,1566.0,58.0,153.0,127.0,1729.0,40.71762870514821,1.5080603224128966,3.978159126365054,3.3021320852834117,44.95579823192928,False
Census Tract 127; Hudson County; New Jersey!!Count,6009.0,238,254,260,356,416,548,528,543,475,408,378,382,354,262,238,149,118,102,,"5,205","5,070","4,836","1,076",869,"3,329",115,124,134,190,276,352,330,339,284,255,211,178,170,122,98,67,46,38,,"2,928","2,869","2,720",475,371,"2,680",123,130,126,166,140,196,198,204,191,153,167,204,184,140,140,82,72,64,,"2,277","2,201","2,116",601,498,,38.8,37.1,41.6,,"6,009","5,023","2,607",509,28,237,8,"1,634",986,,"7,026","3,533",586,76,277,15,"2,539",,"6,009","2,533","3,476",,"6,009","2,533",308,17,21,7,0,"1,467",713,"3,476","2,299",492,7,230,8,167,273,,"6,009","4,978","1,955",843,6,121,7,"1,476",847,69,45,340,161,"1,031","1,031",958,73,0,0,0,,"1,940",850,332,125,48,361,211,83,33,604,317,180,97,580,664,,"2,035","1,940",95,30,10,12,4,0,39,,1.3,2.8,,"1,940",895,"1,045",False,2299.0,492.0,230.0,167.0,2533.0,38.259277750041605,8.187718422366451,3.8275919454152105,2.779164586453653,42.15343651189882,False
Census Tract 128; Hudson County; New Jersey!!Count,4829.0,277,278,285,309,323,385,453,369,377,300,324,316,264,197,141,101,75,55,,"3,923","3,797","3,614",733,569,"2,375",138,137,147,151,188,171,232,182,193,150,149,155,137,96,49,46,35,19,,"1,916","1,862","1,764",331,245,"2,454",139,141,138,158,135,214,221,187,184,150,175,161,127,101,92,55,40,36,,"2,007","1,935","1,850",402,324,,36.5,35.6,37.3,,"4,829","3,862","1,778",156,39,336,2,"1,551",967,,"5,834","2,688",229,76,357,13,"2,471",,"4,829","2,397","2,432",,"4,829","2,397",281,33,30,7,0,"1,373",673,"2,432","1,497",123,9,329,2,178,294,,"4,829","4,822","1,719",817,5,133,10,"1,469",934,78,51,353,238,7,0,0,0,7,4,3,,"1,731",817,337,140,61,329,169,39,35,445,164,73,128,629,436,,"1,812","1,731",81,33,2,11,0,5,30,,1.7,2.9,,"1,731",621,"1,110",False,1497.0,123.0,329.0,178.0,2397.0,31.000207082211638,2.5471112031476495,6.813004762890867,3.686063367156761,49.63760612963347,False
Census Tract 129; Hudson County; New Jersey!!Count,4062.0,217,259,236,290,291,342,280,277,306,263,280,266,239,164,109,100,62,81,,"3,291","3,166","3,017",646,516,"2,051",129,136,132,159,152,191,151,128,140,131,121,142,121,78,49,51,20,20,,"1,624","1,553","1,469",285,218,"2,011",88,123,104,131,139,151,129,149,166,132,159,124,118,86,60,49,42,61,,"1,667","1,613","1,548",361,298,,36.8,34.1,39.6,,"4,062","3,277","1,446",116,48,148,0,"1,519",785,,"4,887","2,155",213,87,171,6,"2,255",,"4,062","2,371","1,691",,"4,062","2,371",325,25,48,11,0,"1,384",578,"1,691","1,121",91,0,137,0,135,207,,"4,062","3,955","1,307",629,5,97,6,"1,324",793,84,65,324,179,107,107,37,70,0,0,0,,"1,308",625,284,106,50,243,123,28,30,334,101,59,99,532,332,,"1,363","1,308",55,28,0,0,3,0,24,,0,3.4,,"1,308",523,785,False,1121.0,91.0,137.0,135.0,2371.0,27.5972427375677,2.24027572624323,3.3727227966518956,3.323485967503693,58.37026095519449,False
Census Tract 130; Hudson County; New Jersey!!Count,3665.0,200,254,262,273,286,251,251,265,259,240,265,225,198,152,152,71,41,20,,"2,890","2,792","2,627",564,436,"1,821",102,122,130,143,154,125,127,142,129,107,128,113,97,80,77,27,14,4,,"1,437","1,387","1,293",264,202,"1,844",98,132,132,130,132,126,124,123,130,133,137,112,101,72,75,44,27,16,,"1,453","1,405","1,334",300,234,,36,35.2,36.7,,"3,665","2,894","1,025",79,36,151,2,"1,601",771,,"4,457","1,707",170,79,168,13,"2,320",,"3,665","2,377","1,288",,"3,665","2,377",260,20,36,8,0,"1,441",612,"1,288",765,59,0,143,2,160,159,,"3,665","3,657","1,207",526,3,77,0,"1,236",767,79,61,339,190,8,0,0,0,8,4,4,,"1,185",535,252,83,46,252,117,31,31,315,94,40,91,489,322,,"1,232","1,185",47,18,0,1,2,1,25,,0.3,2,,"1,185",307,878,False,765.0,59.0,143.0,160.0,2377.0,20.8731241473397,1.6098226466575716,3.901773533424284,4.365620736698499,64.85675306957708,False
Census Tract 131; Hudson County; New Jersey!!Count,2178.0,125,146,144,154,147,149,151,150,155,144,160,143,139,103,70,36,27,35,,"1,742","1,673","1,572",360,271,"1,057",65,85,69,60,80,79,74,68,76,66,83,74,66,40,34,14,13,11,,829,806,759,154,112,"1,121",60,61,75,94,67,70,77,82,79,78,77,69,73,63,36,22,14,24,,913,867,813,206,159,,37.2,35.8,38.5,,"2,178","1,749",911,38,27,61,3,709,429,,"2,636","1,297",77,57,89,8,"1,108",,"2,178","1,150","1,028",,"2,178","1,150",157,10,23,5,3,637,315,"1,028",754,28,4,56,0,72,114,,"2,178","2,178",749,344,3,41,3,737,443,54,46,191,56,0,0,0,0,0,0,0,,742,358,169,43,24,132,54,9,19,209,70,33,51,304,209,,770,742,28,6,2,1,0,3,16,,0.3,1.3,,742,303,439,False,754.0,28.0,56.0,72.0,1150.0,34.61891643709826,1.285583103764922,2.571166207529844,3.3057851239669422,52.80073461891644,False
Census Tract 132; Hudson County; New Jersey!!Count,4265.0,234,237,295,264,264,342,368,336,321,296,266,271,252,202,137,90,55,35,,"3,436","3,336","3,185",666,519,"2,135",138,119,153,143,131,206,189,174,140,147,121,116,118,91,79,36,23,11,,"1,692","1,638","1,556",306,240,"2,130",96,118,142,121,133,136,179,162,181,149,145,155,134,111,58,54,32,24,,"1,744","1,698","1,629",360,279,,36.7,34.8,39,,"4,265","3,436","1,451",160,53,185,0,"1,587",829,,"5,130","2,202",227,144,208,3,"2,346",,"4,265","2,537","1,728",,"4,265","2,537",351,35,53,2,0,"1,419",677,"1,728","1,100",125,0,183,0,168,152,,"4,265","4,249","1,510",628,4,76,5,"1,285",764,93,69,429,219,16,16,9,7,0,0,0,,"1,514",626,255,77,37,357,169,41,54,454,147,57,115,519,397,,"1,574","1,514",60,31,6,6,1,4,12,,1.4,2.7,,"1,514",419,"1,095",False,1100.0,125.0,183.0,168.0,2537.0,25.791324736225086,2.9308323563892147,4.2907385697538105,3.939038686987104,59.48417350527549,False
Census Tract 133; Hudson County; New Jersey!!Count,3765.0,214,182,222,195,244,375,371,270,232,244,236,276,251,134,121,73,44,81,,"3,113","3,030","2,884",602,453,"1,874",103,95,122,108,132,188,194,132,110,119,114,136,116,74,54,29,23,25,,"1,542","1,492","1,403",266,205,"1,891",111,87,100,87,112,187,177,138,122,125,122,140,135,60,67,44,21,56,,"1,571","1,538","1,481",336,248,,36.2,34.9,37.6,,"3,765","3,040","1,379",156,38,340,0,"1,127",725,,"4,520","2,031",215,68,373,8,"1,825",,"3,765","1,859","1,906",,"3,765","1,859",225,21,30,6,0,"1,011",566,"1,906","1,154",135,8,334,0,116,159,,"3,765","3,725","1,405",612,14,110,7,"1,029",632,84,74,291,173,40,40,18,22,0,0,0,,"1,412",622,217,120,37,298,168,37,30,372,143,43,97,438,315,,"1,614","1,412",202,31,4,0,0,0,167,,0,2.9,,"1,412",380,"1,032",False,1154.0,135.0,334.0,116.0,1859.0,30.650730411686588,3.5856573705179287,8.871181938911024,3.0810092961487383,49.375830013280215,False
Census Tract 134; Hudson County; New Jersey!!Count,2594.0,175,125,150,174,194,243,230,190,146,190,185,174,157,89,62,39,41,30,,"2,117","2,057","1,941",339,261,"1,299",79,68,85,92,104,131,115,95,73,98,82,85,75,43,27,18,13,16,,"1,051","1,024",960,147,117,"1,295",96,57,65,82,90,112,115,95,73,92,103,89,82,46,35,21,28,14,,"1,066","1,033",981,192,144,,35.2,33.6,37.2,,"2,594","2,122",711,72,36,258,3,"1,042",472,,"3,090","1,136",91,96,277,7,"1,483",,"2,594","1,619",975,,"2,594","1,619",200,18,34,1,3,960,403,975,511,54,2,257,0,82,69,,"2,594","2,594",889,347,9,65,7,767,449,46,35,221,243,0,0,0,0,0,0,0,,889,358,153,64,28,201,63,4,30,266,77,28,78,371,218,,920,889,31,21,1,3,0,0,6,,1.4,3,,889,206,683,False,511.0,54.0,257.0,82.0,1619.0,19.69930609097918,2.081727062451812,9.907478797224364,3.1611410948342327,62.41326137239784,False
Census Tract 135; Hudson County; New Jersey!!Count,5028.0,262,262,329,336,377,493,418,325,342,299,326,355,287,224,183,103,67,40,,"4,096","3,954","3,776",778,617,"2,477",130,148,162,175,202,277,226,159,169,133,141,159,130,96,84,43,32,11,,"2,000","1,928","1,815",342,266,"2,551",132,114,167,161,175,216,192,166,173,166,185,196,157,128,99,60,35,29,,"2,096","2,026","1,961",436,351,,35.6,32.9,39,,"5,028","4,123","1,610",136,61,697,0,"1,619",905,,"5,990","2,421",243,139,743,8,"2,436",,"5,028","2,531","2,497",,"5,028","2,531",319,17,55,8,0,"1,454",678,"2,497","1,291",119,6,689,0,165,227,,"5,028","5,028","1,850",732,10,96,4,"1,526",924,93,62,364,353,0,0,0,0,0,0,0,,"1,849",746,315,101,48,391,188,47,37,611,244,117,148,632,499,,"1,930","1,849",81,45,5,2,6,3,20,,0.5,3,,"1,849",419,"1,430",False,1291.0,119.0,689.0,165.0,2531.0,25.67621320604614,2.3667462211614954,13.703261734287986,3.281622911694511,50.33810660302307,False
Census Tract 136; Hudson County; New Jersey!!Count,2234.0,147,142,119,132,215,249,223,136,163,134,128,107,117,82,68,29,21,22,,"1,802","1,749","1,676",284,222,"1,181",82,64,69,65,121,151,124,84,85,55,67,50,68,30,36,14,8,8,,948,927,891,129,96,"1,053",65,78,50,67,94,98,99,52,78,79,61,57,49,52,32,15,13,14,,854,822,785,155,126,,32.7,31.7,33.7,,"2,234","1,885",542,42,42,396,0,863,349,,"2,599",861,74,56,424,2,"1,182",,"2,234","1,279",955,,"2,234","1,279",182,10,40,2,0,780,265,955,360,32,2,394,0,83,84,,"2,234","2,234",764,287,3,53,7,669,429,30,19,183,238,0,0,0,0,0,0,0,,768,295,146,59,29,192,85,16,18,222,84,39,63,292,164,,804,768,36,20,0,2,0,1,13,,1.3,3.2,,768,158,610,False,360.0,32.0,394.0,83.0,1279.0,16.11459265890779,1.432408236347359,17.636526410026857,3.715308863025962,57.251566696508505,False
Census Tract 137; Hudson County; New Jersey!!Count,2624.0,142,150,168,160,229,324,232,210,188,160,140,141,114,91,67,44,25,39,,"2,133","2,068","1,972",330,266,"1,409",64,91,85,89,122,205,127,111,82,91,79,81,60,51,37,15,5,14,,"1,153","1,118","1,058",158,122,"1,215",78,59,83,71,107,119,105,99,106,69,61,60,54,40,30,29,20,25,,980,950,914,172,144,,32.6,31.4,34.3,,"2,624","2,110",627,87,19,495,3,879,514,,"3,190","1,085",146,74,509,5,"1,371",,"2,624","1,507","1,117",,"2,624","1,507",195,26,18,3,3,824,438,"1,117",432,61,1,492,0,55,76,,"2,624","2,624",938,347,7,63,2,766,497,33,26,173,295,0,0,0,0,0,0,0,,940,356,176,65,32,279,130,25,21,240,86,36,77,352,187,,995,940,55,35,0,4,1,0,15,,2,4.5,,940,199,741,False,432.0,61.0,492.0,55.0,1507.0,16.463414634146343,2.3246951219512195,18.75,2.096036585365854,57.431402439024396,False
Census Tract 138; Hudson County; New Jersey!!Count,4944.0,296,113,88,87,338,"1,235","1,123",497,251,202,154,134,142,95,73,52,21,43,,"4,431","4,393","4,329",361,284,"2,604",148,61,51,41,176,621,604,301,151,98,85,66,75,46,37,19,8,16,,"2,337","2,322","2,290",164,126,"2,340",148,52,37,46,162,614,519,196,100,104,69,68,67,49,36,33,13,27,,"2,094","2,071","2,039",197,158,,31,31.3,30.7,,"4,944","4,408","1,357",340,22,"2,107",0,582,536,,"5,523","1,830",424,70,"2,170",18,"1,011",,"4,944",985,"3,959",,"4,944",985,151,18,13,2,0,457,344,"3,959","1,206",322,9,"2,105",0,125,192,,"4,944","4,929","2,496",825,27,262,27,691,494,41,31,188,372,15,0,0,0,15,11,4,,"2,499",855,260,289,25,745,511,19,31,610,400,32,36,407,246,,"2,680","2,499",181,158,4,3,0,4,12,,1.1,6.6,,"2,499",271,"2,228",False,1206.0,322.0,2105.0,125.0,985.0,24.393203883495147,6.5129449838187705,42.576860841423944,2.52831715210356,19.923139158576053,False
Census Tract 139; Hudson County; New Jersey!!Count,4620.0,239,183,165,154,332,863,786,397,248,197,206,219,226,145,114,44,63,39,,"4,000","3,940","3,844",538,405,"2,413",134,95,76,83,191,446,425,201,138,111,112,104,108,64,61,21,33,10,,"2,088","2,058","2,004",259,189,"2,207",105,88,89,71,141,417,361,196,110,86,94,115,118,81,53,23,30,29,,"1,912","1,882","1,840",279,216,,32,31.7,32.3,,"4,620","3,941","1,527",238,32,"1,270",0,874,679,,"5,341","2,133",339,72,"1,308",6,"1,483",,"4,620","1,457","3,163",,"4,620","1,457",126,50,32,4,0,773,472,"3,163","1,401",188,0,"1,266",0,101,207,,"4,620","4,620","2,050",712,6,206,21,885,598,51,33,279,410,0,0,0,0,0,0,0,,"2,055",723,240,227,31,591,388,34,35,514,326,44,58,422,309,,"2,185","2,055",130,82,2,0,0,4,42,,0,4.5,,"2,055",322,"1,733",False,1401.0,188.0,1266.0,101.0,1457.0,30.324675324675326,4.069264069264069,27.4025974025974,2.186147186147186,31.536796536796537,False
Census Tract 140; Hudson County; New Jersey!!Count,5209.0,261,290,283,274,341,504,443,386,348,337,305,397,271,247,173,136,107,106,,"4,323","4,228","4,019",926,769,"2,622",127,148,148,151,198,285,214,208,197,178,145,198,122,109,62,57,36,39,,"2,176","2,130","1,987",364,303,"2,587",134,142,135,123,143,219,229,178,151,159,160,199,149,138,111,79,71,67,,"2,147","2,098","2,032",562,466,,37.7,36.1,39.7,,"5,209","3,881","1,433",113,164,175,0,"1,996","1,328",,"6,587","2,638",227,244,211,5,"3,262",,"5,209","4,026","1,183",,"5,209","4,026",609,27,162,2,0,"1,953","1,273","1,183",824,86,2,173,0,43,55,,"5,209","5,209","1,877",739,11,119,2,"1,461",841,83,68,557,360,0,0,0,0,0,0,0,,"1,880",744,308,132,61,443,231,62,53,561,265,146,80,594,567,,"1,966","1,880",86,26,4,10,2,0,44,,1.5,2.1,,"1,880",653,"1,227",False,824.0,86.0,173.0,43.0,4026.0,15.818775196774812,1.6509886734497985,3.321174889614129,0.8254943367248992,77.289306968708,False
Census Tract 141.01; Hudson County; New Jersey!!Count,4498.0,268,124,89,75,85,360,546,510,367,336,292,315,329,274,188,95,87,158,,"4,004","3,969","3,932",984,802,"2,068",152,60,44,31,42,152,251,251,163,160,140,149,147,109,98,39,42,38,,"1,811","1,793","1,776",400,326,"2,430",116,64,45,44,43,208,295,259,204,176,152,166,182,165,90,56,45,120,,"2,193","2,176","2,156",584,476,,41.9,41.1,42.4,,"4,498","3,865","2,145",307,21,992,8,392,633,,"5,170","2,719",383,55,"1,055",12,946,,"4,498","1,208","3,290",,"4,498","1,208",299,26,14,9,0,353,507,"3,290","1,846",281,7,983,8,39,126,,"4,498","4,308","2,339",824,49,150,18,672,499,14,14,175,67,190,184,55,129,6,5,1,,"2,329",875,257,169,21,492,389,87,22,793,608,176,50,389,553,,"2,598","2,329",269,151,12,29,2,46,29,,2.9,9.9,,"2,329",972,"1,357",False,1846.0,281.0,983.0,39.0,1208.0,41.040462427745666,6.24722098710538,21.85415740329035,0.8670520231213872,26.856380613606046,False
Census Tract 141.02; Hudson County; New Jersey!!Count,5149.0,218,194,231,225,299,318,408,394,331,371,383,397,359,276,239,165,164,177,,"4,472","4,397","4,193","1,231","1,021","2,489",102,87,112,119,159,189,198,221,150,192,188,187,150,127,111,70,62,65,,"2,169","2,134","2,019",525,435,"2,660",116,107,119,106,140,129,210,173,181,179,195,210,209,149,128,95,102,112,,"2,303","2,263","2,174",706,586,,44.3,41.6,46.5,,"5,149","3,780","1,799",174,83,318,1,"1,405","1,369",,"6,595","3,055",316,146,356,7,"2,715",,"5,149","3,191","1,958",,"5,149","3,191",405,41,72,25,1,"1,362","1,285","1,958","1,394",133,11,293,0,43,84,,"5,149","4,994","2,152",738,28,146,13,"1,166",632,108,66,438,205,155,145,52,93,10,6,4,,"2,148",771,232,154,36,511,326,84,49,712,426,174,74,480,661,,"2,266","2,148",118,55,8,6,2,13,34,,0.6,4.6,,"2,148","1,007","1,141",False,1394.0,133.0,293.0,43.0,3191.0,27.07321810060206,2.5830258302583027,5.690425325305885,0.8351136142940376,61.973198679355214,False
Census Tract 142; Hudson County; New Jersey!!Count,5932.0,329,314,335,340,378,498,476,494,466,403,362,407,336,270,191,148,102,83,,"4,885","4,742","4,537",991,794,"2,960",171,163,181,169,197,283,239,252,230,193,192,180,162,122,90,63,36,37,,"2,405","2,338","2,233",447,348,"2,972",158,151,154,171,181,215,237,242,236,210,170,227,174,148,101,85,66,46,,"2,480","2,404","2,304",544,446,,37.7,36.1,39.1,,"5,932","4,404","1,584",168,117,217,4,"2,314","1,528",,"7,533","2,986",307,206,248,15,"3,771",,"5,932","4,562","1,370",,"5,932","4,562",630,56,114,15,4,"2,272","1,471","1,370",954,112,3,202,0,42,57,,"5,932","5,932","2,133",817,21,136,16,"1,637",982,148,122,586,438,0,0,0,0,0,0,0,,"2,128",826,337,144,57,489,258,53,57,669,284,102,146,694,538,,"2,225","2,128",97,43,1,0,4,10,39,,0,2.8,,"2,128",653,"1,475",False,954.0,112.0,202.0,42.0,4562.0,16.082265677680375,1.8880647336480108,3.4052596089008764,0.708024275118004,76.90492245448416,False
Census Tract 143; Hudson County; New Jersey!!Count,5937.0,351,316,349,414,392,418,445,413,474,375,419,409,351,265,224,139,81,102,,"4,852","4,690","4,435","1,023",811,"2,999",186,157,173,216,209,226,220,209,262,198,188,208,172,126,106,67,32,44,,"2,447","2,367","2,239",474,375,"2,938",165,159,176,198,183,192,225,204,212,177,231,201,179,139,118,72,49,58,,"2,405","2,323","2,196",549,436,,38.2,37.4,39,,"5,937","4,440","1,300",110,114,205,3,"2,708","1,497",,"7,498","2,660",235,203,236,15,"4,149",,"5,937","4,835","1,102",,"5,937","4,835",590,46,110,14,0,"2,637","1,438","1,102",710,64,4,191,3,71,59,,"5,937","5,932","1,918",842,17,122,2,"1,798","1,071",106,88,753,374,5,0,0,0,5,3,2,,"1,924",869,364,131,66,423,186,51,79,501,174,72,129,719,511,,"2,015","1,924",91,24,2,9,3,10,43,,1.2,2,,"1,924",730,"1,194",False,710.0,64.0,191.0,71.0,4835.0,11.958901802257033,1.077985514569648,3.2171130200437927,1.1958901802257031,81.43843692100387,False
Census Tract 144.01; Hudson County; New Jersey!!Count,4518.0,255,278,275,311,337,350,329,309,308,331,283,296,281,195,128,105,61,86,,"3,654","3,538","3,334",738,575,"2,202",122,131,147,158,155,177,174,163,145,156,138,145,142,88,53,46,30,32,,"1,773","1,710","1,614",323,249,"2,316",133,147,128,153,182,173,155,146,163,175,145,151,139,107,75,59,31,54,,"1,881","1,828","1,720",415,326,,36.7,36,38,,"4,518","3,257","1,370",107,51,169,0,"1,560","1,261",,"5,812","2,504",232,108,216,2,"2,750",,"4,518","3,294","1,224",,"4,518","3,294",497,43,48,8,0,"1,522","1,176","1,224",873,64,3,161,0,38,85,,"4,518","4,508","1,434",652,10,87,1,"1,501",837,98,82,524,201,10,0,0,0,10,6,4,,"1,440",676,301,86,52,282,131,34,22,396,131,68,102,565,430,,"1,521","1,440",81,45,0,0,0,2,34,,0,5.5,,"1,440",672,768,False,873.0,64.0,161.0,38.0,3294.0,19.322709163346612,1.416555998229305,3.5635236830455956,0.84108012394865,72.90836653386454,False
Census Tract 144.02; Hudson County; New Jersey!!Count,3657.0,193,212,255,234,225,285,292,245,234,230,251,245,233,177,133,93,71,49,,"2,938","2,846","2,726",656,523,"1,790",90,103,141,102,127,147,157,111,121,112,117,117,113,94,58,39,24,17,,"1,426","1,391","1,334",293,232,"1,867",103,109,114,132,98,138,135,134,113,118,134,128,120,83,75,54,47,32,,"1,512","1,455","1,392",363,291,,37.6,36.4,39.1,,"3,657","2,731","1,001",114,97,212,2,"1,305",926,,"4,621","1,829",218,146,226,6,"2,196",,"3,657","2,728",929,,"3,657","2,728",415,53,95,7,1,"1,269",888,929,586,61,2,205,1,36,38,,"3,657","3,657","1,110",526,7,80,4,"1,215",669,98,79,445,172,0,0,0,0,0,0,0,,"1,110",536,222,74,47,191,69,21,33,309,94,54,73,465,358,,"1,166","1,110",56,19,1,6,1,2,27,,1,3.8,,"1,110",624,486,False,586.0,61.0,205.0,36.0,2728.0,16.02406343997812,1.6680339075745145,5.605687722176648,0.9844134536505332,74.59666393218485,False
Census Tract 145.01; Hudson County; New Jersey!!Count,6312.0,326,381,384,462,508,468,425,446,429,408,378,427,358,294,220,174,119,105,,"5,158","4,961","4,637","1,117",912,"3,063",165,196,198,234,280,243,211,231,195,189,184,214,166,129,89,65,42,32,,"2,467","2,367","2,208",451,357,"3,249",161,185,186,228,228,225,214,215,234,219,194,213,192,165,131,109,77,73,,"2,691","2,594","2,429",666,555,,37.3,35.1,39.6,,"6,312","4,634","1,625",148,61,269,4,"2,527","1,678",,"8,059","3,175",298,154,304,5,"4,123",,"6,312","4,781","1,531",,"6,312","4,781",639,41,59,4,4,"2,455","1,579","1,531",986,107,2,265,0,72,99,,"6,312","6,312","2,156",881,5,121,2,"2,066","1,155",129,110,733,219,0,0,0,0,0,0,0,,"2,154",892,395,124,57,424,231,75,46,714,322,220,156,756,733,,"2,245","2,154",91,32,5,16,0,7,31,,2.2,2.2,,"2,154",722,"1,432",False,986.0,107.0,265.0,72.0,4781.0,15.621039290240812,1.6951837769328266,4.198352344740178,1.1406844106463878,75.7446134347275,False
Census Tract 145.02; Hudson County; New Jersey!!Count,3562.0,159,147,164,178,194,195,181,166,186,156,210,233,217,273,284,267,185,167,,"3,061","2,990","2,865","1,300","1,176","1,485",69,79,94,83,96,86,93,77,75,64,84,93,91,101,91,87,67,55,,"1,222","1,188","1,127",456,401,"2,077",90,68,70,95,98,109,88,89,111,92,126,140,126,172,193,180,118,112,,"1,839","1,802","1,738",844,775,,51,43.8,55.1,,"3,562","2,602","1,118",82,41,75,3,"1,283",960,,"4,571","1,987",183,81,111,17,"2,192",,"3,562","2,872",690,,"3,562","2,872",606,42,39,2,1,"1,259",923,690,512,40,2,73,2,24,37,,"3,562","3,562","1,799",404,6,61,4,890,481,60,43,250,88,0,0,0,0,0,0,0,,"1,797",410,123,64,30,370,286,181,25,953,651,497,129,368,949,,"1,843","1,797",46,28,0,0,2,2,14,,0,1.7,,"1,797",209,"1,588",False,512.0,40.0,73.0,24.0,2872.0,14.37394722066255,1.1229646266142617,2.0494104435710274,0.673778775968557,80.62886019090398,False
Census Tract 146; Hudson County; New Jersey!!Count,4228.0,236,247,245,233,310,450,411,303,301,314,297,233,229,165,104,64,50,36,,"3,452","3,370","3,204",546,419,"2,112",125,123,123,115,170,232,192,154,156,167,141,107,110,79,50,34,24,10,,"1,719","1,684","1,594",256,197,"2,116",111,124,122,118,140,218,219,149,145,147,156,126,119,86,54,30,26,26,,"1,733","1,686","1,610",290,222,,34.7,33.9,35.1,,"4,228","3,192",959,144,83,289,6,"1,711","1,036",,"5,326","1,895",257,148,309,10,"2,707",,"4,228","3,184","1,044",,"4,228","3,184",372,31,75,9,6,"1,687","1,004","1,044",587,113,8,280,0,24,32,,"4,228","4,228","1,393",570,12,115,7,"1,276",733,85,66,542,228,0,0,0,0,0,0,0,,"1,389",583,252,122,62,318,137,15,37,366,123,36,88,515,320,,"1,568","1,389",179,56,15,4,0,0,104,,0.9,5.5,,"1,389",449,940,True,587.0,113.0,280.0,24.0,3184.0,13.883632923368022,2.672658467360454,6.622516556291391,0.5676442762535477,75.30747398297068,False
Census Tract 147; Hudson County; New Jersey!!Count,4880.0,280,272,309,333,340,406,371,341,335,348,320,339,311,187,147,122,68,51,,"3,953","3,825","3,628",766,575,"2,394",123,137,161,175,172,225,173,161,149,196,146,166,140,85,68,52,32,33,,"1,943","1,878","1,760",363,270,"2,486",157,135,148,158,168,181,198,180,186,152,174,173,171,102,79,70,36,18,,"2,010","1,947","1,868",403,305,,36.7,35.9,37.5,,"4,880","3,681","1,115",143,77,278,2,"2,066","1,199",,"6,152","2,174",288,175,309,16,"3,190",,"4,880","3,772","1,108",,"4,880","3,772",506,63,67,7,2,"1,991","1,136","1,108",609,80,10,271,0,75,63,,"4,880","4,880","1,669",666,11,131,10,"1,545",887,114,88,558,176,0,0,0,0,0,0,0,,"1,658",674,285,145,53,365,213,42,39,474,147,67,123,611,413,,"1,795","1,658",137,63,4,9,13,6,42,,1.4,5.7,,"1,658",624,"1,034",False,609.0,80.0,271.0,75.0,3772.0,12.479508196721312,1.639344262295082,5.553278688524591,1.5368852459016393,77.29508196721312,False
Census Tract 148.01; Hudson County; New Jersey!!Count,5234.0,243,230,277,302,377,460,466,354,349,332,338,336,334,286,223,126,115,86,,"4,413","4,295","4,107","1,023",836,"2,512",126,114,152,158,178,211,249,197,176,156,161,154,151,138,82,45,36,28,,"2,082","2,021","1,930",411,329,"2,722",117,116,125,144,199,249,217,157,173,176,177,182,183,148,141,81,79,58,,"2,331","2,274","2,177",612,507,,38.5,36.5,41,,"5,234","3,921","1,232",292,59,400,7,"1,931","1,313",,"6,585","2,370",466,124,433,24,"3,168",,"5,234","3,845","1,389",,"5,234","3,845",528,113,51,10,7,"1,876","1,260","1,389",704,179,8,390,0,55,53,,"5,234","5,162","2,058",679,8,136,14,"1,442",778,120,93,514,191,72,0,0,0,72,44,28,,"2,055",673,262,154,47,452,266,75,31,776,360,177,137,575,616,,"2,272","2,055",217,109,3,6,7,13,79,,1.2,6.4,,"2,055",472,"1,583",False,704.0,179.0,390.0,55.0,3845.0,13.450515857852501,3.4199465036301104,7.451280091708062,1.0508215513947268,73.4619793656859,False
Census Tract 148.02; Hudson County; New Jersey!!Count,1095.0,46,40,41,60,52,68,66,57,68,58,67,69,79,64,59,50,46,105,,949,926,894,358,324,508,23,29,22,28,28,31,29,33,31,27,31,26,53,27,26,22,17,25,,425,420,400,140,117,587,23,11,19,32,24,37,37,24,37,31,36,43,26,37,33,28,29,80,,524,506,494,218,207,,48.8,45,52.5,,"1,095",828,370,32,14,85,0,327,267,,"1,374",598,69,31,103,7,566,,"1,095",685,410,,"1,095",685,104,6,13,5,0,314,243,410,266,26,1,80,0,13,24,,"1,095",933,366,148,8,17,2,232,135,25,21,100,35,162,162,49,113,0,0,0,,358,154,47,18,4,70,41,20,8,116,63,24,18,95,133,,452,358,94,65,6,3,13,4,3,,1.6,25.7,,358,176,182,False,266.0,26.0,80.0,13.0,685.0,24.292237442922374,2.374429223744292,7.30593607305936,1.187214611872146,62.55707762557078,False
Census Tract 149; Hudson County; New Jersey!!Count,3150.0,157,167,192,217,209,262,256,209,227,216,209,199,220,149,112,67,56,26,,"2,591","2,488","2,370",526,410,"1,508",78,85,83,95,97,124,131,117,107,100,99,85,100,69,62,36,25,15,,"1,248","1,194","1,134",268,207,"1,642",79,82,109,122,112,138,125,92,120,116,110,114,120,80,50,31,31,11,,"1,343","1,294","1,236",258,203,,37.6,37.6,37.7,,"3,150","2,562",676,107,71,707,6,995,588,,"3,775","1,187",186,119,750,13,"1,520",,"3,150","1,917","1,233",,"3,150","1,917",292,50,64,5,6,958,542,"1,233",384,57,7,702,0,37,46,,"3,150","3,150","1,054",455,7,77,2,964,559,80,63,376,135,0,0,0,0,0,0,0,,"1,056",456,175,75,30,220,126,31,28,305,112,51,77,367,311,,"1,147","1,056",91,32,3,6,0,5,45,,1.7,4.4,,"1,056",356,700,False,384.0,57.0,702.0,37.0,1917.0,12.19047619047619,1.8095238095238095,22.285714285714285,1.1746031746031746,60.857142857142854,False
Census Tract 150.01; Hudson County; New Jersey!!Count,2611.0,161,86,66,43,58,139,255,235,191,201,187,205,211,174,168,104,63,64,,"2,287","2,267","2,244",696,573,"1,229",84,37,35,23,28,53,122,117,104,87,86,96,110,68,63,53,40,23,,"1,067","1,058","1,045",310,247,"1,382",77,49,31,20,30,86,133,118,87,114,101,109,101,106,105,51,23,41,,"1,220","1,209","1,199",386,326,,46.5,45.7,47,,"2,611","2,293","1,304",144,4,682,4,155,318,,"2,938","1,601",168,13,730,6,420,,"2,611",513,"2,098",,"2,611",513,126,13,3,6,1,131,233,"2,098","1,178",131,1,676,3,24,85,,"2,611","2,611","1,395",500,28,66,21,417,307,22,16,99,63,0,0,0,0,0,0,0,,"1,388",541,137,98,9,298,230,64,24,451,326,133,28,228,436,,"1,453","1,388",65,25,4,11,1,6,18,,1.2,4.7,,"1,388",889,499,False,1178.0,131.0,676.0,24.0,513.0,45.11681348142474,5.017234775947912,25.89046342397549,0.9191880505553428,19.64764458062045,False
Census Tract 150.03; Hudson County; New Jersey!!Count,2700.0,204,177,175,195,191,254,229,224,186,156,161,184,104,87,67,31,41,34,,"2,099","2,022","1,908",318,260,"1,325",96,92,72,92,112,124,120,117,85,80,79,97,39,39,30,13,19,19,,"1,048","1,009",946,142,120,"1,375",108,85,103,103,79,130,109,107,101,76,82,87,65,48,37,18,22,15,,"1,051","1,013",962,176,140,,33.4,33.2,33.8,,"2,700","2,165",647,87,66,67,2,"1,296",535,,"3,275","1,089",175,103,87,10,"1,811",,"2,700","2,282",418,,"2,700","2,282",366,44,66,2,2,"1,281",521,418,281,43,0,65,0,15,14,,"2,700","2,700",918,352,12,61,3,839,572,63,49,298,154,0,0,0,0,0,0,0,,916,366,179,58,33,200,99,29,32,292,97,32,83,393,216,,959,916,43,21,1,1,5,2,13,,0.5,2.8,,916,180,736,False,281.0,43.0,65.0,15.0,2282.0,10.407407407407407,1.5925925925925926,2.4074074074074074,0.5555555555555556,84.51851851851852,False
Census Tract 150.04; Hudson County; New Jersey!!Count,3462.0,198,171,135,185,234,255,306,302,247,243,216,232,203,166,118,90,81,80,,"2,922","2,829","2,718",644,535,"1,654",100,101,65,84,128,130,156,155,112,117,99,107,101,79,46,28,23,23,,"1,364","1,332","1,273",251,199,"1,808",98,70,70,101,106,125,150,147,135,126,117,125,102,87,72,62,58,57,,"1,558","1,497","1,445",393,336,,39.3,37.2,41,,"3,462","2,662","1,008",155,46,201,0,"1,252",800,,"4,307","1,705",253,86,245,8,"2,010",,"3,462","2,500",962,,"3,462","2,500",441,37,40,9,0,"1,219",754,962,567,118,6,192,0,33,46,,"3,462","3,462","1,534",436,14,116,13,866,538,50,43,282,151,0,0,0,0,0,0,0,,"1,537",450,173,130,46,388,231,64,44,569,321,144,95,406,440,,"1,599","1,537",62,27,3,0,0,2,30,,0,2.1,,"1,537",285,"1,252",False,567.0,118.0,192.0,33.0,2500.0,16.377816291161178,3.40843443096476,5.545927209705372,0.9532062391681109,72.21259387637204,False
Census Tract 151; Hudson County; New Jersey!!Count,3244.0,221,209,203,214,234,262,294,285,232,200,158,213,165,132,78,59,44,41,,"2,562","2,475","2,352",436,354,"1,631",113,111,111,113,125,127,150,136,126,118,72,109,80,61,26,18,17,18,,"1,270","1,222","1,158",179,140,"1,613",108,98,92,101,109,135,144,149,106,82,86,104,85,71,52,41,27,23,,"1,292","1,253","1,194",257,214,,34.8,33.8,35.6,,"3,244","2,601",751,76,91,137,0,"1,546",643,,"3,914","1,334",152,122,162,10,"2,134",,"3,244","2,573",671,,"3,244","2,573",351,25,91,6,0,"1,496",604,671,400,51,0,131,0,50,39,,"3,244","3,232","1,075",394,7,69,3,"1,037",650,69,49,395,183,12,0,0,0,12,4,8,,"1,079",400,190,78,33,249,116,26,38,352,124,56,95,422,290,,"1,131","1,079",52,16,2,7,0,3,24,,2.6,1.9,,"1,079",264,815,False,400.0,51.0,131.0,50.0,2573.0,12.330456226880395,1.5721331689272502,4.038224414303329,1.5413070283600494,79.31565967940813,False
Census Tract 152.01; Hudson County; New Jersey!!Count,2880.0,207,104,67,49,63,233,377,339,222,210,191,210,161,145,97,72,74,59,,"2,488","2,467","2,443",544,447,"1,407",94,60,35,32,31,106,190,176,115,107,89,109,73,60,39,33,32,26,,"1,209","1,192","1,181",232,190,"1,473",113,44,32,17,32,127,187,163,107,103,102,101,88,85,58,39,42,33,,"1,279","1,275","1,262",312,257,,40,39.5,40.9,,"2,880","2,494","1,322",130,6,862,0,174,386,,"3,284","1,685",172,25,911,3,488,,"2,880",509,"2,371",,"2,880",509,81,4,1,2,0,142,279,"2,371","1,241",126,5,860,0,32,107,,"2,880","2,880","1,485",566,33,94,19,490,385,14,10,122,57,0,0,0,0,0,0,0,,"1,485",602,224,118,10,332,251,57,19,433,346,124,18,292,374,,"1,590","1,485",105,36,9,20,11,10,19,,2,6.3,,"1,485",958,527,False,1241.0,126.0,860.0,32.0,509.0,43.09027777777778,4.375,29.86111111111111,1.1111111111111112,17.67361111111111,False
Census Tract 152.02; Hudson County; New Jersey!!Count,6467.0,322,370,318,360,347,584,755,634,495,438,423,361,304,265,181,126,90,94,,"5,377","5,247","5,022",917,756,"3,190",152,199,163,172,170,290,379,330,267,221,206,167,149,134,76,41,39,35,,"2,634","2,571","2,465",403,325,"3,277",170,171,155,188,177,294,376,304,228,217,217,194,155,131,105,85,51,59,,"2,743","2,676","2,557",514,431,,36,35.7,36.5,,"6,467","5,176","1,683",320,115,410,2,"2,646","1,291",,"7,823","2,818",501,188,443,16,"3,857",,"6,467","4,553","1,914",,"6,467","4,553",627,63,103,6,1,"2,557","1,196","1,914","1,056",257,12,404,1,89,95,,"6,467","6,467","2,676",870,29,190,18,"1,604","1,048",112,90,605,363,0,0,0,0,0,0,0,,"2,677",895,382,206,76,689,421,75,69,887,466,161,151,754,605,,"2,853","2,677",176,104,6,20,1,20,25,,4.1,4.5,,"2,677",471,"2,206",False,1056.0,257.0,404.0,89.0,4553.0,16.329055203340033,3.97402195763105,6.24710066491418,1.3762177207360444,70.4035874439462,False
Census Tract 153; Hudson County; New Jersey!!Count,4568.0,229,287,308,292,286,358,458,352,359,299,302,284,270,164,114,74,58,74,,"3,688","3,557","3,403",637,484,"2,301",132,135,172,148,157,171,244,176,189,148,144,138,135,78,58,28,19,29,,"1,836","1,768","1,695",287,212,"2,267",97,152,136,144,129,187,214,176,170,151,158,146,135,86,56,46,39,45,,"1,852","1,789","1,708",350,272,,36.1,34.8,37.4,,"4,568","3,530",725,152,101,143,4,"2,405","1,038",,"5,665","1,641",276,163,182,9,"3,394",,"4,568","3,835",733,,"4,568","3,835",345,43,98,5,4,"2,347",993,733,380,109,3,138,0,58,45,,"4,568","4,568","1,723",569,17,146,3,"1,297",871,73,66,479,261,0,0,0,0,0,0,0,,"1,728",590,256,148,73,405,229,52,40,585,245,99,143,584,372,,"1,823","1,728",95,60,0,1,3,4,27,,0.5,3.8,,"1,728",203,"1,525",False,380.0,109.0,138.0,58.0,3835.0,8.318739054290718,2.3861646234676006,3.0210157618213658,1.2697022767075306,83.95359019264448,False
Census Tract 155; Hudson County; New Jersey!!Count,5203.0,252,313,328,370,380,406,419,380,380,331,323,335,262,234,155,122,115,98,,"4,237","4,090","3,874",893,724,"2,578",136,173,179,185,211,220,205,188,194,170,153,155,120,98,58,50,44,39,,"2,062","1,987","1,869",365,289,"2,625",116,140,149,185,169,186,214,192,186,161,170,180,142,136,97,72,71,59,,"2,175","2,103","2,005",528,435,,36.3,34.5,39.2,,"5,203","3,975",984,114,184,162,2,"2,529","1,228",,"6,473","2,022",282,271,189,9,"3,700",,"5,203","4,465",738,,"5,203","4,465",565,59,176,5,0,"2,490","1,170",738,419,55,8,157,2,39,58,,"5,203","5,203","1,825",670,28,137,9,"1,549",930,125,90,558,302,0,0,0,0,0,0,0,,"1,832",689,284,141,56,388,189,87,53,614,299,184,134,623,585,,"1,938","1,832",106,49,6,16,3,0,32,,4.1,3.2,,"1,832",370,"1,462",False,419.0,55.0,157.0,39.0,4465.0,8.053046319431099,1.0570824524312896,3.0174899096674994,0.7495675571785508,85.81587545646742,False
Census Tract 156; Hudson County; New Jersey!!Count,4315.0,232,271,254,267,267,344,348,347,328,292,284,247,260,213,128,84,60,89,,"3,508","3,388","3,242",730,574,"2,063",138,143,128,133,134,159,168,186,154,155,129,113,104,83,52,23,20,41,,"1,634","1,572","1,489",275,219,"2,252",94,128,126,134,133,185,180,161,174,137,155,134,156,130,76,61,40,48,,"1,874","1,816","1,753",455,355,,37.8,36,39.6,,"4,315","3,255",774,154,120,133,7,"2,067","1,060",,"5,426","1,702",290,184,156,12,"3,082",,"4,315","3,668",647,,"4,315","3,668",438,43,119,2,6,"2,043","1,017",647,336,111,1,131,1,24,43,,"4,315","4,241","1,573",510,15,116,1,"1,251",773,91,74,453,231,74,74,37,37,0,0,0,,"1,569",520,234,118,63,327,163,39,30,604,246,114,132,531,375,,"1,661","1,569",92,44,9,5,0,0,34,,3.1,3,,"1,569",156,"1,413",False,336.0,111.0,131.0,24.0,3668.0,7.786790266512167,2.5724217844727693,3.0359212050984934,0.5561993047508691,85.00579374275782,False
Census Tract 157; Hudson County; New Jersey!!Count,3753.0,223,186,302,254,256,321,320,321,279,271,240,232,160,128,91,65,50,54,,"2,998","2,883","2,732",489,388,"1,953",117,102,172,126,134,188,179,170,154,133,124,127,66,62,40,24,22,13,,"1,543","1,488","1,403",202,161,"1,800",106,84,130,128,122,133,141,151,125,138,116,105,94,66,51,41,28,41,,"1,455","1,395","1,329",287,227,,35.2,33.5,36.9,,"3,753","2,942",584,118,115,38,0,"2,087",811,,"4,604","1,271",221,192,46,5,"2,869",,"3,753","3,400",353,,"3,753","3,400",375,58,114,2,0,"2,059",792,353,209,60,1,36,0,28,19,,"3,753","3,750","1,250",446,11,123,3,"1,182",726,91,74,428,216,3,0,0,0,3,1,2,,"1,256",459,214,122,74,288,128,18,36,387,139,61,99,499,286,,"1,334","1,256",78,21,3,5,0,10,39,,2.8,1.9,,"1,256",172,"1,084",False,209.0,60.0,36.0,28.0,3400.0,5.568878230748734,1.5987210231814548,0.9592326139088728,0.7460698108180123,90.59419131361578,False
Census Tract 158.01; Hudson County; New Jersey!!Count,3494.0,352,93,57,26,114,417,707,581,346,223,162,159,110,76,33,22,9,7,,"2,990","2,982","2,955",212,147,"1,785",172,49,30,11,67,202,339,296,197,110,94,78,64,38,21,10,4,3,,"1,534","1,528","1,516",115,76,"1,709",180,44,27,15,47,215,368,285,149,113,68,81,46,38,12,12,5,4,,"1,456","1,454","1,439",97,71,,34.8,35.3,34.3,,"3,494","3,172","1,473",132,6,"1,459",0,102,322,,"3,842","1,776",174,34,"1,524",8,326,,"3,494",352,"3,142",,"3,494",352,71,10,3,6,0,80,182,"3,142","1,402",122,3,"1,453",0,22,140,,"3,494","3,494","1,755",772,19,137,9,603,497,7,6,106,86,0,0,0,0,0,0,0,,"1,749",804,319,152,8,395,301,19,14,398,271,9,40,402,147,,"1,954","1,749",205,174,2,8,0,13,8,,1.8,11.6,,"1,749",425,"1,324",False,1402.0,122.0,1453.0,22.0,352.0,40.12593016599886,3.4917000572409846,41.585575271894676,0.6296508299942759,10.074413279908415,False
Census Tract 158.02; Hudson County; New Jersey!!Count,5710.0,216,270,286,268,325,359,391,430,368,328,351,395,346,329,261,275,235,277,,"4,888","4,781","4,603","1,571","1,377","2,603",119,141,151,158,160,187,190,209,172,179,164,175,128,132,80,93,79,86,,"2,168","2,098","2,013",535,470,"3,107",97,129,135,110,165,172,201,221,196,149,187,220,218,197,181,182,156,191,,"2,720","2,683","2,590","1,036",907,,44.1,39.6,49.3,,"5,710","3,875","1,256",226,68,181,0,"2,144","1,835",,"7,601","2,879",412,169,210,3,"3,928",,"5,710","4,819",891,,"5,710","4,819",757,103,64,7,0,"2,102","1,786",891,499,123,4,174,0,42,49,,"5,710","5,710","2,521",817,21,122,8,"1,363",781,123,85,479,256,0,0,0,0,0,0,0,,"2,520",837,263,135,59,435,281,95,23,"1,113",709,458,136,575,"1,049",,"2,653","2,520",133,75,9,6,0,8,35,,2.6,3.1,,"2,520",222,"2,298",True,499.0,123.0,174.0,42.0,4819.0,8.73905429071804,2.1541155866900175,3.0472854640980733,0.7355516637478109,84.39579684763572,False
Census Tract 159; Hudson County; New Jersey!!Count,5966.0,386,400,442,410,428,470,555,563,449,406,365,317,236,202,126,81,75,55,,"4,642","4,492","4,248",678,539,"3,069",205,219,230,227,248,233,273,304,228,213,173,160,106,103,63,30,35,19,,"2,358","2,288","2,148",316,250,"2,897",181,181,212,183,180,237,282,259,221,193,192,157,130,99,63,51,40,36,,"2,284","2,204","2,100",362,289,,33.9,33.2,34.8,,"5,966","4,635",944,198,284,162,5,"3,042","1,331",,"7,363","2,065",326,426,193,23,"4,330",,"5,966","5,242",724,,"5,966","5,242",576,83,283,11,4,"2,994","1,291",724,368,115,1,151,1,48,40,,"5,966","5,966","1,980",736,24,195,8,"1,875","1,245",137,110,659,352,0,0,0,0,0,0,0,,"1,986",761,395,208,123,426,205,44,41,591,205,74,148,807,427,,"2,068","1,986",82,53,10,1,2,1,15,,0.5,2.9,,"1,986",191,"1,795",False,368.0,115.0,151.0,48.0,5242.0,6.168286959436808,1.9275896748240027,2.531009051290647,0.8045591686221925,87.86456587328193,False
Census Tract 160; Hudson County; New Jersey!!Count,3794.0,213,219,261,247,247,332,369,316,249,254,247,237,197,146,97,66,41,56,,"3,060","2,954","2,808",493,406,"1,907",103,118,156,126,135,156,195,179,128,101,125,116,96,62,47,28,14,22,,"1,502","1,455","1,384",211,173,"1,887",110,101,105,121,112,176,174,137,121,153,122,121,101,84,50,38,27,34,,"1,558","1,499","1,424",282,233,,35.1,34,36.5,,"3,794","2,863",740,128,123,118,0,"1,754",931,,"4,777","1,580",220,195,135,2,"2,645",,"3,794","3,236",558,,"3,794","3,236",469,40,113,1,0,"1,728",885,558,271,88,10,117,0,26,46,,"3,794","3,786","1,357",500,5,130,1,"1,146",708,64,51,404,179,8,0,0,0,8,5,3,,"1,368",500,221,133,62,295,154,27,28,440,160,61,113,475,320,,"1,437","1,368",69,33,10,2,2,0,22,,0.7,2.9,,"1,368",272,"1,096",True,271.0,88.0,117.0,26.0,3236.0,7.142857142857142,2.319451765946231,3.083816552451239,0.6852925672113864,85.2925672113864,False
Census Tract 161; Hudson County; New Jersey!!Count,3773.0,212,235,285,284,285,266,254,317,253,274,269,231,210,129,113,70,38,48,,"2,979","2,875","2,692",518,398,"1,887",96,112,154,152,157,129,132,169,124,133,127,115,109,70,42,27,21,18,,"1,496","1,432","1,340",242,178,"1,886",116,123,131,132,128,137,122,148,129,141,142,116,101,59,71,43,17,30,,"1,483","1,443","1,352",276,220,,36.1,35.4,36.8,,"3,773","2,749",603,106,99,99,3,"1,839","1,024",,"4,850","1,489",234,171,132,7,"2,817",,"3,773","3,310",463,,"3,773","3,310",377,34,97,8,1,"1,814",979,463,226,72,2,91,2,25,45,,"3,773","3,773","1,254",431,10,120,0,"1,231",775,71,58,413,243,0,0,0,0,0,0,0,,"1,259",441,231,123,67,291,149,44,38,404,131,75,121,531,302,,"1,352","1,259",93,61,0,1,2,10,19,,0.5,5.4,,"1,259",192,"1,067",True,226.0,72.0,91.0,25.0,3310.0,5.989928438908031,1.9082957858468061,2.411873840445269,0.6626027034190299,87.72859793267956,False
Census Tract 162; Hudson County; New Jersey!!Count,4813.0,285,299,354,280,334,385,352,361,359,339,373,321,271,196,120,87,60,37,,"3,816","3,702","3,520",642,500,"2,460",146,159,186,142,173,201,184,198,191,165,200,166,131,81,55,39,27,16,,"1,954","1,887","1,776",294,218,"2,353",139,140,168,138,161,184,168,163,168,174,173,155,140,115,65,48,33,21,,"1,862","1,815","1,744",348,282,,36.4,35.9,37.2,,"4,813","3,654",908,135,119,63,0,"2,429","1,159",,"6,012","1,920",261,194,98,2,"3,537",,"4,813","4,284",529,,"4,813","4,284",584,85,115,3,0,"2,387","1,110",529,324,50,4,60,0,42,49,,"4,813","4,773","1,614",562,12,144,4,"1,508",934,122,102,472,335,40,0,0,0,40,30,10,,"1,610",553,264,153,86,389,181,52,40,515,190,73,138,612,368,,"1,718","1,610",108,67,1,0,0,2,38,,0,4.5,,"1,610",191,"1,419",True,324.0,50.0,60.0,42.0,4284.0,6.731768127986702,1.0388531061707875,1.246623727404945,0.8726366091834614,89.00893413671307,False
Census Tract 163; Hudson County; New Jersey!!Count,4503.0,228,249,267,266,251,328,398,381,347,287,294,290,235,207,161,130,84,100,,"3,697","3,594","3,445",819,682,"2,178",121,126,129,145,142,162,202,191,194,119,129,144,99,86,75,52,29,33,,"1,765","1,714","1,636",337,275,"2,325",107,123,138,121,109,166,196,190,153,168,165,146,136,121,86,78,55,67,,"1,932","1,880","1,809",482,407,,38.6,36.8,40.4,,"4,503","3,233",881,130,123,183,0,"1,916","1,270",,"5,831","2,032",270,194,218,6,"3,111",,"4,503","3,772",731,,"4,503","3,772",496,39,108,6,0,"1,896","1,227",731,385,91,15,177,0,20,43,,"4,503","4,503","1,672",604,16,144,5,"1,287",773,93,71,430,252,0,0,0,0,0,0,0,,"1,672",619,249,152,88,314,172,36,16,587,228,109,124,552,434,,"1,747","1,672",75,49,2,3,0,0,21,,0.9,3.5,,"1,672",313,"1,359",False,385.0,91.0,177.0,20.0,3772.0,8.549855651787697,2.0208749722407284,3.930712858094604,0.44414834554741284,83.76637797024206,False
Census Tract 164; Hudson County; New Jersey!!Count,3784.0,178,215,215,230,266,291,298,265,307,247,271,249,191,167,124,106,95,69,,"3,125","3,047","2,895",669,561,"1,918",100,107,129,128,150,150,155,149,171,116,124,116,89,73,42,44,44,31,,"1,552","1,504","1,422",284,234,"1,866",78,108,86,102,116,141,143,116,136,131,147,133,102,94,82,62,51,38,,"1,573","1,543","1,473",385,327,,38.7,35.8,42.1,,"3,784","2,742",725,105,102,89,0,"1,721","1,042",,"4,861","1,635",208,185,132,6,"2,695",,"3,784","3,250",534,,"3,784","3,250",402,48,98,9,0,"1,694",999,534,323,57,4,80,0,27,43,,"3,784","3,760","1,387",464,8,125,8,"1,087",616,77,55,396,208,24,0,0,0,24,16,8,,"1,398",469,181,138,62,315,161,57,31,476,212,117,98,439,418,,"1,485","1,398",87,33,18,2,2,5,27,,0.8,2.7,,"1,398",240,"1,158",False,323.0,57.0,80.0,27.0,3250.0,8.535940803382664,1.5063424947145878,2.1141649048625792,0.7135306553911205,85.88794926004229,False
Census Tract 165; Hudson County; New Jersey!!Count,4682.0,270,256,249,228,318,419,496,436,305,263,296,261,235,195,147,93,100,115,,"3,857","3,768","3,618",795,650,"2,333",149,119,122,120,156,216,248,229,147,143,163,125,108,104,67,40,40,37,,"1,912","1,867","1,789",350,288,"2,349",121,137,127,108,162,203,248,207,158,120,133,136,127,91,80,53,60,78,,"1,945","1,901","1,829",445,362,,36.2,35.8,36.4,,"4,682","3,654","1,360",192,110,350,0,"1,642","1,028",,"5,766","2,247",348,184,383,6,"2,598",,"4,682","3,184","1,498",,"4,682","3,184",500,66,100,8,0,"1,556",954,"1,498",860,126,10,342,0,86,74,,"4,682","4,485","1,766",568,21,142,15,"1,226",795,82,67,353,312,197,130,40,90,67,51,16,,"1,755",597,245,152,45,436,260,52,41,570,268,85,118,513,401,,"1,909","1,755",154,60,15,14,4,5,56,,3.2,4.3,,"1,755",426,"1,329",False,860.0,126.0,342.0,86.0,3184.0,18.36821870995301,2.6911576249466043,7.30457069628364,1.8368218709953013,68.00512601452371,False
Census Tract 166; Hudson County; New Jersey!!Count,3822.0,212,249,239,265,263,287,325,304,271,241,241,254,207,148,115,92,56,53,,"3,060","2,968","2,797",583,464,"1,840",108,127,112,148,143,146,168,133,136,118,112,113,92,61,48,34,19,22,,"1,463","1,410","1,312",237,184,"1,982",104,122,127,117,120,141,157,171,135,123,129,141,115,87,67,58,37,31,,"1,597","1,558","1,485",346,280,,35.8,33.9,37.7,,"3,822","2,800",860,109,104,106,0,"1,621","1,022",,"4,879","1,729",257,175,121,2,"2,595",,"3,822","3,176",646,,"3,822","3,176",462,43,99,8,0,"1,584",980,646,398,66,5,98,0,37,42,,"3,822","3,815","1,335",442,11,108,8,"1,190",699,116,96,406,199,7,0,0,0,7,6,1,,"1,332",451,206,109,48,265,126,25,27,507,185,81,119,462,328,,"1,433","1,332",101,39,10,4,4,0,44,,1.8,3.3,,"1,332",213,"1,119",False,398.0,66.0,98.0,37.0,3176.0,10.413396127681843,1.726844583987441,2.564102564102564,0.9680795395081109,83.09785452642595,False
Census Tract 167; Hudson County; New Jersey!!Count,1773.0,112,132,130,110,109,134,144,179,112,131,123,110,82,52,40,34,19,20,,"1,376","1,323","1,275",213,165,901,59,64,75,69,62,71,74,85,57,69,61,58,36,16,15,16,6,8,,686,653,624,78,61,872,53,68,55,41,47,63,70,94,55,62,62,52,46,36,25,18,13,12,,690,670,651,135,104,,35.3,33.1,36.9,,"1,773","1,304",395,48,43,71,0,747,469,,"2,272",827,90,62,84,3,"1,206",,"1,773","1,526",247,,"1,773","1,526",264,21,39,4,0,737,461,247,131,27,4,67,0,10,8,,"1,773","1,773",612,212,8,64,0,538,368,50,40,201,88,0,0,0,0,0,0,0,,617,224,109,54,22,131,76,21,11,208,72,27,66,242,145,,672,617,55,26,6,5,4,2,12,,4.2,4.8,,617,111,506,False,131.0,27.0,67.0,10.0,1526.0,7.388606880992668,1.5228426395939088,3.778905809362662,0.5640157924421884,86.06880992667794,False
Census Tract 168; Hudson County; New Jersey!!Count,3348.0,197,203,269,221,227,283,297,289,234,259,201,197,140,135,62,55,39,40,,"2,632","2,555","2,422",410,331,"1,732",99,113,130,120,124,153,166,152,124,134,102,88,82,63,28,25,15,14,,"1,365","1,320","1,245",191,145,"1,616",98,90,139,101,103,130,131,137,110,125,99,109,58,72,34,30,24,26,,"1,267","1,235","1,177",219,186,,34.6,33.5,35.6,,"3,348","2,503",636,136,111,100,0,"1,520",845,,"4,220","1,343",221,202,117,3,"2,334",,"3,348","2,873",475,,"3,348","2,873",446,33,95,1,0,"1,496",802,475,190,103,16,99,0,24,43,,"3,348","3,338","1,144",382,13,108,5,"1,017",658,91,78,358,220,10,0,0,0,10,7,3,,"1,152",389,191,114,54,304,143,27,34,345,104,51,99,443,244,,"1,210","1,152",58,26,6,1,2,5,18,,0.8,2.5,,"1,152",128,"1,024",False,190.0,103.0,99.0,24.0,2873.0,5.675029868578255,3.076463560334528,2.956989247311828,0.7168458781362007,85.81242532855437,False
Census Tract 169; Hudson County; New Jersey!!Count,3364.0,192,210,191,217,212,254,272,265,234,205,201,210,138,144,133,92,99,95,,"2,725","2,650","2,498",623,563,"1,673",99,120,89,130,122,141,119,127,123,102,90,104,67,72,60,36,42,30,,"1,343","1,289","1,199",272,240,"1,691",93,90,102,87,90,113,153,138,111,103,111,106,71,72,73,56,57,65,,"1,382","1,361","1,299",351,323,,37.5,35.4,38.9,,"3,364","2,525",606,74,76,112,3,"1,654",839,,"4,259","1,320",173,170,134,18,"2,444",,"3,364","2,955",409,,"3,364","2,955",387,44,74,5,3,"1,637",805,409,219,30,2,107,0,17,34,,"3,364","3,352","1,239",388,2,103,2,952,578,66,58,389,211,12,0,0,0,12,7,5,,"1,247",403,177,98,53,286,175,64,23,460,222,135,114,411,399,,"1,339","1,247",92,41,7,0,0,0,44,,0,3.6,,"1,247",156,"1,091",False,219.0,30.0,107.0,17.0,2955.0,6.510107015457789,0.89179548156956,3.1807372175980975,0.5053507728894174,87.84185493460166,False
Census Tract 170; Hudson County; New Jersey!!Count,4920.0,305,335,368,333,342,375,405,401,354,355,323,284,193,168,104,79,89,107,,"3,856","3,735","3,496",664,547,"2,367",147,152,186,169,160,205,204,192,187,175,157,120,83,75,46,38,43,28,,"1,854","1,795","1,680",282,230,"2,553",158,183,182,164,182,170,201,209,167,180,166,164,110,93,58,41,46,79,,"2,002","1,940","1,816",382,317,,35,34.1,35.6,,"4,920","3,947",774,204,123,123,3,"2,720",973,,"5,941","1,578",363,198,148,18,"3,636",,"4,920","4,214",706,,"4,920","4,214",423,80,115,3,3,"2,666",924,706,351,124,8,120,0,54,49,,"4,920","4,767","1,639",537,9,160,8,"1,538",998,123,101,491,262,153,152,62,90,1,0,1,,"1,634",547,272,173,85,362,157,31,39,552,171,60,179,660,331,,"1,829","1,634",195,79,8,18,4,9,77,,8,5.2,,"1,634",202,"1,432",False,351.0,124.0,120.0,54.0,4214.0,7.134146341463414,2.5203252032520327,2.4390243902439024,1.097560975609756,85.65040650406503,False
Census Tract 171; Hudson County; New Jersey!!Count,5359.0,330,332,353,385,356,411,444,369,374,348,399,384,306,176,149,108,66,69,,"4,266","4,105","3,888",746,568,"2,558",166,173,158,184,182,215,210,185,179,164,203,164,126,72,74,52,30,21,,"2,020","1,945","1,829",330,249,"2,801",164,159,195,201,174,196,234,184,195,184,196,220,180,104,75,56,36,48,,"2,246","2,160","2,059",416,319,,35.9,34.8,37.1,,"5,359","4,274","1,038",187,99,150,6,"2,794","1,085",,"6,482","1,928",381,160,175,7,"3,831",,"5,359","4,552",807,,"5,359","4,552",568,82,91,11,4,"2,748","1,048",807,470,105,8,139,2,46,37,,"5,359","5,346","1,813",674,6,158,2,"1,715","1,026",155,136,598,225,13,0,0,0,13,10,3,,"1,814",683,313,166,82,346,167,28,31,619,216,90,169,711,434,,"1,984","1,814",170,37,17,12,12,9,83,,2.4,2.7,,"1,814",478,"1,336",False,470.0,105.0,139.0,46.0,4552.0,8.77029296510543,1.9593207688001495,2.5937674939354354,0.8583690987124464,84.941220376936,False
Census Tract 172; Hudson County; New Jersey!!Count,3229.0,204,205,228,221,260,245,231,268,234,190,217,195,183,137,78,56,47,30,,"2,541","2,452","2,339",465,348,"1,603",119,112,121,109,125,140,118,116,114,93,110,87,93,65,31,23,17,10,,"1,225","1,188","1,130",202,146,"1,626",85,93,107,112,135,105,113,152,120,97,107,108,90,72,47,33,30,20,,"1,316","1,264","1,209",263,202,,35.4,32.9,37.3,,"3,229","2,518",633,77,105,78,1,"1,624",711,,"3,960","1,160",157,235,90,13,"2,305",,"3,229","2,746",483,,"3,229","2,746",318,34,105,4,0,"1,598",687,483,315,43,0,74,1,26,24,,"3,229","3,229","1,141",375,4,99,6,"1,052",660,66,54,338,148,0,0,0,0,0,0,0,,"1,135",377,160,108,53,258,141,16,27,392,125,55,117,403,262,,"1,240","1,135",105,63,8,0,0,5,29,,0,6.2,,"1,135",194,941,False,315.0,43.0,74.0,26.0,2746.0,9.755342211210902,1.3316816351811707,2.2917311861257357,0.8052028491793125,85.04180860947662,False
Census Tract 173; Hudson County; New Jersey!!Count,2272.0,99,101,110,94,117,208,199,199,165,147,166,162,158,128,87,59,39,34,,"1,934","1,897","1,838",443,347,"1,120",45,45,58,52,54,109,95,108,80,91,85,69,75,60,37,28,18,11,,956,936,907,197,154,"1,152",54,56,52,42,63,99,104,91,85,56,81,93,83,68,50,31,21,23,,978,961,931,246,193,,40.2,39.7,40.6,,"2,272","1,866",893,75,16,157,0,725,406,,"2,714","1,200",133,91,185,13,"1,092",,"2,272","1,344",928,,"2,272","1,344",222,36,15,3,0,708,360,928,671,39,1,154,0,17,46,,"2,272","2,272","1,023",319,13,94,5,519,323,34,27,160,105,0,0,0,0,0,0,0,,"1,016",330,120,98,27,252,177,34,17,336,186,76,49,249,271,,"1,135","1,016",119,39,5,2,23,12,38,,0.4,6.2,,"1,016",430,586,False,671.0,39.0,154.0,17.0,1344.0,29.533450704225352,1.716549295774648,6.778169014084508,0.7482394366197183,59.154929577464785,False
Census Tract 174; Hudson County; New Jersey!!Count,2597.0,158,162,185,174,173,196,190,175,161,174,160,202,148,117,65,63,59,35,,"2,061","1,989","1,880",432,339,"1,239",80,89,99,94,83,97,93,71,74,76,83,98,70,58,21,17,27,9,,958,921,859,178,132,"1,358",78,73,86,80,90,99,97,104,87,98,77,104,78,59,44,46,32,26,,"1,103","1,068","1,021",254,207,,37.1,34.4,38.8,,"2,597","1,987",511,91,75,52,0,"1,258",610,,"3,231",940,168,211,62,5,"1,845",,"2,597","2,295",302,,"2,597","2,295",337,40,72,11,0,"1,243",592,302,174,51,3,41,0,15,18,,"2,597","2,597",936,299,7,93,4,800,503,69,60,243,146,0,0,0,0,0,0,0,,928,307,148,94,50,198,97,28,22,329,121,74,88,352,245,,"1,016",928,88,27,6,9,1,0,45,,6.3,3.3,,928,133,795,False,174.0,51.0,41.0,15.0,2295.0,6.7000385059684255,1.9638043896804003,1.5787447054293418,0.5775895263765883,88.37119753561802,False
Census Tract 175; Hudson County; New Jersey!!Count,4361.0,264,332,341,363,330,357,344,294,334,278,253,274,205,146,106,59,50,31,,"3,360","3,197","2,991",498,392,"2,093",130,152,156,187,167,187,166,144,149,131,125,131,116,67,33,23,21,8,,"1,625","1,534","1,434",209,152,"2,268",134,180,185,176,163,170,178,150,185,147,128,143,89,79,73,36,29,23,,"1,735","1,663","1,557",289,240,,32.8,32.1,33.4,,"4,361","3,378",709,161,113,88,5,"2,302",983,,"5,414","1,472",320,235,115,21,"3,251",,"4,361","3,899",462,,"4,361","3,899",471,101,108,5,5,"2,262",947,462,238,60,5,83,0,40,36,,"4,361","4,361","1,429",481,10,123,2,"1,487",979,146,127,489,194,0,0,0,0,0,0,0,,"1,427",480,240,129,73,304,157,35,31,514,158,79,192,637,309,,"1,508","1,427",81,20,6,2,9,0,44,,1.3,1.5,,"1,427",144,"1,283",False,238.0,60.0,83.0,40.0,3899.0,5.457463884430177,1.375831231368952,1.9032332033937172,0.9172208209126348,89.40609951845907,False
Census Tract 176; Hudson County; New Jersey!!Count,3219.0,198,258,241,224,234,265,267,227,245,200,204,158,175,126,75,52,30,40,,"2,484","2,386","2,226",419,323,"1,555",126,132,111,122,116,127,145,113,116,92,94,76,60,49,35,20,10,11,,"1,169","1,118","1,028",148,125,"1,664",72,126,130,102,118,138,122,114,129,108,110,82,115,77,40,32,20,29,,"1,315","1,268","1,198",271,198,,33.7,31.3,36.2,,"3,219","2,531",541,110,56,48,6,"1,770",688,,"3,959","1,082",269,111,68,14,"2,415",,"3,219","2,884",335,,"3,219","2,884",375,53,53,5,5,"1,733",660,335,166,57,3,43,1,37,28,,"3,219","3,213","1,076",361,3,90,3,"1,071",683,116,93,353,140,6,0,0,0,6,3,3,,"1,085",362,181,96,58,218,120,35,26,409,142,62,110,449,272,,"1,181","1,085",96,34,2,2,4,8,46,,1,3.6,,"1,085",186,899,False,166.0,57.0,43.0,37.0,2884.0,5.156881018949985,1.7707362534948743,1.3358185771978874,1.1494252873563218,89.59304131717924,False
Census Tract 177; Hudson County; New Jersey!!Count,2192.0,123,127,132,132,172,197,198,161,174,148,135,130,126,85,72,31,33,16,,"1,785","1,737","1,648",302,237,"1,092",71,53,73,78,92,96,95,89,79,79,55,53,63,42,43,12,12,7,,877,845,799,146,116,"1,100",52,74,59,54,80,101,103,72,95,69,80,77,63,43,29,19,21,9,,908,892,849,156,121,,35.4,34.1,36.5,,"2,192","1,699",444,136,72,218,0,829,493,,"2,720",822,271,103,238,0,"1,286",,"2,192","1,578",614,,"2,192","1,578",183,50,70,5,0,810,460,614,261,86,2,213,0,19,33,,"2,192","2,179",871,259,7,81,3,632,390,46,38,189,91,13,0,0,0,13,8,5,,884,269,101,84,36,211,133,24,19,320,136,31,72,270,184,,966,884,82,18,1,0,3,3,57,,0,2.5,,884,192,692,False,261.0,86.0,213.0,19.0,1578.0,11.906934306569344,3.923357664233577,9.717153284671532,0.8667883211678832,71.98905109489051,False
Census Tract 178; Hudson County; New Jersey!!Count,6578.0,355,439,425,379,396,511,750,557,463,474,409,397,331,238,183,118,80,73,,"5,290","5,120","4,886",883,692,"3,199",157,211,216,216,195,271,368,276,223,250,165,202,161,109,88,39,21,31,,"2,581","2,480","2,357",379,288,"3,379",198,228,209,163,201,240,382,281,240,224,244,195,170,129,95,79,59,42,,"2,709","2,640","2,529",504,404,,35.2,34.6,36,,"6,578","5,292","1,672",264,101,421,1,"2,833","1,286",,"7,943","2,757",530,165,472,2,"4,017",,"6,578","4,667","1,911",,"6,578","4,667",519,96,94,15,0,"2,775","1,168","1,911","1,153",168,7,406,1,58,118,,"6,578","6,569","2,546",862,26,223,21,"1,846","1,224",159,121,580,306,9,0,0,0,9,7,2,,"2,546",897,396,244,89,541,331,63,58,864,387,121,203,855,592,,"2,731","2,546",185,67,9,17,2,5,85,,2.1,3.6,,"2,546",782,"1,764",False,1153.0,168.0,406.0,58.0,4667.0,17.52812404986318,2.553967771359076,6.172088780784433,0.8817269686834904,70.94861660079052,False
Census Tract 179; Hudson County; New Jersey!!Count,5358.0,401,189,152,118,206,664,"1,085",734,436,346,295,278,173,103,93,39,24,22,,"4,594","4,543","4,474",373,281,"2,685",208,96,68,48,94,330,538,368,217,186,153,156,87,52,51,11,11,11,,"2,297","2,281","2,258",183,136,"2,673",193,93,84,70,112,334,547,366,219,160,142,122,86,51,42,28,13,11,,"2,297","2,262","2,216",190,145,,34.2,34.5,34,,"5,358","4,803","2,784",232,18,"1,513",1,255,555,,"5,956","3,314",302,49,"1,588",9,694,,"5,358",755,"4,603",,"5,358",755,142,8,9,4,0,219,373,"4,603","2,642",224,9,"1,509",1,36,182,,"5,358","5,358","2,679","1,111",26,214,26,996,770,14,10,156,136,0,0,0,0,0,0,0,,"2,666","1,137",396,247,23,652,508,48,49,630,449,47,78,575,301,,"3,184","2,666",518,355,19,85,1,24,34,,11.5,14.9,,"2,666",652,"2,014",True,2642.0,224.0,1509.0,36.0,755.0,49.30944382232176,4.180664427025009,28.163493840985442,0.6718924972004479,14.091078760731616,False
Census Tract 180; Hudson County; New Jersey!!Count,4156.0,221,193,197,185,211,390,486,381,325,300,225,258,249,152,139,101,74,69,,"3,514","3,433","3,327",670,535,"1,980",107,99,83,106,112,201,228,204,146,144,108,120,107,63,64,37,30,21,,"1,678","1,628","1,566",270,215,"2,176",114,94,114,79,99,189,258,177,179,156,117,138,142,89,75,64,44,48,,"1,836","1,805","1,761",400,320,,37.5,36,38.8,,"4,156","3,193","1,659",223,40,345,2,924,963,,"5,186","2,516",380,111,396,7,"1,776",,"4,156","2,152","2,004",,"4,156","2,152",336,48,35,9,1,878,845,"2,004","1,323",175,5,336,1,46,118,,"4,156","4,156","1,909",562,25,129,13,"1,005",635,61,42,247,205,0,0,0,0,0,0,0,,"1,909",585,236,140,26,453,323,50,27,731,420,153,124,474,448,,"2,131","1,909",222,107,12,17,5,12,69,,3.5,6.9,,"1,909",469,"1,440",False,1323.0,175.0,336.0,46.0,2152.0,31.833493743984604,4.210779595765159,8.084696823869104,1.1068334937439845,51.78055822906641,False
Census Tract 181; Hudson County; New Jersey!!Count,2849.0,164,127,141,152,174,224,292,250,216,178,186,187,164,154,68,68,47,57,,"2,388","2,312","2,236",479,394,"1,398",91,62,70,71,101,102,155,136,115,91,77,88,76,75,28,27,14,19,,"1,165","1,129","1,086",200,163,"1,451",73,65,71,81,73,122,137,114,101,87,109,99,88,79,40,41,33,38,,"1,223","1,183","1,150",279,231,,37.7,37,38.8,,"2,849","2,309","1,311",128,19,295,0,556,540,,"3,421","1,810",202,59,340,7,"1,003",,"2,849","1,181","1,668",,"2,849","1,181",169,16,19,9,0,531,437,"1,668","1,142",112,0,286,0,25,103,,"2,849","2,849","1,219",445,13,66,2,708,480,37,20,170,189,0,0,0,0,0,0,0,,"1,217",442,191,68,12,311,185,38,28,396,218,74,55,319,295,,"1,389","1,217",172,82,6,8,4,5,67,,2,9,,"1,217",398,819,False,1142.0,112.0,286.0,25.0,1181.0,40.084240084240086,3.9312039312039313,10.038610038610038,0.8775008775008775,41.45314145314145,False
Census Tract 182; Hudson County; New Jersey!!Count,4834.0,242,216,184,196,241,568,650,460,361,292,313,261,235,195,159,118,64,79,,"4,149","4,074","3,955",759,615,"2,307",114,93,97,97,118,296,296,229,200,145,151,113,111,92,59,47,26,23,,"1,986","1,945","1,883",312,247,"2,527",128,123,87,99,123,272,354,231,161,147,162,148,124,103,100,71,38,56,,"2,163","2,129","2,072",447,368,,36.2,35.7,36.9,,"4,834","4,099","2,752",209,32,470,7,629,735,,"5,618","3,422",323,79,560,12,"1,222",,"4,834","1,577","3,257",,"4,834","1,577",322,35,31,7,2,604,576,"3,257","2,430",174,1,463,5,25,159,,"4,834","4,834","2,178",811,26,151,21,"1,060",689,39,26,257,291,0,0,0,0,0,0,0,,"2,177",838,308,164,22,498,304,60,26,677,400,139,99,510,505,,"2,385","2,177",208,100,22,21,0,10,55,,2.8,6.4,,"2,177",730,"1,447",False,2430.0,174.0,463.0,25.0,1577.0,50.268928423665706,3.5995035167563096,9.577989242863055,0.517170045510964,32.62308647083161,False
Census Tract 183.01; Hudson County; New Jersey!!Count,3180.0,357,166,79,60,122,400,567,408,312,196,137,125,97,70,28,33,10,13,,"2,562","2,541","2,506",219,154,"1,624",194,86,32,29,64,196,255,217,175,93,77,65,53,43,13,19,5,8,,"1,307","1,292","1,276",124,88,"1,556",163,80,47,31,58,204,312,191,137,103,60,60,44,27,15,14,5,5,,"1,255","1,249","1,230",95,66,,33.7,34.2,33.2,,"3,180","2,953","2,090",27,2,757,2,75,227,,"3,423","2,305",51,24,838,3,202,,"3,180",200,"2,980",,"3,180",200,43,3,2,4,2,47,99,"2,980","2,047",24,0,753,0,28,128,,"3,180","3,173","1,402",651,12,149,18,711,619,19,11,91,120,7,0,0,0,7,7,0,,"1,400",669,325,167,7,298,194,17,36,266,186,30,35,419,129,,"1,497","1,400",97,46,5,0,2,20,24,,0,4.8,,"1,400",501,899,False,2047.0,24.0,753.0,28.0,200.0,64.37106918238995,0.7547169811320755,23.67924528301887,0.8805031446540881,6.289308176100629,False
Census Tract 183.02; Hudson County; New Jersey!!Count,5227.0,653,222,114,91,164,555,"1,079",808,517,320,226,182,135,60,45,29,17,10,,"4,231","4,204","4,121",235,161,"2,581",323,115,42,39,87,245,514,403,286,165,118,101,60,34,20,16,11,2,,"2,096","2,085","2,049",112,83,"2,646",330,107,72,52,77,310,565,405,231,155,108,81,75,26,25,13,6,8,,"2,135","2,119","2,072",123,78,,33.8,34.3,33.2,,"5,227","4,811","4,017",104,0,586,7,97,416,,"5,664","4,420",154,21,704,9,356,,"5,227",334,"4,893",,"5,227",334,83,3,0,2,2,54,190,"4,893","3,934",101,0,584,5,43,226,,"5,227","5,075","2,368","1,163",16,274,13,"1,097","1,011",2,1,44,98,152,0,0,0,152,99,53,,"2,380","1,174",609,289,12,406,337,24,17,511,408,20,35,687,121,,"2,589","2,380",209,62,9,64,4,27,43,,7,3.9,,"2,380",850,"1,530",False,3934.0,101.0,584.0,43.0,334.0,75.26305720298451,1.9322747273770806,11.172756839487278,0.8226516166060839,6.389898603405395,False
Census Tract 184.01; Hudson County; New Jersey!!Count,3156.0,184,183,137,98,223,494,408,246,229,206,157,139,112,100,105,57,35,43,,"2,627","2,591","2,532",405,340,"1,485",95,88,77,47,109,238,193,121,105,107,74,60,43,38,45,19,9,17,,"1,212","1,200","1,162",151,128,"1,671",89,95,60,51,114,256,215,125,124,99,83,79,69,62,60,38,26,26,,"1,415","1,391","1,370",254,212,,32.7,31.8,33.5,,"3,156","2,841","2,364",76,5,202,2,192,315,,"3,483","2,658",111,31,259,7,417,,"3,156",507,"2,649",,"3,156",507,123,14,5,2,0,161,202,"2,649","2,241",62,0,200,2,31,113,,"3,156","3,156","1,455",477,8,102,4,692,536,14,12,81,323,0,0,0,0,0,0,0,,"1,449",490,254,102,2,337,204,57,7,520,279,105,43,327,269,,"1,555","1,449",106,53,9,2,1,7,34,,0.4,5.3,,"1,449",506,943,False,2241.0,62.0,200.0,31.0,507.0,71.00760456273764,1.964512040557668,6.337135614702155,0.982256020278834,16.064638783269963,False
Census Tract 184.02; Hudson County; New Jersey!!Count,3484.0,432,148,65,51,168,540,782,532,287,160,114,87,54,19,16,19,3,7,,"2,828","2,803","2,775",89,64,"1,687",215,84,33,16,89,228,378,277,142,74,55,37,26,5,12,12,1,3,,"1,351","1,346","1,328",45,33,"1,797",217,64,32,35,79,312,404,255,145,86,59,50,28,14,4,7,2,4,,"1,477","1,457","1,447",44,31,,32,32.3,31.8,,"3,484","3,153","2,534",64,3,417,1,134,331,,"3,835","2,845",109,18,492,8,363,,"3,484",431,"3,053",,"3,484",431,115,15,1,2,0,115,183,"3,053","2,419",49,2,415,1,19,148,,"3,484","3,484","1,545",709,3,198,8,747,669,8,6,51,215,0,0,0,0,0,0,0,,"1,539",707,366,208,16,254,156,7,12,370,191,17,39,454,93,,"1,587","1,539",48,28,6,2,2,2,8,,0.5,2.4,,"1,539",411,"1,128",False,2419.0,49.0,415.0,19.0,431.0,69.4316877152698,1.4064293915040185,11.911595866819749,0.5453501722158438,12.370838117106773,False
Census Tract 185.01; Hudson County; New Jersey!!Count,5445.0,440,220,114,109,483,"1,089","1,083",706,388,247,175,121,100,60,40,33,22,15,,"4,661","4,635","4,498",219,170,"2,770",215,135,46,65,285,517,538,365,216,129,82,66,50,26,14,10,4,7,,"2,367","2,355","2,266",81,61,"2,675",225,85,68,44,198,572,545,341,172,118,93,55,50,34,26,23,18,8,,"2,294","2,280","2,232",138,109,,30.9,30.9,30.9,,"5,445","5,073","4,050",180,9,637,3,194,372,,"5,826","4,402",213,24,705,10,472,,"5,445",566,"4,879",,"5,445",566,141,11,9,6,0,163,236,"4,879","3,909",169,0,631,3,31,136,,"5,445","5,206","2,417",892,12,322,18,878,783,16,13,72,579,239,0,0,0,239,177,62,,"2,427",909,426,338,11,552,306,12,24,628,340,47,54,535,160,,"2,591","2,427",164,93,21,6,3,5,36,,0.7,5.3,,"2,427",799,"1,628",True,3909.0,169.0,631.0,31.0,566.0,71.79063360881543,3.10376492194674,11.588613406795226,0.5693296602387512,10.39485766758494,False
Census Tract 185.02; Hudson County; New Jersey!!Count,1863.0,125,93,66,45,143,313,304,227,169,105,63,59,38,40,29,22,14,8,,"1,564","1,548","1,524",138,113,920,67,47,35,27,71,138,139,125,78,56,36,34,20,16,16,8,4,3,,764,755,737,60,47,943,58,46,31,18,72,175,165,102,91,49,27,25,18,24,13,14,10,5,,800,793,787,78,66,,31.9,32.1,31.7,,"1,863","1,653","1,321",81,5,145,0,101,210,,"2,087","1,509",108,26,192,3,249,,"1,863",327,"1,536",,"1,863",327,80,14,5,2,0,85,141,"1,536","1,241",67,0,143,0,16,69,,"1,863","1,861",935,268,2,76,2,377,291,15,10,52,134,2,0,0,0,2,2,0,,934,273,136,81,2,273,205,16,8,307,179,36,28,184,118,,979,934,45,29,4,5,1,0,6,,1.4,4.7,,934,348,586,True,1241.0,67.0,143.0,16.0,327.0,66.6129898013956,3.5963499731615673,7.675791733762748,0.8588298443370908,17.55233494363929,False
Census Tract 186; Hudson County; New Jersey!!Count,2441.0,137,103,81,61,222,466,383,192,180,145,106,102,91,79,42,24,14,13,,"2,105","2,085","2,023",225,172,"1,204",66,56,46,34,109,182,194,98,91,77,58,59,47,45,23,10,6,3,,"1,027","1,015",979,112,87,"1,237",71,47,35,27,113,284,189,94,89,68,48,43,44,34,19,14,8,10,,"1,078","1,070","1,044",113,85,,31.4,32,30.8,,"2,441","2,230","1,924",37,1,201,0,67,211,,"2,670","2,115",71,27,268,8,181,,"2,441",218,"2,223",,"2,441",218,59,2,1,5,0,56,95,"2,223","1,865",35,0,196,0,11,116,,"2,441","2,410","1,201",397,9,114,7,420,347,5,5,48,209,31,0,0,0,31,13,18,,"1,199",401,167,121,12,307,215,28,10,370,235,26,14,217,124,,"1,322","1,199",123,38,11,10,8,7,49,,1.9,5.1,,"1,199",503,696,False,1865.0,35.0,196.0,11.0,218.0,76.40311347808276,1.4338385907414994,8.029496108152397,0.4506349856616141,8.930766079475625,False
Census Tract 187.01; Hudson County; New Jersey!!Count,3006.0,87,80,31,345,847,516,348,193,150,96,73,84,82,28,18,11,8,9,,"2,800","2,755","2,209",122,74,"1,822",52,48,16,151,523,319,245,123,107,65,42,58,34,15,11,3,4,6,,"1,701","1,677","1,390",47,39,"1,184",35,32,15,194,324,197,103,70,43,31,31,26,48,13,7,8,4,3,,"1,099","1,078",819,75,35,,26.1,26.5,24.7,,"3,006","2,819","1,591",634,3,288,28,275,187,,"3,206","1,761",653,18,349,34,391,,"3,006",359,"2,647",,"3,006",359,52,11,0,0,0,202,94,"2,647","1,539",623,3,288,28,73,93,,"3,006","1,591",749,211,6,89,7,234,209,2,2,34,259,"1,415",0,0,0,"1,415","1,004",411,,747,211,89,95,4,204,123,12,7,237,134,22,12,121,87,,829,747,82,33,1,7,2,12,27,,3.2,5.7,,747,207,540,False,1539.0,623.0,288.0,73.0,359.0,51.19760479041916,20.72521623419827,9.580838323353294,2.4284763805721887,11.942781104457751,False
Census Tract 187.02; Hudson County; New Jersey!!Count,4382.0,206,116,131,116,488,887,694,358,246,206,198,219,178,128,97,50,43,21,,"3,908","3,865","3,778",443,339,"2,071",100,49,67,56,206,439,316,176,120,104,95,109,88,65,37,21,19,4,,"1,842","1,824","1,784",191,146,"2,311",106,67,64,60,282,448,378,182,126,102,103,110,90,63,60,29,24,17,,"2,066","2,041","1,994",252,193,,31.5,31.5,31.4,,"4,382","3,964","3,287",73,15,327,4,258,418,,"4,821","3,669",132,53,399,12,556,,"4,382",727,"3,655",,"4,382",727,174,17,12,5,2,230,287,"3,655","3,113",56,3,322,2,28,131,,"4,382","4,352","2,185",580,19,192,15,671,496,17,9,106,567,30,0,0,0,30,17,13,,"2,192",593,222,210,11,596,370,43,23,793,480,98,52,323,275,,"2,394","2,192",202,77,26,5,7,29,58,,0.8,4.5,,"2,192",598,"1,594",False,3113.0,56.0,322.0,28.0,727.0,71.04062072113192,1.2779552715654952,7.348242811501597,0.6389776357827476,16.590597900502054,False
Census Tract 188; Hudson County; New Jersey!!Count,3369.0,169,119,95,81,357,714,517,323,213,159,159,113,95,86,52,40,35,42,,"2,969","2,937","2,865",298,255,"1,682",89,48,44,47,175,365,266,158,108,80,82,58,41,44,23,19,14,21,,"1,493","1,477","1,437",139,121,"1,687",80,71,51,34,182,349,251,165,105,79,77,55,54,42,29,21,21,21,,"1,476","1,460","1,428",159,134,,31.3,31.2,31.4,,"3,369","3,091","2,562",72,0,316,0,141,278,,"3,684","2,814",118,39,389,5,319,,"3,369",418,"2,951",,"3,369",418,109,14,0,4,0,123,168,"2,951","2,453",58,0,312,0,18,110,,"3,369","3,318","1,716",453,15,185,10,511,408,13,10,105,310,51,0,0,0,51,42,9,,"1,717",464,180,196,6,494,332,37,27,563,375,49,35,264,193,,"1,871","1,717",154,58,12,14,7,19,44,,2.5,4.7,,"1,717",547,"1,170",False,2453.0,58.0,312.0,18.0,418.0,72.8109231225883,1.7215791035915702,9.260908281389137,0.5342831700801425,12.40724250519442,False
Census Tract 189; Hudson County; New Jersey!!Count,4764.0,362,236,124,104,352,828,784,497,337,221,186,186,146,138,94,80,42,47,,"4,022","3,975","3,911",475,401,"2,426",192,111,56,60,194,440,395,252,172,123,110,97,65,59,40,36,11,13,,"2,055","2,029","1,989",183,159,"2,338",170,125,68,44,158,388,389,245,165,98,76,89,81,79,54,44,31,34,,"1,967","1,946","1,922",292,242,,32.2,31.9,32.5,,"4,764","4,338","3,614",114,14,432,1,163,426,,"5,207","4,027",164,35,500,7,474,,"4,764",610,"4,154",,"4,764",610,160,25,6,3,0,138,278,"4,154","3,454",89,8,429,1,25,148,,"4,764","4,728","2,300",741,22,244,11,906,755,23,18,90,391,36,0,0,0,36,28,8,,"2,297",765,364,260,17,609,415,45,27,663,420,121,71,501,311,,"2,591","2,297",294,252,10,4,5,1,22,,0.6,13.2,,"2,297",657,"1,640",True,3454.0,89.0,429.0,25.0,610.0,72.50209907640638,1.868178001679261,9.005037783375315,0.5247691015952981,12.804366078925272,False
Census Tract 190; Hudson County; New Jersey!!Count,4822.0,281,294,237,208,409,858,707,452,286,220,209,161,158,126,96,61,39,20,,"3,970","3,888","3,751",433,342,"2,331",143,156,133,113,254,425,350,204,134,92,93,58,63,43,36,19,13,2,,"1,873","1,827","1,758",146,113,"2,491",138,138,104,95,155,433,357,248,152,128,116,103,95,83,60,42,26,18,,"2,097","2,061","1,993",287,229,,30.6,29.4,32.2,,"4,822","4,329","2,575",735,23,242,1,753,493,,"5,345","2,982",871,56,304,3,"1,129",,"4,822","1,709","3,113",,"4,822","1,709",386,207,19,12,1,726,358,"3,113","2,189",528,4,230,0,27,135,,"4,822","4,816","2,246",422,3,222,11,"1,215",833,108,75,158,431,6,0,0,0,6,4,2,,"2,250",427,177,234,48,621,381,38,35,968,456,107,215,518,309,,"2,405","2,250",155,109,7,0,2,9,28,,0,5.6,,"2,250",427,"1,823",True,2189.0,528.0,230.0,27.0,1709.0,45.396101202820404,10.949813355454168,4.769805060141021,0.5599336374948154,35.4417254251348,False
Census Tract 191; Hudson County; New Jersey!!Count,3949.0,183,126,98,40,318,921,688,384,206,178,127,113,102,118,107,83,70,87,,"3,538","3,520","3,488",532,465,"1,934",91,71,45,17,177,411,344,219,111,98,63,62,54,39,45,32,30,25,,"1,726","1,717","1,703",206,171,"2,015",92,55,53,23,141,510,344,165,95,80,64,51,48,79,62,51,40,62,,"1,812","1,803","1,785",326,294,,32,32.2,31.7,,"3,949","3,570","2,801",118,8,331,8,304,379,,"4,334","3,158",158,29,378,12,599,,"3,949",743,"3,206",,"3,949",743,168,14,7,1,0,284,269,"3,206","2,633",104,1,330,8,20,110,,"3,949","3,909","2,076",543,7,221,11,504,403,13,12,102,432,40,0,0,0,40,35,5,,"2,078",557,220,232,7,586,392,84,13,703,433,165,19,278,387,,"2,180","2,078",102,70,7,1,7,2,15,,0.2,4.5,,"2,078",596,"1,482",True,2633.0,104.0,330.0,20.0,743.0,66.67510762218282,2.633578121043302,8.356545961002785,0.5064573309698658,18.814889845530512,False
Census Tract 192; Hudson County; New Jersey!!Count,5108.0,534,248,138,46,269,917,968,790,426,304,159,103,85,49,43,11,12,6,,"4,177","4,154","4,129",173,121,"2,632",256,126,71,21,154,480,465,397,236,176,84,61,45,26,21,8,4,1,,"2,177","2,166","2,151",89,60,"2,476",278,122,67,25,115,437,503,393,190,128,75,42,40,23,22,3,8,5,,"2,000","1,988","1,978",84,61,,31.9,32.2,31.7,,"5,108","4,680","3,474",43,3,"1,061",0,99,428,,"5,554","3,874",99,32,"1,200",4,345,,"5,108",358,"4,750",,"5,108",358,91,0,3,10,0,77,177,"4,750","3,383",43,0,"1,051",0,22,251,,"5,108","5,108","2,272",947,27,228,17,992,934,6,5,118,501,0,0,0,0,0,0,0,,"2,267",976,518,246,17,553,303,15,36,492,274,23,35,621,113,,"2,355","2,267",88,42,5,11,11,7,12,,0.9,3.7,,"2,267","1,169","1,098",True,3383.0,43.0,1051.0,22.0,358.0,66.22944400939701,0.8418167580266249,20.575567736883322,0.4306969459671104,7.008613938919342,False
Census Tract 193; Hudson County; New Jersey!!Count,3260.0,169,106,58,50,281,855,529,284,186,136,107,106,76,82,74,72,40,49,,"2,912","2,886","2,860",368,317,"1,652",103,59,38,23,141,451,286,141,111,71,64,41,27,30,22,18,14,12,,"1,445","1,429","1,420",113,96,"1,608",66,47,20,27,140,404,243,143,75,65,43,65,49,52,52,54,26,37,,"1,467","1,457","1,440",255,221,,30.7,30.1,31.4,,"3,260","2,981","2,352",52,10,367,0,200,279,,"3,564","2,611",90,38,421,2,402,,"3,260",541,"2,719",,"3,260",541,145,20,7,3,0,181,185,"2,719","2,207",32,3,364,0,19,94,,"3,260","3,255","1,708",396,18,208,12,427,356,10,6,86,390,5,0,0,0,5,3,2,,"1,715",404,138,220,10,500,310,42,26,591,386,149,37,224,290,,"1,780","1,715",65,43,0,5,0,7,10,,1.2,3.2,,"1,715",409,"1,306",True,2207.0,32.0,364.0,19.0,541.0,67.69938650306749,0.98159509202454,11.16564417177914,0.5828220858895705,16.595092024539877,True
Census Tract 194; Hudson County; New Jersey!!Count,2963.0,146,84,73,65,258,597,446,259,146,124,151,151,149,92,69,78,33,42,,"2,651","2,635","2,574",391,314,"1,510",86,46,37,38,132,287,235,137,77,63,80,74,88,34,35,32,14,15,,"1,335","1,328","1,290",171,130,"1,453",60,38,36,27,126,310,211,122,69,61,71,77,61,58,34,46,19,27,,"1,316","1,307","1,284",220,184,,32.5,32,32.9,,"2,963","2,679","2,155",74,6,272,0,172,284,,"3,264","2,416",110,24,322,1,391,,"2,963",494,"2,469",,"2,963",494,125,8,1,2,0,146,212,"2,469","2,030",66,5,270,0,26,72,,"2,963","2,931","1,580",313,9,141,15,420,314,3,3,83,367,32,0,0,0,32,21,11,,"1,584",328,126,154,10,547,362,45,25,555,337,82,48,224,233,,"1,677","1,584",93,46,2,2,0,2,41,,1.3,3.1,,"1,584",153,"1,431",True,2030.0,66.0,270.0,26.0,494.0,68.51164360445495,2.2274721565980427,9.112386095173811,0.8774890313871078,16.672291596355045,True
Census Tract 198; Hudson County; New Jersey!!Count,7080.0,393,415,360,376,385,543,623,561,515,463,465,443,454,352,284,185,141,122,,"5,839","5,688","5,457","1,342","1,084","3,360",183,203,176,195,210,252,296,281,250,225,220,210,194,161,131,76,56,41,,"2,763","2,682","2,555",576,465,"3,720",210,212,184,181,175,291,327,280,265,238,245,233,260,191,153,109,85,81,,"3,076","3,006","2,902",766,619,,38.7,37.5,40,,"7,080","6,331","3,474",261,21,"1,963",0,612,749,,"7,864","4,175",355,54,"2,045",9,"1,226",,"7,080","1,561","5,519",,"7,080","1,561",335,29,17,22,0,571,587,"5,519","3,139",232,4,"1,941",0,41,162,,"7,080","7,079","2,791","1,341",14,145,7,"2,077","1,252",114,84,426,164,1,0,0,0,1,0,1,,"2,778","1,361",572,154,32,465,312,80,37,798,428,191,133,857,827,,"2,952","2,778",174,79,8,16,2,8,61,,1.1,5.8,,"2,778","1,497","1,281",False,3139.0,232.0,1941.0,41.0,1561.0,44.336158192090394,3.2768361581920904,27.415254237288135,0.5790960451977402,22.048022598870055,False
Census Tract 199; Hudson County; New Jersey!!Count,5542.0,335,251,258,253,244,366,542,489,379,376,362,354,305,319,277,177,129,126,,"4,631","4,531","4,393","1,221","1,028","2,648",169,118,127,132,129,167,266,233,195,178,174,188,134,156,107,69,53,53,,"2,202","2,149","2,071",528,438,"2,894",166,133,131,121,115,199,276,256,184,198,188,166,171,163,170,108,76,73,,"2,429","2,382","2,322",693,590,,40.3,39.6,40.8,,"5,542","4,884","2,357",257,25,"1,786",0,459,658,,"6,274","2,973",371,71,"1,849",5,"1,005",,"5,542","1,244","4,298",,"5,542","1,244",230,33,17,15,0,419,530,"4,298","2,127",224,8,"1,771",0,40,128,,"5,542","5,542","2,429","1,099",22,118,8,"1,411",930,57,41,279,119,0,0,0,0,0,0,0,,"2,428","1,123",484,125,24,458,336,105,31,722,467,250,80,681,803,,"2,550","2,428",122,30,11,22,5,13,41,,1.7,2.5,,"2,428","1,287","1,141",False,2127.0,224.0,1771.0,40.0,1244.0,38.37964633706243,4.041862143630459,31.955972573078313,0.7217610970768675,22.44677011909058,False
Census Tract 200; Hudson County; New Jersey!!Count,5303.0,190,187,271,310,320,350,368,296,317,355,443,442,395,309,258,178,144,170,,"4,593","4,475","4,286","1,281","1,059","2,643",101,86,155,170,172,190,199,149,151,173,213,214,210,147,112,87,48,66,,"2,264","2,214","2,096",578,460,"2,660",89,101,116,140,148,160,169,147,166,182,230,228,185,162,146,91,96,104,,"2,329","2,261","2,190",703,599,,45.8,43,47.8,,"5,303","4,746","2,949",257,16,959,2,563,557,,"5,886","3,452",330,57,"1,004",11,"1,032",,"5,303","1,362","3,941",,"5,303","1,362",305,41,8,4,0,548,456,"3,941","2,644",216,8,955,2,15,101,,"5,303","4,841","1,827",814,12,75,10,"1,427",705,119,75,355,202,462,201,100,101,261,177,84,,"1,825",820,290,73,28,364,234,90,31,568,298,186,74,505,703,,"1,912","1,825",87,29,0,10,11,0,37,,1,3.4,,"1,825","1,004",821,False,2644.0,216.0,955.0,15.0,1362.0,49.85857062040355,4.073166132377899,18.008674335281917,0.2828587591929097,25.683575334716195,False
Census Tract 201; Hudson County; New Jersey!!Count,4256.0,469,197,115,83,151,615,906,658,256,146,134,151,141,93,51,40,21,29,,"3,457","3,424","3,378",307,234,"2,165",241,121,70,43,72,296,433,384,153,66,71,57,56,31,29,20,11,11,,"1,726","1,707","1,685",131,102,"2,091",228,76,45,40,79,319,473,274,103,80,63,94,85,62,22,20,10,18,,"1,731","1,717","1,693",176,132,,32.6,32.8,32.5,,"4,256","3,983",934,267,6,"2,502",2,272,273,,"4,547","1,157",332,24,"2,552",10,472,,"4,256",533,"3,723",,"4,256",533,84,17,3,2,1,246,180,"3,723",850,250,3,"2,500",1,26,93,,"4,256","4,256","1,808",929,17,105,7,962,788,9,9,210,209,0,0,0,0,0,0,0,,"1,809",946,476,110,14,359,189,26,31,394,184,40,64,620,205,,"1,902","1,809",93,82,6,1,0,3,1,,0.7,4.7,,"1,809",135,"1,674",False,850.0,250.0,2500.0,26.0,533.0,19.971804511278197,5.87406015037594,58.74060150375939,0.6109022556390977,12.523496240601503,False
Census Tract 324; Hudson County; New Jersey!!Count,6762.0,382,440,477,450,436,550,514,522,463,425,452,345,314,295,223,165,164,145,,"5,365","5,198","4,912","1,176",992,"3,324",205,222,225,245,238,283,290,286,238,216,225,164,135,117,91,46,45,53,,"2,610","2,527","2,360",428,352,"3,438",177,218,252,205,198,267,224,236,225,209,227,181,179,178,132,119,119,92,,"2,755","2,671","2,552",748,640,,36,34.1,38.8,,"6,762","5,360","1,306",148,189,132,5,"3,580","1,402",,"8,239","2,536",300,289,159,11,"4,944",,"6,762","6,035",727,,"6,762","6,035",838,80,186,8,2,"3,541","1,380",727,468,68,3,124,3,39,22,,"6,762","6,756","2,371",830,15,183,12,"2,055","1,331",111,95,722,457,6,0,0,0,6,5,1,,"2,374",848,396,197,117,506,255,94,72,823,410,281,168,846,759,,"2,487","2,374",113,57,4,0,7,6,39,,0,2.8,,"2,374",409,"1,965",False,468.0,68.0,124.0,39.0,6035.0,6.921029281277728,1.0056196391600118,1.8337769890564921,0.5767524401064774,89.24874297545105,False
Census Tract 9801; Hudson County; New Jersey!!Count,,1.0,0.0,1.0,0.0,0.0,0.0,0.0,0.0,3.0,0.0,0.0,0.0,0.0,0.0,0.0,0.0,0.0,0.0,,3.0,3.0,3.0,0.0,0.0,4.0,1.0,0.0,1.0,0.0,0.0,0.0,0.0,0.0,2.0,0.0,0.0,0.0,0.0,0.0,0.0,0.0,0.0,0.0,,2.0,2.0,2.0,0.0,0.0,1.0,0.0,0.0,0.0,0.0,0.0,0.0,0.0,0.0,1.0,0.0,0.0,0.0,0.0,0.0,0.0,0.0,0.0,0.0,,1.0,1.0,1.0,0.0,0.0,,40.5,27.0,41.5,,5.0,0.0,0.0,0.0,0.0,0.0,0.0,0.0,5.0,,14.0,3.0,4.0,2.0,3.0,1.0,1.0,,5.0,2.0,3.0,,5.0,2.0,0.0,0.0,0.0,0.0,0.0,0.0,2.0,3.0,0.0,0.0,0.0,0.0,0.0,0.0,3.0,,5.0,5.0,3.0,0.0,0.0,0.0,0.0,2.0,2.0,0.0,0.0,0.0,0.0,0.0,0.0,0.0,0.0,0.0,0.0,0.0,,3.0,0.0,0.0,1.0,1.0,2.0,2.0,1.0,0.0,0.0,0.0,0.0,0.0,1.0,1.0,,4.0,3.0,1.0,0.0,0.0,0.0,1.0,0.0,0.0,,0.0,0.0,,3.0,2.0,1.0,False,,,,,,,,,,,False
