census_tract,Census Tract 1.01; Hudson County; New Jersey!!Count,Census Tract 1.01; Hudson County; New Jersey!!Percent,Census Tract 1.02; Hudson County; New Jersey!!Count,Census Tract 1.02; Hudson County; New Jersey!!Percent,Census Tract 2; Hudson County; New Jersey!!Count,Census Tract 2; Hudson County; New Jersey!!Percent,Census Tract 3; Hudson County; New Jersey!!Count,Census Tract 3; Hudson County; New Jersey!!Percent,Census Tract 4; Hudson County; New Jersey!!Count,Census Tract 4; Hudson County; New Jersey!!Percent,Census Tract 5; Hudson County; New Jersey!!Count,Census Tract 5; Hudson County; New Jersey!!Percent,Census Tract 6; Hudson County; New Jersey!!Count,Census Tract 6; Hudson County; New Jersey!!Percent,Census Tract 7; Hudson County; New Jersey!!Count,Census Tract 7; Hudson County; New Jersey!!Percent,Census Tract 8; Hudson County; New Jersey!!Count,Census Tract 8; Hudson County; New Jersey!!Percent,Census Tract 9.02; Hudson County; New Jersey!!Count,Census Tract 9.02; Hudson County; New Jersey!!Percent,Census Tract 10; Hudson County; New Jersey!!Count,Census Tract 10; Hudson County; New Jersey!!Percent,Census Tract 11; Hudson County; New Jersey!!Count,Census Tract 11; Hudson County; New Jersey!!Percent,Census Tract 12.01; Hudson County; New Jersey!!Count,Census Tract 12.01; Hudson County; New Jersey!!Percent,Census Tract 12.02; Hudson County; New Jersey!!Count,Census Tract 12.02; Hudson County; New Jersey!!Percent,Census Tract 13; Hudson County; New Jersey!!Count,Census Tract 13; Hudson County; New Jersey!!Percent,Census Tract 14; Hudson County; New Jersey!!Count,Census Tract 14; Hudson County; New Jersey!!Percent,Census Tract 17.01; Hudson County; New Jersey!!Count,Census Tract 17.01; Hudson County; New Jersey!!Percent,Census Tract 18; Hudson County; New Jersey!!Count,Census Tract 18; Hudson County; New Jersey!!Percent,Census Tract 19; Hudson County; New Jersey!!Count,Census Tract 19; Hudson County; New Jersey!!Percent,Census Tract 20.01; Hudson County; New Jersey!!Count,Census Tract 20.01; Hudson County; New Jersey!!Percent,Census Tract 20.02; Hudson County; New Jersey!!Count,Census Tract 20.02; Hudson County; New Jersey!!Percent,Census Tract 22; Hudson County; New Jersey!!Count,Census Tract 22; Hudson County; New Jersey!!Percent,Census Tract 23; Hudson County; New Jersey!!Count,Census Tract 23; Hudson County; New Jersey!!Percent,Census Tract 24; Hudson County; New Jersey!!Count,Census Tract 24; Hudson County; New Jersey!!Percent,Census Tract 27; Hudson County; New Jersey!!Count,Census Tract 27; Hudson County; New Jersey!!Percent,Census Tract 28; Hudson County; New Jersey!!Count,Census Tract 28; Hudson County; New Jersey!!Percent,Census Tract 29; Hudson County; New Jersey!!Count,Census Tract 29; Hudson County; New Jersey!!Percent,Census Tract 30; Hudson County; New Jersey!!Count,Census Tract 30; Hudson County; New Jersey!!Percent,Census Tract 31.01; Hudson County; New Jersey!!Count,Census Tract 31.01; Hudson County; New Jersey!!Percent,Census Tract 31.02; Hudson County; New Jersey!!Count,Census Tract 31.02; Hudson County; New Jersey!!Percent,Census Tract 35; Hudson County; New Jersey!!Count,Census Tract 35; Hudson County; New Jersey!!Percent,Census Tract 40; Hudson County; New Jersey!!Count,Census Tract 40; Hudson County; New Jersey!!Percent,Census Tract 41.02; Hudson County; New Jersey!!Count,Census Tract 41.02; Hudson County; New Jersey!!Percent,Census Tract 41.03; Hudson County; New Jersey!!Count,Census Tract 41.03; Hudson County; New Jersey!!Percent,Census Tract 41.04; Hudson County; New Jersey!!Count,Census Tract 41.04; Hudson County; New Jersey!!Percent,Census Tract 42; Hudson County; New Jersey!!Count,Census Tract 42; Hudson County; New Jersey!!Percent,Census Tract 43; Hudson County; New Jersey!!Count,Census Tract 43; Hudson County; New Jersey!!Percent,Census Tract 44; Hudson County; New Jersey!!Count,Census Tract 44; Hudson County; New Jersey!!Percent,Census Tract 45; Hudson County; New Jersey!!Count,Census Tract 45; Hudson County; New Jersey!!Percent,Census Tract 46; Hudson County; New Jersey!!Count,Census Tract 46; Hudson County; New Jersey!!Percent,Census Tract 47; Hudson County; New Jersey!!Count,Census Tract 47; Hudson County; New Jersey!!Percent,Census Tract 48; Hudson County; New Jersey!!Count,Census Tract 48; Hudson County; New Jersey!!Percent,Census Tract 49; Hudson County; New Jersey!!Count,Census Tract 49; Hudson County; New Jersey!!Percent,Census Tract 52; Hudson County; New Jersey!!Count,Census Tract 52; Hudson County; New Jersey!!Percent,Census Tract 53; Hudson County; New Jersey!!Count,Census Tract 53; Hudson County; New Jersey!!Percent,Census Tract 54; Hudson County; New Jersey!!Count,Census Tract 54; Hudson County; New Jersey!!Percent,Census Tract 55; Hudson County; New Jersey!!Count,Census Tract 55; Hudson County; New Jersey!!Percent,Census Tract 56; Hudson County; New Jersey!!Count,Census Tract 56; Hudson County; New Jersey!!Percent,Census Tract 58.01; Hudson County; New Jersey!!Count,Census Tract 58.01; Hudson County; New Jersey!!Percent,Census Tract 58.02; Hudson County; New Jersey!!Count,Census Tract 58.02; Hudson County; New Jersey!!Percent,Census Tract 59.01; Hudson County; New Jersey!!Count,Census Tract 59.01; Hudson County; New Jersey!!Percent,Census Tract 59.02; Hudson County; New Jersey!!Count,Census Tract 59.02; Hudson County; New Jersey!!Percent,Census Tract 60; Hudson County; New Jersey!!Count,Census Tract 60; Hudson County; New Jersey!!Percent,Census Tract 61.01; Hudson County; New Jersey!!Count,Census Tract 61.01; Hudson County; New Jersey!!Percent,Census Tract 61.02; Hudson County; New Jersey!!Count,Census Tract 61.02; Hudson County; New Jersey!!Percent,Census Tract 62; Hudson County; New Jersey!!Count,Census Tract 62; Hudson County; New Jersey!!Percent,Census Tract 63; Hudson County; New Jersey!!Count,Census Tract 63; Hudson County; New Jersey!!Percent,Census Tract 64; Hudson County; New Jersey!!Count,Census Tract 64; Hudson County; New Jersey!!Percent,Census Tract 65; Hudson County; New Jersey!!Count,Census Tract 65; Hudson County; New Jersey!!Percent,Census Tract 66; Hudson County; New Jersey!!Count,Census Tract 66; Hudson County; New Jersey!!Percent,Census Tract 67; Hudson County; New Jersey!!Count,Census Tract 67; Hudson County; New Jersey!!Percent,Census Tract 68; Hudson County; New Jersey!!Count,Census Tract 68; Hudson County; New Jersey!!Percent,Census Tract 69; Hudson County; New Jersey!!Count,Census Tract 69; Hudson County; New Jersey!!Percent,Census Tract 70.01; Hudson County; New Jersey!!Count,Census Tract 70.01; Hudson County; New Jersey!!Percent,Census Tract 70.02; Hudson County; New Jersey!!Count,Census Tract 70.02; Hudson County; New Jersey!!Percent,Census Tract 71; Hudson County; New Jersey!!Count,Census Tract 71; Hudson County; New Jersey!!Percent,Census Tract 72; Hudson County; New Jersey!!Count,Census Tract 72; Hudson County; New Jersey!!Percent,Census Tract 73; Hudson County; New Jersey!!Count,Census Tract 73; Hudson County; New Jersey!!Percent,Census Tract 74; Hudson County; New Jersey!!Count,Census Tract 74; Hudson County; New Jersey!!Percent,Census Tract 75; Hudson County; New Jersey!!Count,Census Tract 75; Hudson County; New Jersey!!Percent,Census Tract 76.01; Hudson County; New Jersey!!Count,Census Tract 76.01; Hudson County; New Jersey!!Percent,Census Tract 76.02; Hudson County; New Jersey!!Count,Census Tract 76.02; Hudson County; New Jersey!!Percent,Census Tract 77.01; Hudson County; New Jersey!!Count,Census Tract 77.01; Hudson County; New Jersey!!Percent,Census Tract 77.02; Hudson County; New Jersey!!Count,Census Tract 77.02; Hudson County; New Jersey!!Percent,Census Tract 77.03; Hudson County; New Jersey!!Count,Census Tract 77.03; Hudson County; New Jersey!!Percent,Census Tract 78; Hudson County; New Jersey!!Count,Census Tract 78; Hudson County; New Jersey!!Percent,Census Tract 101; Hudson County; New Jersey!!Count,Census Tract 101; Hudson County; New Jersey!!Percent,Census Tract 102; Hudson County; New Jersey!!Count,Census Tract 102; Hudson County; New Jersey!!Percent,Census Tract 103; Hudson County; New Jersey!!Count,Census Tract 103; Hudson County; New Jersey!!Percent,Census Tract 104; Hudson County; New Jersey!!Count,Census Tract 104; Hudson County; New Jersey!!Percent,Census Tract 105; Hudson County; New Jersey!!Count,Census Tract 105; Hudson County; New Jersey!!Percent,Census Tract 106.01; Hudson County; New Jersey!!Count,Census Tract 106.01; Hudson County; New Jersey!!Percent,Census Tract 106.02; Hudson County; New Jersey!!Count,Census Tract 106.02; Hudson County; New Jersey!!Percent,Census Tract 107.01; Hudson County; New Jersey!!Count,Census Tract 107.01; Hudson County; New Jersey!!Percent,Census Tract 107.02; Hudson County; New Jersey!!Count,Census Tract 107.02; Hudson County; New Jersey!!Percent,Census Tract 108; Hudson County; New Jersey!!Count,Census Tract 108; Hudson County; New Jersey!!Percent,Census Tract 109; Hudson County; New Jersey!!Count,Census Tract 109; Hudson County; New Jersey!!Percent,Census Tract 110; Hudson County; New Jersey!!Count,Census Tract 110; Hudson County; New Jersey!!Percent,Census Tract 111; Hudson County; New Jersey!!Count,Census Tract 111; Hudson County; New Jersey!!Percent,Census Tract 112; Hudson County; New Jersey!!Count,Census Tract 112; Hudson County; New Jersey!!Percent,Census Tract 113; Hudson County; New Jersey!!Count,Census Tract 113; Hudson County; New Jersey!!Percent,Census Tract 114; Hudson County; New Jersey!!Count,Census Tract 114; Hudson County; New Jersey!!Percent,Census Tract 115; Hudson County; New Jersey!!Count,Census Tract 115; Hudson County; New Jersey!!Percent,Census Tract 116; Hudson County; New Jersey!!Count,Census Tract 116; Hudson County; New Jersey!!Percent,Census Tract 123; Hudson County; New Jersey!!Count,Census Tract 123; Hudson County; New Jersey!!Percent,Census Tract 124; Hudson County; New Jersey!!Count,Census Tract 124; Hudson County; New Jersey!!Percent,Census Tract 125; Hudson County; New Jersey!!Count,Census Tract 125; Hudson County; New Jersey!!Percent,Census Tract 126; Hudson County; New Jersey!!Count,Census Tract 126; Hudson County; New Jersey!!Percent,Census Tract 127; Hudson County; New Jersey!!Count,Census Tract 127; Hudson County; New Jersey!!Percent,Census Tract 128; Hudson County; New Jersey!!Count,Census Tract 128; Hudson County; New Jersey!!Percent,Census Tract 129; Hudson County; New Jersey!!Count,Census Tract 129; Hudson County; New Jersey!!Percent,Census Tract 130; Hudson County; New Jersey!!Count,Census Tract 130; Hudson County; New Jersey!!Percent,Census Tract 131; Hudson County; New Jersey!!Count,Census Tract 131; Hudson County; New Jersey!!Percent,Census Tract 132; Hudson County; New Jersey!!Count,Census Tract 132; Hudson County; New Jersey!!Percent,Census Tract 133; Hudson County; New Jersey!!Count,Census Tract 133; Hudson County; New Jersey!!Percent,Census Tract 134; Hudson County; New Jersey!!Count,Census Tract 134; Hudson County; New Jersey!!Percent,Census Tract 135; Hudson County; New Jersey!!Count,Census Tract 135; Hudson County; New Jersey!!Percent,Census Tract 136; Hudson County; New Jersey!!Count,Census Tract 136; Hudson County; New Jersey!!Percent,Census Tract 137; Hudson County; New Jersey!!Count,Census Tract 137; Hudson County; New Jersey!!Percent,Census Tract 138; Hudson County; New Jersey!!Count,Census Tract 138; Hudson County; New Jersey!!Percent,Census Tract 139; Hudson County; New Jersey!!Count,Census Tract 139; Hudson County; New Jersey!!Percent,Census Tract 140; Hudson County; New Jersey!!Count,Census Tract 140; Hudson County; New Jersey!!Percent,Census Tract 141.01; Hudson County; New Jersey!!Count,Census Tract 141.01; Hudson County; New Jersey!!Percent,Census Tract 141.02; Hudson County; New Jersey!!Count,Census Tract 141.02; Hudson County; New Jersey!!Percent,Census Tract 142; Hudson County; New Jersey!!Count,Census Tract 142; Hudson County; New Jersey!!Percent,Census Tract 143; Hudson County; New Jersey!!Count,Census Tract 143; Hudson County; New Jersey!!Percent,Census Tract 144.01; Hudson County; New Jersey!!Count,Census Tract 144.01; Hudson County; New Jersey!!Percent,Census Tract 144.02; Hudson County; New Jersey!!Count,Census Tract 144.02; Hudson County; New Jersey!!Percent,Census Tract 145.01; Hudson County; New Jersey!!Count,Census Tract 145.01; Hudson County; New Jersey!!Percent,Census Tract 145.02; Hudson County; New Jersey!!Count,Census Tract 145.02; Hudson County; New Jersey!!Percent,Census Tract 146; Hudson County; New Jersey!!Count,Census Tract 146; Hudson County; New Jersey!!Percent,Census Tract 147; Hudson County; New Jersey!!Count,Census Tract 147; Hudson County; New Jersey!!Percent,Census Tract 148.01; Hudson County; New Jersey!!Count,Census Tract 148.01; Hudson County; New Jersey!!Percent,Census Tract 148.02; Hudson County; New Jersey!!Count,Census Tract 148.02; Hudson County; New Jersey!!Percent,Census Tract 149; Hudson County; New Jersey!!Count,Census Tract 149; Hudson County; New Jersey!!Percent,Census Tract 150.01; Hudson County; New Jersey!!Count,Census Tract 150.01; Hudson County; New Jersey!!Percent,Census Tract 150.03; Hudson County; New Jersey!!Count,Census Tract 150.03; Hudson County; New Jersey!!Percent,Census Tract 150.04; Hudson County; New Jersey!!Count,Census Tract 150.04; Hudson County; New Jersey!!Percent,Census Tract 151; Hudson County; New Jersey!!Count,Census Tract 151; Hudson County; New Jersey!!Percent,Census Tract 152.01; Hudson County; New Jersey!!Count,Census Tract 152.01; Hudson County; New Jersey!!Percent,Census Tract 152.02; Hudson County; New Jersey!!Count,Census Tract 152.02; Hudson County; New Jersey!!Percent,Census Tract 153; Hudson County; New Jersey!!Count,Census Tract 153; Hudson County; New Jersey!!Percent,Census Tract 155; Hudson County; New Jersey!!Count,Census Tract 155; Hudson County; New Jersey!!Percent,Census Tract 156; Hudson County; New Jersey!!Count,Census Tract 156; Hudson County; New Jersey!!Percent,Census Tract 157; Hudson County; New Jersey!!Count,Census Tract 157; Hudson County; New Jersey!!Percent,Census Tract 158.01; Hudson County; New Jersey!!Count,Census Tract 158.01; Hudson County; New Jersey!!Percent,Census Tract 158.02; Hudson County; New Jersey!!Count,Census Tract 158.02; Hudson County; New Jersey!!Percent,Census Tract 159; Hudson County; New Jersey!!Count,Census Tract 159; Hudson County; New Jersey!!Percent,Census Tract 160; Hudson County; New Jersey!!Count,Census Tract 160; Hudson County; New Jersey!!Percent,Census Tract 161; Hudson County; New Jersey!!Count,Census Tract 161; Hudson County; New Jersey!!Percent,Census Tract 162; Hudson County; New Jersey!!Count,Census Tract 162; Hudson County; New Jersey!!Percent,Census Tract 163; Hudson County; New Jersey!!Count,Census Tract 163; Hudson County; New Jersey!!Percent,Census Tract 164; Hudson County; New Jersey!!Count,Census Tract 164; Hudson County; New Jersey!!Percent,Census Tract 165; Hudson County; New Jersey!!Count,Census Tract 165; Hudson County; New Jersey!!Percent,Census Tract 166; Hudson County; New Jersey!!Count,Census Tract 166; Hudson County; New Jersey!!Percent,Census Tract 167; Hudson County; New Jersey!!Count,Census Tract 167; Hudson County; New Jersey!!Percent,Census Tract 168; Hudson County; New Jersey!!Count,Census Tract 168; Hudson County; New Jersey!!Percent,Census Tract 169; Hudson County; New Jersey!!Count,Census Tract 169; Hudson County; New Jersey!!Percent,Census Tract 170; Hudson County; New Jersey!!Count,Census Tract 170; Hudson County; New Jersey!!Percent,Census Tract 171; Hudson County; New Jersey!!Count,Census Tract 171; Hudson County; New Jersey!!Percent,Census Tract 172; Hudson County; New Jersey!!Count,Census Tract 172; Hudson County; New Jersey!!Percent,Census Tract 173; Hudson County; New Jersey!!Count,Census Tract 173; Hudson County; New Jersey!!Percent,Census Tract 174; Hudson County; New Jersey!!Count,Census Tract 174; Hudson County; New Jersey!!Percent,Census Tract 175; Hudson County; New Jersey!!Count,Census Tract 175; Hudson County; New Jersey!!Percent,Census Tract 176; Hudson County; New Jersey!!Count,Census Tract 176; Hudson County; New Jersey!!Percent,Census Tract 177; Hudson County; New Jersey!!Count,Census Tract 177; Hudson County; New Jersey!!Percent,Census Tract 178; Hudson County; New Jersey!!Count,Census Tract 178; Hudson County; New Jersey!!Percent,Census Tract 179; Hudson County; New Jersey!!Count,Census Tract 179; Hudson County; New Jersey!!Percent,Census Tract 180; Hudson County; New Jersey!!Count,Census Tract 180; Hudson County; New Jersey!!Percent,Census Tract 181; Hudson County; New Jersey!!Count,Census Tract 181; Hudson County; New Jersey!!Percent,Census Tract 182; Hudson County; New Jersey!!Count,Census Tract 182; Hudson County; New Jersey!!Percent,Census Tract 183.01; Hudson County; New Jersey!!Count,Census Tract 183.01; Hudson County; New Jersey!!Percent,Census Tract 183.02; Hudson County; New Jersey!!Count,Census Tract 183.02; Hudson County; New Jersey!!Percent,Census Tract 184.01; Hudson County; New Jersey!!Count,Census Tract 184.01; Hudson County; New Jersey!!Percent,Census Tract 184.02; Hudson County; New Jersey!!Count,Census Tract 184.02; Hudson County; New Jersey!!Percent,Census Tract 185.01; Hudson County; New Jersey!!Count,Census Tract 185.01; Hudson County; New Jersey!!Percent,Census Tract 185.02; Hudson County; New Jersey!!Count,Census Tract 185.02; Hudson County; New Jersey!!Percent,Census Tract 186; Hudson County; New Jersey!!Count,Census Tract 186; Hudson County; New Jersey!!Percent,Census Tract 187.01; Hudson County; New Jersey!!Count,Census Tract 187.01; Hudson County; New Jersey!!Percent,Census Tract 187.02; Hudson County; New Jersey!!Count,Census Tract 187.02; Hudson County; New Jersey!!Percent,Census Tract 188; Hudson County; New Jersey!!Count,Census Tract 188; Hudson County; New Jersey!!Percent,Census Tract 189; Hudson County; New Jersey!!Count,Census Tract 189; Hudson County; New Jersey!!Percent,Census Tract 190; Hudson County; New Jersey!!Count,Census Tract 190; Hudson County; New Jersey!!Percent,Census Tract 191; Hudson County; New Jersey!!Count,Census Tract 191; Hudson County; New Jersey!!Percent,Census Tract 192; Hudson County; New Jersey!!Count,Census Tract 192; Hudson County; New Jersey!!Percent,Census Tract 193; Hudson County; New Jersey!!Count,Census Tract 193; Hudson County; New Jersey!!Percent,Census Tract 194; Hudson County; New Jersey!!Count,Census Tract 194; Hudson County; New Jersey!!Percent,Census Tract 198; Hudson County; New Jersey!!Count,Census Tract 198; Hudson County; New Jersey!!Percent,Census Tract 199; Hudson County; New Jersey!!Count,Census Tract 199; Hudson County; New Jersey!!Percent,Census Tract 200; Hudson County; New Jersey!!Count,Census Tract 200; Hudson County; New Jersey!!Percent,Census Tract 201; Hudson County; New Jersey!!Count,Census Tract 201; Hudson County; New Jersey!!Percent,Census Tract 324; Hudson County; New Jersey!!Count,Census Tract 324; Hudson County; New Jersey!!Percent,Census Tract 9801; Hudson County; New Jersey!!Count,Census Tract 9801; Hudson County; New Jersey!!Percent
total_pop,"2,554",100.00%,"3,834",100.00%,"5,391",100.00%,"3,948",100.00%,"3,973",100.00%,"4,317",100.00%,"5,790",100.00%,"3,609",100.00%,"4,075",100.00%,"6,778",100.00%,"2,118",100.00%,"5,345",100.00%,"2,153",100.00%,"1,268",100.00%,"2,624",100.00%,"3,867",100.00%,"5,237",100.00%,"3,965",100.00%,"2,684",100.00%,"1,627",100.00%,"2,563",100.00%,"2,036",100.00%,"2,470",100.00%,"2,806",100.00%,"5,952",100.00%,"5,643",100.00%,"3,990",100.00%,"2,974",100.00%,"2,846",100.00%,"3,365",100.00%,"2,257",100.00%,"5,642",100.00%,"3,091",100.00%,"2,285",100.00%,"4,593",100.00%,"5,100",100.00%,"2,503",100.00%,"2,697",100.00%,"4,395",100.00%,"2,309",100.00%,"3,304",100.00%,"4,713",100.00%,"4,370",100.00%,"4,815",100.00%,"3,201",100.00%,"7,307",100.00%,"3,141",100.00%,"3,897",100.00%,"5,569",100.00%,"1,683",100.00%,"3,443",100.00%,"4,857",100.00%,"4,709",100.00%,"3,954",100.00%,"3,436",100.00%,"4,047",100.00%,"4,792",100.00%,"3,276",100.00%,"2,270",100.00%,"1,329",100.00%,"3,670",100.00%,"4,143",100.00%,99,100.00%,"2,141",100.00%,"2,373",100.00%,"3,510",100.00%,"3,269",100.00%,"4,946",100.00%,"5,833",100.00%,"7,364",100.00%,"10,344",100.00%,"5,234",100.00%,"6,081",100.00%,"1,289",100.00%,"5,018",100.00%,"4,343",100.00%,"6,695",100.00%,"3,477",100.00%,"3,131",100.00%,"5,008",100.00%,"5,712",100.00%,"2,916",100.00%,"4,372",100.00%,"2,603",100.00%,"1,451",100.00%,"3,688",100.00%,"2,700",100.00%,"2,543",100.00%,"4,715",100.00%,"7,398",100.00%,"3,238",100.00%,"3,863",100.00%,"3,429",100.00%,"4,747",100.00%,"2,250",100.00%,"3,230",100.00%,"3,900",100.00%,"3,846",100.00%,"6,009",100.00%,"4,829",100.00%,"4,062",100.00%,"3,665",100.00%,"2,178",100.00%,"4,265",100.00%,"3,765",100.00%,"2,594",100.00%,"5,028",100.00%,"2,234",100.00%,"2,624",100.00%,"4,944",100.00%,"4,620",100.00%,"5,209",100.00%,"4,498",100.00%,"5,149",100.00%,"5,932",100.00%,"5,937",100.00%,"4,518",100.00%,"3,657",100.00%,"6,312",100.00%,"3,562",100.00%,"4,228",100.00%,"4,880",100.00%,"5,234",100.00%,"1,095",100.00%,"3,150",100.00%,"2,611",100.00%,"2,700",100.00%,"3,462",100.00%,"3,244",100.00%,"2,880",100.00%,"6,467",100.00%,"4,568",100.00%,"5,203",100.00%,"4,315",100.00%,"3,753",100.00%,"3,494",100.00%,"5,710",100.00%,"5,966",100.00%,"3,794",100.00%,"3,773",100.00%,"4,813",100.00%,"4,503",100.00%,"3,784",100.00%,"4,682",100.00%,"3,822",100.00%,"1,773",100.00%,"3,348",100.00%,"3,364",100.00%,"4,920",100.00%,"5,359",100.00%,"3,229",100.00%,"2,272",100.00%,"2,597",100.00%,"4,361",100.00%,"3,219",100.00%,"2,192",100.00%,"6,578",100.00%,"5,358",100.00%,"4,156",100.00%,"2,849",100.00%,"4,834",100.00%,"3,180",100.00%,"5,227",100.00%,"3,156",100.00%,"3,484",100.00%,"5,445",100.00%,"1,863",100.00%,"2,441",100.00%,"3,006",100.00%,"4,382",100.00%,"3,369",100.00%,"4,764",100.00%,"4,822",100.00%,"3,949",100.00%,"5,108",100.00%,"3,260",100.00%,"2,963",100.00%,"7,080",100.00%,"5,542",100.00%,"5,303",100.00%,"4,256",100.00%,"6,762",100.00%,5,100.00%
under_5,160,6.30%,211,5.50%,273,5.10%,198,5.00%,247,6.20%,279,6.50%,346,6.00%,203,5.60%,250,6.10%,470,6.90%,150,7.10%,328,6.10%,151,7.00%,58,4.60%,109,4.20%,211,5.50%,363,6.90%,317,8.00%,100,3.70%,96,5.90%,167,6.50%,126,6.20%,144,5.80%,226,8.10%,386,6.50%,330,5.80%,244,6.10%,217,7.30%,202,7.10%,255,7.60%,155,6.90%,386,6.80%,184,6.00%,148,6.50%,300,6.50%,352,6.90%,164,6.60%,193,7.20%,255,5.80%,163,7.10%,200,6.10%,292,6.20%,272,6.20%,291,6.00%,184,5.70%,498,6.80%,218,6.90%,243,6.20%,419,7.50%,134,8.00%,175,5.10%,249,5.10%,309,6.60%,232,5.90%,227,6.60%,247,6.10%,293,6.10%,217,6.60%,150,6.60%,80,6.00%,272,7.40%,284,6.90%,7,7.10%,119,5.60%,166,7.00%,164,4.70%,317,9.70%,351,7.10%,553,9.50%,603,8.20%,743,7.20%,419,8.00%,399,6.60%,52,4.00%,427,8.50%,306,7.00%,405,6.00%,227,6.50%,167,5.30%,350,7.00%,300,5.30%,127,4.40%,268,6.10%,165,6.30%,84,5.80%,232,6.30%,137,5.10%,188,7.40%,347,7.40%,454,6.10%,195,6.00%,201,5.20%,171,5.00%,267,5.60%,89,4.00%,153,4.70%,158,4.10%,213,5.50%,238,4.00%,277,5.70%,217,5.30%,200,5.50%,125,5.70%,234,5.50%,214,5.70%,175,6.70%,262,5.20%,147,6.60%,142,5.40%,296,6.00%,239,5.20%,261,5.00%,268,6.00%,218,4.20%,329,5.50%,351,5.90%,255,5.60%,193,5.30%,326,5.20%,159,4.50%,236,5.60%,280,5.70%,243,4.60%,46,4.20%,157,5.00%,161,6.20%,204,7.60%,198,5.70%,221,6.80%,207,7.20%,322,5.00%,229,5.00%,252,4.80%,232,5.40%,223,5.90%,352,10.10%,216,3.80%,386,6.50%,213,5.60%,212,5.60%,285,5.90%,228,5.10%,178,4.70%,270,5.80%,212,5.50%,112,6.30%,197,5.90%,192,5.70%,305,6.20%,330,6.20%,204,6.30%,99,4.40%,158,6.10%,264,6.10%,198,6.20%,123,5.60%,355,5.40%,401,7.50%,221,5.30%,164,5.80%,242,5.00%,357,11.20%,653,12.50%,184,5.80%,432,12.40%,440,8.10%,125,6.70%,137,5.60%,87,2.90%,206,4.70%,169,5.00%,362,7.60%,281,5.80%,183,4.60%,534,10.50%,169,5.20%,146,4.90%,393,5.60%,335,6.00%,190,3.60%,469,11.00%,382,5.60%,1,20.00%
5_to_9,161,6.30%,205,5.30%,345,6.40%,215,5.40%,258,6.50%,277,6.40%,379,6.50%,198,5.50%,163,4.00%,389,5.70%,159,7.50%,269,5.00%,114,5.30%,73,5.80%,89,3.40%,211,5.50%,361,6.90%,289,7.30%,75,2.80%,59,3.60%,118,4.60%,58,2.80%,105,4.30%,119,4.20%,436,7.30%,257,4.60%,187,4.70%,155,5.20%,95,3.30%,214,6.40%,105,4.70%,345,6.10%,158,5.10%,156,6.80%,306,6.70%,414,8.10%,131,5.20%,196,7.30%,281,6.40%,140,6.10%,177,5.40%,315,6.70%,282,6.50%,316,6.60%,239,7.50%,428,5.90%,261,8.30%,252,6.50%,463,8.30%,105,6.20%,165,4.80%,225,4.60%,302,6.40%,221,5.60%,219,6.40%,281,6.90%,309,6.40%,95,2.90%,139,6.10%,79,5.90%,256,7.00%,335,8.10%,7,7.10%,86,4.00%,63,2.70%,138,3.90%,143,4.40%,167,3.40%,276,4.70%,308,4.20%,267,2.60%,206,3.90%,191,3.10%,11,0.90%,181,3.60%,126,2.90%,406,6.10%,226,6.50%,187,6.00%,279,5.60%,285,5.00%,116,4.00%,329,7.50%,151,5.80%,103,7.10%,254,6.90%,144,5.30%,175,6.90%,346,7.30%,417,5.60%,248,7.70%,235,6.10%,209,6.10%,304,6.40%,123,5.50%,146,4.50%,185,4.70%,245,6.40%,254,4.20%,278,5.80%,259,6.40%,254,6.90%,146,6.70%,237,5.60%,182,4.80%,125,4.80%,262,5.20%,142,6.40%,150,5.70%,113,2.30%,183,4.00%,290,5.60%,124,2.80%,194,3.80%,314,5.30%,316,5.30%,278,6.20%,212,5.80%,381,6.00%,147,4.10%,247,5.80%,272,5.60%,230,4.40%,40,3.70%,167,5.30%,86,3.30%,177,6.60%,171,4.90%,209,6.40%,104,3.60%,370,5.70%,287,6.30%,313,6.00%,271,6.30%,186,5.00%,93,2.70%,270,4.70%,400,6.70%,219,5.80%,235,6.20%,299,6.20%,249,5.50%,215,5.70%,256,5.50%,249,6.50%,132,7.40%,203,6.10%,210,6.20%,335,6.80%,332,6.20%,205,6.30%,101,4.40%,162,6.20%,332,7.60%,258,8.00%,127,5.80%,439,6.70%,189,3.50%,193,4.60%,127,4.50%,216,4.50%,166,5.20%,222,4.20%,183,5.80%,148,4.20%,220,4.00%,93,5.00%,103,4.20%,80,2.70%,116,2.60%,119,3.50%,236,5.00%,294,6.10%,126,3.20%,248,4.90%,106,3.30%,84,2.80%,415,5.90%,251,4.50%,187,3.50%,197,4.60%,440,6.50%,0,0.00%
        10 to 14 years,171,6.70%,215,5.60%,301,5.60%,201,5.10%,205,5.20%,222,5.10%,299,5.20%,206,5.70%,164,4.00%,210,3.10%,111,5.20%,252,4.70%,96,4.50%,57,4.50%,111,4.20%,199,5.10%,304,5.80%,262,6.60%,46,1.70%,53,3.30%,97,3.80%,46,2.30%,62,2.50%,86,3.10%,417,7.00%,225,4.00%,138,3.50%,122,4.10%,51,1.80%,224,6.70%,62,2.70%,395,7.00%,187,6.00%,117,5.10%,261,5.70%,349,6.80%,112,4.50%,212,7.90%,311,7.10%,129,5.60%,168,5.10%,261,5.50%,314,7.20%,367,7.60%,250,7.80%,372,5.10%,229,7.30%,273,7.00%,413,7.40%,81,4.80%,218,6.30%,260,5.40%,349,7.40%,241,6.10%,271,7.90%,257,6.40%,294,6.10%,85,2.60%,108,4.80%,65,4.90%,348,9.50%,355,8.60%,7,7.10%,78,3.60%,48,2.00%,104,3.00%,70,2.10%,26,0.50%,132,2.30%,157,2.10%,149,1.40%,84,1.60%,76,1.20%,8,0.60%,91,1.80%,106,2.40%,448,6.70%,242,7.00%,228,7.30%,256,5.10%,335,5.90%,123,4.20%,264,6.00%,159,6.10%,110,7.60%,242,6.60%,140,5.20%,189,7.40%,371,7.90%,460,6.20%,202,6.20%,234,6.10%,188,5.50%,376,7.90%,115,5.10%,212,6.60%,238,6.10%,237,6.20%,260,4.30%,285,5.90%,236,5.80%,262,7.10%,144,6.60%,295,6.90%,222,5.90%,150,5.80%,329,6.50%,119,5.30%,168,6.40%,88,1.80%,165,3.60%,283,5.40%,89,2.00%,231,4.50%,335,5.60%,349,5.90%,275,6.10%,255,7.00%,384,6.10%,164,4.60%,245,5.80%,309,6.30%,277,5.30%,41,3.70%,192,6.10%,66,2.50%,175,6.50%,135,3.90%,203,6.30%,67,2.30%,318,4.90%,308,6.70%,328,6.30%,254,5.90%,302,8.00%,57,1.60%,286,5.00%,442,7.40%,261,6.90%,285,7.60%,354,7.40%,267,5.90%,215,5.70%,249,5.30%,239,6.30%,130,7.30%,269,8.00%,191,5.70%,368,7.50%,353,6.60%,228,7.10%,110,4.80%,185,7.10%,341,7.80%,241,7.50%,132,6.00%,425,6.50%,152,2.80%,197,4.70%,141,4.90%,184,3.80%,79,2.50%,114,2.20%,137,4.30%,65,1.90%,114,2.10%,66,3.50%,81,3.30%,31,1.00%,131,3.00%,95,2.80%,124,2.60%,237,4.90%,98,2.50%,138,2.70%,58,1.80%,73,2.50%,360,5.10%,258,4.70%,271,5.10%,115,2.70%,477,7.10%,1,20.00%
        15 to 19 years,146,5.70%,211,5.50%,282,5.20%,185,4.70%,196,4.90%,241,5.60%,298,5.10%,180,5.00%,158,3.90%,172,2.50%,79,3.70%,220,4.10%,85,3.90%,74,5.80%,107,4.10%,185,4.80%,276,5.30%,178,4.50%,56,2.10%,56,3.40%,94,3.70%,24,1.20%,43,1.70%,59,2.10%,359,6.00%,244,4.30%,176,4.40%,126,4.20%,40,1.40%,154,4.60%,57,2.50%,349,6.20%,190,6.10%,112,4.90%,244,5.30%,291,5.70%,155,6.20%,176,6.50%,279,6.30%,126,5.50%,148,4.50%,303,6.40%,269,6.20%,373,7.70%,225,7.00%,444,6.10%,229,7.30%,275,7.10%,393,7.10%,42,2.50%,224,6.50%,312,6.40%,318,6.80%,229,5.80%,215,6.30%,233,5.80%,304,6.30%,60,1.80%,54,2.40%,67,5.00%,303,8.30%,309,7.50%,11,11.10%,92,4.30%,21,0.90%,104,3.00%,61,1.90%,21,0.40%,65,1.10%,76,1.00%,73,0.70%,47,0.90%,55,0.90%,10,0.80%,46,0.90%,97,2.20%,370,5.50%,222,6.40%,198,6.30%,258,5.20%,314,5.50%,152,5.20%,271,6.20%,136,5.20%,114,7.90%,216,5.90%,111,4.10%,172,6.80%,264,5.60%,520,7.00%,209,6.50%,229,5.90%,194,5.70%,313,6.60%,125,5.60%,176,5.40%,270,6.90%,224,5.80%,356,5.90%,309,6.40%,290,7.10%,273,7.40%,154,7.10%,264,6.20%,195,5.20%,174,6.70%,336,6.70%,132,5.90%,160,6.10%,87,1.80%,154,3.30%,274,5.30%,75,1.70%,225,4.40%,340,5.70%,414,7.00%,311,6.90%,234,6.40%,462,7.30%,178,5.00%,233,5.50%,333,6.80%,302,5.80%,60,5.50%,217,6.90%,43,1.60%,195,7.20%,185,5.30%,214,6.60%,49,1.70%,360,5.60%,292,6.40%,370,7.10%,267,6.20%,254,6.80%,26,0.70%,268,4.70%,410,6.90%,247,6.50%,284,7.50%,280,5.80%,266,5.90%,230,6.10%,228,4.90%,265,6.90%,110,6.20%,221,6.60%,217,6.50%,333,6.80%,385,7.20%,221,6.80%,94,4.10%,174,6.70%,363,8.30%,224,7.00%,132,6.00%,379,5.80%,118,2.20%,185,4.50%,152,5.30%,196,4.10%,60,1.90%,91,1.70%,98,3.10%,51,1.50%,109,2.00%,45,2.40%,61,2.50%,345,11.50%,116,2.60%,81,2.40%,104,2.20%,208,4.30%,40,1.00%,46,0.90%,50,1.50%,65,2.20%,376,5.30%,253,4.60%,310,5.80%,83,2.00%,450,6.70%,0,0.00%
        20 to 24 years,173,6.80%,271,7.10%,393,7.30%,292,7.40%,280,7.00%,319,7.40%,387,6.70%,238,6.60%,342,8.40%,351,5.20%,126,5.90%,361,6.80%,170,7.90%,90,7.10%,186,7.10%,266,6.90%,418,8.00%,255,6.40%,232,8.60%,98,6.00%,148,5.80%,67,3.30%,108,4.40%,71,2.50%,455,7.60%,506,9.00%,344,8.60%,198,6.70%,141,5.00%,221,6.60%,115,5.10%,367,6.50%,224,7.20%,145,6.30%,302,6.60%,366,7.20%,179,7.20%,198,7.30%,305,6.90%,159,6.90%,202,6.10%,317,6.70%,338,7.70%,436,9.10%,227,7.10%,590,8.10%,224,7.10%,268,6.90%,396,7.10%,47,2.80%,261,7.60%,360,7.40%,351,7.50%,241,6.10%,268,7.80%,270,6.70%,370,7.70%,123,3.80%,104,4.60%,99,7.40%,276,7.50%,354,8.50%,4,4.00%,99,4.60%,83,3.50%,243,6.90%,118,3.60%,169,3.40%,157,2.70%,266,3.60%,662,6.40%,275,5.30%,483,7.90%,145,11.20%,383,7.60%,382,8.80%,429,6.40%,259,7.40%,211,6.70%,257,5.10%,318,5.60%,121,4.10%,246,5.60%,168,6.50%,97,6.70%,252,6.80%,183,6.80%,152,6.00%,310,6.60%,480,6.50%,193,6.00%,215,5.60%,236,6.90%,295,6.20%,150,6.70%,192,5.90%,273,7.00%,248,6.40%,416,6.90%,323,6.70%,291,7.20%,286,7.80%,147,6.70%,264,6.20%,244,6.50%,194,7.50%,377,7.50%,215,9.60%,229,8.70%,338,6.80%,332,7.20%,341,6.50%,85,1.90%,299,5.80%,378,6.40%,392,6.60%,337,7.50%,225,6.20%,508,8.00%,194,5.40%,310,7.30%,340,7.00%,377,7.20%,52,4.70%,209,6.60%,58,2.20%,191,7.10%,234,6.80%,234,7.20%,63,2.20%,347,5.40%,286,6.30%,380,7.30%,267,6.20%,256,6.80%,114,3.30%,325,5.70%,428,7.20%,247,6.50%,285,7.60%,334,6.90%,251,5.60%,266,7.00%,318,6.80%,263,6.90%,109,6.10%,227,6.80%,212,6.30%,342,7.00%,356,6.60%,260,8.10%,117,5.10%,173,6.70%,330,7.60%,234,7.30%,172,7.80%,396,6.00%,206,3.80%,211,5.10%,174,6.10%,241,5.00%,122,3.80%,164,3.10%,223,7.10%,168,4.80%,483,8.90%,143,7.70%,222,9.10%,847,28.20%,488,11.10%,357,10.60%,352,7.40%,409,8.50%,318,8.10%,269,5.30%,281,8.60%,258,8.70%,385,5.40%,244,4.40%,320,6.00%,151,3.50%,436,6.40%,0,0.00%
        25 to 29 years,265,10.40%,350,9.10%,519,9.60%,476,12.10%,444,11.20%,456,10.60%,540,9.30%,421,11.70%,593,14.60%,763,11.30%,190,9.00%,645,12.10%,273,12.70%,145,11.40%,322,12.30%,486,12.60%,676,12.90%,463,11.70%,631,23.50%,242,14.90%,339,13.20%,322,15.80%,444,18.00%,312,11.10%,580,9.70%,556,9.90%,451,11.30%,356,12.00%,635,22.30%,376,11.20%,246,10.90%,518,9.20%,295,9.50%,209,9.10%,392,8.50%,476,9.30%,223,8.90%,198,7.30%,387,8.80%,206,8.90%,462,14.00%,394,8.40%,383,8.80%,365,7.60%,271,8.50%,520,7.10%,292,9.30%,293,7.50%,452,8.10%,87,5.20%,253,7.30%,400,8.20%,371,7.90%,290,7.30%,287,8.40%,298,7.40%,392,8.20%,529,16.10%,284,12.50%,136,10.20%,243,6.60%,324,7.80%,4,4.00%,267,12.50%,396,16.70%,498,14.20%,473,14.50%,"1,153",23.30%,721,12.40%,"1,037",14.10%,"2,484",24.00%,"1,094",20.90%,"1,602",26.30%,506,39.30%,"1,102",22.00%,"1,156",26.60%,557,8.30%,213,6.10%,248,7.90%,513,10.20%,422,7.40%,149,5.10%,307,7.00%,228,8.80%,90,6.20%,252,6.80%,216,8.00%,192,7.60%,387,8.20%,513,6.90%,217,6.70%,292,7.60%,243,7.10%,297,6.30%,141,6.30%,182,5.60%,258,6.60%,282,7.30%,548,9.10%,385,8.00%,342,8.40%,251,6.80%,149,6.80%,342,8.00%,375,10.00%,243,9.40%,493,9.80%,249,11.10%,324,12.30%,"1,235",25.00%,863,18.70%,504,9.70%,360,8.00%,318,6.20%,498,8.40%,418,7.00%,350,7.70%,285,7.80%,468,7.40%,195,5.50%,450,10.60%,406,8.30%,460,8.80%,68,6.20%,262,8.30%,139,5.30%,254,9.40%,255,7.40%,262,8.10%,233,8.10%,584,9.00%,358,7.80%,406,7.80%,344,8.00%,321,8.60%,417,11.90%,359,6.30%,470,7.90%,332,8.80%,266,7.10%,385,8.00%,328,7.30%,291,7.70%,419,8.90%,287,7.50%,134,7.60%,283,8.50%,254,7.60%,375,7.60%,411,7.70%,245,7.60%,208,9.20%,196,7.50%,357,8.20%,265,8.20%,197,9.00%,511,7.80%,664,12.40%,390,9.40%,224,7.90%,568,11.80%,400,12.60%,555,10.60%,494,15.70%,540,15.50%,"1,089",20.00%,313,16.80%,466,19.10%,516,17.20%,887,20.20%,714,21.20%,828,17.40%,858,17.80%,921,23.30%,917,18.00%,855,26.20%,597,20.10%,543,7.70%,366,6.60%,350,6.60%,615,14.50%,550,8.10%,0,0.00%
        30 to 34 years,247,9.70%,426,11.10%,561,10.40%,420,10.60%,376,9.50%,455,10.50%,609,10.50%,430,11.90%,596,14.60%,946,14.00%,226,10.70%,656,12.30%,265,12.30%,150,11.80%,374,14.30%,462,11.90%,683,13.00%,491,12.40%,521,19.40%,241,14.80%,360,14.00%,408,20.00%,487,19.70%,520,18.50%,508,8.50%,605,10.70%,489,12.30%,353,11.90%,670,23.50%,368,10.90%,400,17.70%,435,7.70%,292,9.40%,228,10.00%,448,9.80%,497,9.70%,272,10.90%,233,8.60%,429,9.80%,223,9.70%,475,14.40%,439,9.30%,336,7.70%,346,7.20%,239,7.50%,602,8.20%,227,7.20%,282,7.20%,461,8.30%,156,9.30%,227,6.60%,358,7.40%,397,8.40%,281,7.10%,231,6.70%,280,6.90%,331,6.90%,672,20.50%,338,14.90%,124,9.30%,268,7.30%,358,8.60%,10,10.10%,297,13.90%,574,24.20%,526,15.00%,543,16.60%,"1,410",28.50%,"1,129",19.40%,"1,379",18.70%,"2,697",26.10%,"1,108",21.20%,"1,304",21.40%,292,22.70%,941,18.80%,789,18.20%,523,7.80%,268,7.70%,216,6.90%,600,12.00%,422,7.40%,177,6.10%,407,9.30%,212,8.10%,116,8.00%,335,9.10%,263,9.70%,235,9.20%,406,8.60%,563,7.60%,318,9.80%,325,8.40%,226,6.60%,315,6.60%,171,7.60%,187,5.80%,223,5.70%,302,7.90%,528,8.80%,453,9.40%,280,6.90%,251,6.80%,151,6.90%,368,8.60%,371,9.90%,230,8.90%,418,8.30%,223,10.00%,232,8.80%,"1,123",22.70%,786,17.00%,443,8.50%,546,12.10%,408,7.90%,476,8.00%,445,7.50%,329,7.30%,292,8.00%,425,6.70%,181,5.10%,411,9.70%,371,7.60%,466,8.90%,66,6.00%,256,8.10%,255,9.80%,229,8.50%,306,8.80%,294,9.10%,377,13.10%,755,11.70%,458,10.00%,419,8.10%,348,8.10%,320,8.50%,707,20.20%,391,6.80%,555,9.30%,369,9.70%,254,6.70%,352,7.30%,398,8.80%,298,7.90%,496,10.60%,325,8.50%,144,8.10%,297,8.90%,272,8.10%,405,8.20%,444,8.30%,231,7.20%,199,8.80%,190,7.30%,344,7.90%,267,8.30%,198,9.00%,750,11.40%,"1,085",20.30%,486,11.70%,292,10.20%,650,13.40%,567,17.80%,"1,079",20.60%,408,12.90%,782,22.40%,"1,083",19.90%,304,16.30%,383,15.70%,348,11.60%,694,15.80%,517,15.30%,784,16.50%,707,14.70%,688,17.40%,968,19.00%,529,16.20%,446,15.10%,623,8.80%,542,9.80%,368,6.90%,906,21.30%,514,7.60%,0,0.00%
        35 to 39 years,213,8.30%,322,8.40%,437,8.10%,384,9.70%,311,7.80%,379,8.80%,516,8.90%,351,9.70%,414,10.20%,737,10.90%,218,10.30%,489,9.10%,221,10.30%,89,7.00%,257,9.80%,394,10.20%,442,8.40%,336,8.50%,272,10.10%,154,9.50%,250,9.80%,322,15.80%,351,14.20%,424,15.10%,546,9.20%,483,8.60%,367,9.20%,218,7.30%,383,13.50%,307,9.10%,262,11.60%,400,7.10%,249,8.10%,215,9.40%,390,8.50%,399,7.80%,236,9.40%,181,6.70%,303,6.90%,180,7.80%,346,10.50%,383,8.10%,287,6.60%,309,6.40%,237,7.40%,596,8.20%,190,6.00%,262,6.70%,372,6.70%,204,12.10%,202,5.90%,291,6.00%,293,6.20%,258,6.50%,226,6.60%,269,6.60%,306,6.40%,509,15.50%,295,13.00%,107,8.10%,274,7.50%,288,7.00%,4,4.00%,200,9.30%,354,14.90%,352,10.00%,463,14.20%,843,17.00%,967,16.60%,"1,077",14.60%,"1,485",14.40%,751,14.30%,769,12.60%,134,10.40%,654,13.00%,357,8.20%,496,7.40%,278,8.00%,218,7.00%,414,8.30%,419,7.30%,171,5.90%,333,7.60%,202,7.80%,95,6.50%,260,7.00%,220,8.10%,195,7.70%,402,8.50%,533,7.20%,286,8.80%,301,7.80%,231,6.70%,335,7.10%,155,6.90%,213,6.60%,278,7.10%,320,8.30%,543,9.00%,369,7.60%,277,6.80%,265,7.20%,150,6.90%,336,7.90%,270,7.20%,190,7.30%,325,6.50%,136,6.10%,210,8.00%,497,10.10%,397,8.60%,386,7.40%,510,11.30%,394,7.70%,494,8.30%,413,7.00%,309,6.80%,245,6.70%,446,7.10%,166,4.70%,303,7.20%,341,7.00%,354,6.80%,57,5.20%,209,6.60%,235,9.00%,224,8.30%,302,8.70%,285,8.80%,339,11.80%,634,9.80%,352,7.70%,380,7.30%,347,8.00%,321,8.60%,581,16.60%,430,7.50%,563,9.40%,316,8.30%,317,8.40%,361,7.50%,381,8.50%,265,7.00%,436,9.30%,304,8.00%,179,10.10%,289,8.60%,265,7.90%,401,8.20%,369,6.90%,268,8.30%,199,8.80%,175,6.70%,294,6.70%,227,7.10%,161,7.30%,557,8.50%,734,13.70%,381,9.20%,250,8.80%,460,9.50%,408,12.80%,808,15.50%,246,7.80%,532,15.30%,706,13.00%,227,12.20%,192,7.90%,193,6.40%,358,8.20%,323,9.60%,497,10.40%,452,9.40%,384,9.70%,790,15.50%,284,8.70%,259,8.70%,561,7.90%,489,8.80%,296,5.60%,658,15.50%,522,7.70%,0,0.00%
        40 to 44 years,149,5.80%,245,6.40%,356,6.60%,283,7.20%,290,7.30%,324,7.50%,423,7.30%,278,7.70%,264,6.50%,422,6.20%,133,6.30%,352,6.60%,130,6.00%,76,6.00%,177,6.70%,257,6.60%,376,7.20%,244,6.20%,154,5.70%,103,6.30%,147,5.70%,187,9.20%,190,7.70%,262,9.30%,406,6.80%,340,6.00%,283,7.10%,182,6.10%,165,5.80%,261,7.80%,204,9.00%,367,6.50%,196,6.30%,163,7.10%,309,6.70%,317,6.20%,176,7.00%,167,6.20%,291,6.60%,168,7.30%,229,6.90%,286,6.10%,259,5.90%,298,6.20%,216,6.70%,522,7.10%,159,5.10%,235,6.00%,257,4.60%,177,10.50%,207,6.00%,289,6.00%,272,5.80%,239,6.00%,197,5.70%,224,5.50%,265,5.50%,271,8.30%,207,9.10%,74,5.60%,251,6.80%,265,6.40%,10,10.10%,184,8.60%,211,8.90%,254,7.20%,251,7.70%,340,6.90%,606,10.40%,603,8.20%,744,7.20%,459,8.80%,375,6.20%,38,2.90%,366,7.30%,200,4.60%,462,6.90%,212,6.10%,220,7.00%,335,6.70%,377,6.60%,163,5.60%,295,6.70%,196,7.50%,120,8.30%,283,7.70%,164,6.10%,193,7.60%,325,6.90%,474,6.40%,227,7.00%,236,6.10%,184,5.40%,316,6.70%,153,6.80%,208,6.40%,260,6.70%,250,6.50%,475,7.90%,377,7.80%,306,7.50%,259,7.10%,155,7.10%,321,7.50%,232,6.20%,146,5.60%,342,6.80%,163,7.30%,188,7.20%,251,5.10%,248,5.40%,348,6.70%,367,8.20%,331,6.40%,466,7.90%,474,8.00%,308,6.80%,234,6.40%,429,6.80%,186,5.20%,301,7.10%,335,6.90%,349,6.70%,68,6.20%,227,7.20%,191,7.30%,186,6.90%,247,7.10%,232,7.20%,222,7.70%,495,7.70%,359,7.90%,380,7.30%,328,7.60%,279,7.40%,346,9.90%,368,6.40%,449,7.50%,249,6.60%,253,6.70%,359,7.50%,347,7.70%,307,8.10%,305,6.50%,271,7.10%,112,6.30%,234,7.00%,234,7.00%,354,7.20%,374,7.00%,234,7.20%,165,7.30%,161,6.20%,334,7.70%,245,7.60%,174,7.90%,463,7.00%,436,8.10%,325,7.80%,216,7.60%,361,7.50%,312,9.80%,517,9.90%,229,7.30%,287,8.20%,388,7.10%,169,9.10%,180,7.40%,150,5.00%,246,5.60%,213,6.30%,337,7.10%,286,5.90%,206,5.20%,426,8.30%,186,5.70%,146,4.90%,515,7.30%,379,6.80%,317,6.00%,256,6.00%,463,6.80%,3,60.00%
        45 to 49 years,116,4.50%,217,5.70%,319,5.90%,268,6.80%,242,6.10%,241,5.60%,343,5.90%,181,5.00%,231,5.70%,281,4.10%,110,5.20%,305,5.70%,112,5.20%,85,6.70%,186,7.10%,248,6.40%,264,5.00%,254,6.40%,112,4.20%,79,4.90%,133,5.20%,108,5.30%,155,6.30%,196,7.00%,433,7.30%,314,5.60%,244,6.10%,167,5.60%,95,3.30%,188,5.60%,165,7.30%,354,6.30%,223,7.20%,143,6.30%,306,6.70%,285,5.60%,174,7.00%,154,5.70%,290,6.60%,148,6.40%,203,6.10%,332,7.00%,299,6.80%,269,5.60%,202,6.30%,447,6.10%,204,6.50%,242,6.20%,366,6.60%,151,9.00%,240,7.00%,284,5.80%,286,6.10%,274,6.90%,216,6.30%,215,5.30%,302,6.30%,141,4.30%,149,6.60%,71,5.30%,187,5.10%,239,5.80%,4,4.00%,112,5.20%,118,5.00%,237,6.80%,183,5.60%,158,3.20%,319,5.50%,351,4.80%,391,3.80%,231,4.40%,219,3.60%,16,1.20%,267,5.30%,153,3.50%,366,5.50%,239,6.90%,177,5.70%,289,5.80%,385,6.70%,157,5.40%,279,6.40%,134,5.10%,79,5.40%,227,6.20%,158,5.90%,165,6.50%,296,6.30%,494,6.70%,182,5.60%,255,6.60%,251,7.30%,322,6.80%,160,7.10%,236,7.30%,265,6.80%,248,6.40%,408,6.80%,300,6.20%,263,6.50%,240,6.50%,144,6.60%,296,6.90%,244,6.50%,190,7.30%,299,5.90%,134,6.00%,160,6.10%,202,4.10%,197,4.30%,337,6.50%,336,7.50%,371,7.20%,403,6.80%,375,6.30%,331,7.30%,230,6.30%,408,6.50%,156,4.40%,314,7.40%,348,7.10%,332,6.30%,58,5.30%,216,6.90%,201,7.70%,156,5.80%,243,7.00%,200,6.20%,210,7.30%,438,6.80%,299,6.50%,331,6.40%,292,6.80%,271,7.20%,223,6.40%,328,5.70%,406,6.80%,254,6.70%,274,7.30%,339,7.00%,287,6.40%,247,6.50%,263,5.60%,241,6.30%,131,7.40%,259,7.70%,205,6.10%,355,7.20%,348,6.50%,190,5.90%,147,6.50%,174,6.70%,278,6.40%,200,6.20%,148,6.80%,474,7.20%,346,6.50%,300,7.20%,178,6.20%,292,6.00%,196,6.20%,320,6.10%,206,6.50%,160,4.60%,247,4.50%,105,5.60%,145,5.90%,96,3.20%,206,4.70%,159,4.70%,221,4.60%,220,4.60%,178,4.50%,304,6.00%,136,4.20%,124,4.20%,463,6.50%,376,6.80%,355,6.70%,146,3.40%,425,6.30%,0,0.00%
        50 to 54 years,164,6.40%,236,6.20%,301,5.60%,232,5.90%,261,6.60%,248,5.70%,373,6.40%,198,5.50%,214,5.30%,284,4.20%,114,5.40%,312,5.80%,114,5.30%,80,6.30%,136,5.20%,217,5.60%,289,5.50%,195,4.90%,87,3.20%,79,4.90%,138,5.40%,75,3.70%,109,4.40%,153,5.50%,327,5.50%,307,5.40%,221,5.50%,161,5.40%,76,2.70%,212,6.30%,100,4.40%,362,6.40%,204,6.60%,157,6.90%,317,6.90%,331,6.50%,161,6.40%,152,5.60%,296,6.70%,152,6.60%,175,5.30%,298,6.30%,309,7.10%,279,5.80%,220,6.90%,412,5.60%,177,5.60%,251,6.40%,364,6.50%,130,7.70%,231,6.70%,335,6.90%,314,6.70%,293,7.40%,237,6.90%,251,6.20%,318,6.60%,175,5.30%,108,4.80%,82,6.20%,180,4.90%,270,6.50%,10,10.10%,111,5.20%,76,3.20%,205,5.80%,135,4.10%,101,2.00%,263,4.50%,296,4.00%,246,2.40%,175,3.30%,169,2.80%,21,1.60%,149,3.00%,127,2.90%,433,6.50%,205,5.90%,215,6.90%,274,5.50%,396,6.90%,217,7.40%,283,6.50%,177,6.80%,83,5.70%,235,6.40%,168,6.20%,149,5.90%,260,5.50%,501,6.80%,183,5.70%,236,6.10%,253,7.40%,317,6.70%,144,6.40%,225,7.00%,295,7.60%,270,7.00%,378,6.30%,324,6.70%,280,6.90%,265,7.20%,160,7.30%,266,6.20%,236,6.30%,185,7.10%,326,6.50%,128,5.70%,140,5.30%,154,3.10%,206,4.50%,305,5.90%,292,6.50%,383,7.40%,362,6.10%,419,7.10%,283,6.30%,251,6.90%,378,6.00%,210,5.90%,297,7.00%,320,6.60%,338,6.50%,67,6.10%,209,6.60%,187,7.20%,161,6.00%,216,6.20%,158,4.90%,191,6.60%,423,6.50%,302,6.60%,323,6.20%,284,6.60%,240,6.40%,162,4.60%,351,6.10%,365,6.10%,247,6.50%,269,7.10%,373,7.70%,294,6.50%,271,7.20%,296,6.30%,241,6.30%,123,6.90%,201,6.00%,201,6.00%,323,6.60%,399,7.40%,217,6.70%,166,7.30%,160,6.20%,253,5.80%,204,6.30%,135,6.20%,409,6.20%,295,5.50%,225,5.40%,186,6.50%,313,6.50%,137,4.30%,226,4.30%,157,5.00%,114,3.30%,175,3.20%,63,3.40%,106,4.30%,73,2.40%,198,4.50%,159,4.70%,186,3.90%,209,4.30%,127,3.20%,159,3.10%,107,3.30%,151,5.10%,465,6.60%,362,6.50%,443,8.40%,134,3.10%,452,6.70%,0,0.00%
        55 to 59 years,169,6.60%,254,6.60%,275,5.10%,214,5.40%,215,5.40%,212,4.90%,334,5.80%,185,5.10%,175,4.30%,281,4.10%,120,5.70%,307,5.70%,99,4.60%,69,5.40%,116,4.40%,220,5.70%,230,4.40%,186,4.70%,109,4.10%,97,6.00%,173,6.70%,72,3.50%,68,2.80%,127,4.50%,314,5.30%,338,6.00%,225,5.60%,141,4.70%,53,1.90%,186,5.50%,109,4.80%,358,6.30%,204,6.60%,141,6.20%,277,6.00%,287,5.60%,173,6.90%,146,5.40%,280,6.40%,128,5.50%,174,5.30%,310,6.60%,298,6.80%,293,6.10%,171,5.30%,431,5.90%,220,7.00%,269,6.90%,295,5.30%,118,7.00%,238,6.90%,367,7.60%,349,7.40%,264,6.70%,227,6.60%,230,5.70%,317,6.60%,109,3.30%,109,4.80%,61,4.60%,188,5.10%,233,5.60%,5,5.10%,105,4.90%,70,2.90%,165,4.70%,102,3.10%,75,1.50%,217,3.70%,242,3.30%,178,1.70%,149,2.80%,137,2.30%,23,1.80%,148,2.90%,136,3.10%,456,6.80%,221,6.40%,213,6.80%,301,6.00%,444,7.80%,215,7.40%,260,5.90%,186,7.10%,80,5.50%,244,6.60%,193,7.10%,132,5.20%,276,5.90%,468,6.30%,186,5.70%,263,6.80%,278,8.10%,349,7.40%,160,7.10%,261,8.10%,270,6.90%,298,7.70%,382,6.40%,316,6.50%,266,6.50%,225,6.10%,143,6.60%,271,6.40%,276,7.30%,174,6.70%,355,7.10%,107,4.80%,141,5.40%,134,2.70%,219,4.70%,397,7.60%,315,7.00%,397,7.70%,407,6.90%,409,6.90%,296,6.60%,245,6.70%,427,6.80%,233,6.50%,233,5.50%,339,6.90%,336,6.40%,69,6.30%,199,6.30%,205,7.90%,184,6.80%,232,6.70%,213,6.60%,210,7.30%,361,5.60%,284,6.20%,335,6.40%,247,5.70%,232,6.20%,159,4.60%,395,6.90%,317,5.30%,237,6.20%,231,6.10%,321,6.70%,290,6.40%,249,6.60%,261,5.60%,254,6.60%,110,6.20%,197,5.90%,210,6.20%,284,5.80%,384,7.20%,195,6.00%,162,7.10%,202,7.80%,274,6.30%,158,4.90%,130,5.90%,397,6.00%,278,5.20%,258,6.20%,187,6.60%,261,5.40%,125,3.90%,182,3.50%,139,4.40%,87,2.50%,121,2.20%,59,3.20%,102,4.20%,84,2.80%,219,5.00%,113,3.40%,186,3.90%,161,3.30%,113,2.90%,103,2.00%,106,3.30%,151,5.10%,443,6.30%,354,6.40%,442,8.30%,151,3.50%,345,5.10%,0,0.00%
        60 to 64 years,135,5.30%,219,5.70%,246,4.60%,189,4.80%,238,6.00%,211,4.90%,320,5.50%,171,4.70%,168,4.10%,310,4.60%,113,5.30%,286,5.40%,107,5.00%,68,5.40%,119,4.50%,158,4.10%,212,4.00%,164,4.10%,110,4.10%,89,5.50%,124,4.80%,59,2.90%,81,3.30%,86,3.10%,293,4.90%,321,5.70%,191,4.80%,152,5.10%,60,2.10%,146,4.30%,94,4.20%,356,6.30%,167,5.40%,127,5.60%,230,5.00%,242,4.70%,136,5.40%,139,5.20%,224,5.10%,125,5.40%,144,4.40%,274,5.80%,232,5.30%,267,5.50%,155,4.80%,465,6.40%,141,4.50%,245,6.30%,220,4.00%,79,4.70%,228,6.60%,329,6.80%,236,5.00%,270,6.80%,219,6.40%,268,6.60%,267,5.60%,111,3.40%,80,3.50%,77,5.80%,180,4.90%,215,5.20%,7,7.10%,86,4.00%,63,2.70%,174,5.00%,100,3.10%,53,1.10%,195,3.30%,200,2.70%,107,1.00%,119,2.30%,131,2.20%,22,1.70%,117,2.30%,106,2.40%,410,6.10%,189,5.40%,194,6.20%,247,4.90%,384,6.70%,232,8.00%,249,5.70%,169,6.50%,79,5.40%,186,5.00%,150,5.60%,131,5.20%,258,5.50%,505,6.80%,191,5.90%,269,7.00%,273,8.00%,321,6.80%,176,7.80%,233,7.20%,294,7.50%,256,6.70%,354,5.90%,264,5.50%,239,5.90%,198,5.40%,139,6.40%,252,5.90%,251,6.70%,157,6.10%,287,5.70%,117,5.20%,114,4.30%,142,2.90%,226,4.90%,271,5.20%,329,7.30%,359,7.00%,336,5.70%,351,5.90%,281,6.20%,233,6.40%,358,5.70%,217,6.10%,229,5.40%,311,6.40%,334,6.40%,79,7.20%,220,7.00%,211,8.10%,104,3.90%,203,5.90%,165,5.10%,161,5.60%,304,4.70%,270,5.90%,262,5.00%,260,6.00%,160,4.30%,110,3.10%,346,6.10%,236,4.00%,197,5.20%,210,5.60%,271,5.60%,235,5.20%,191,5.00%,235,5.00%,207,5.40%,82,4.60%,140,4.20%,138,4.10%,193,3.90%,306,5.70%,183,5.70%,158,7.00%,148,5.70%,205,4.70%,175,5.40%,126,5.70%,331,5.00%,173,3.20%,249,6.00%,164,5.80%,235,4.90%,97,3.10%,135,2.60%,112,3.50%,54,1.50%,100,1.80%,38,2.00%,91,3.70%,82,2.70%,178,4.10%,95,2.80%,146,3.10%,158,3.30%,102,2.60%,85,1.70%,76,2.30%,149,5.00%,454,6.40%,305,5.50%,395,7.40%,141,3.30%,314,4.60%,0,0.00%
        65 to 69 years,116,4.50%,167,4.40%,237,4.40%,164,4.20%,153,3.90%,174,4.00%,251,4.30%,123,3.40%,126,3.10%,409,6.00%,101,4.80%,241,4.50%,65,3.00%,69,5.40%,100,3.80%,130,3.40%,130,2.50%,136,3.40%,58,2.20%,72,4.40%,112,4.40%,50,2.50%,52,2.10%,58,2.10%,226,3.80%,241,4.30%,148,3.70%,130,4.40%,54,1.90%,95,2.80%,76,3.40%,235,4.20%,137,4.40%,82,3.60%,187,4.10%,187,3.70%,83,3.30%,112,4.20%,160,3.60%,97,4.20%,86,2.60%,196,4.20%,183,4.20%,194,4.00%,109,3.40%,341,4.70%,125,4.00%,203,5.20%,206,3.70%,80,4.80%,197,5.70%,278,5.70%,189,4.00%,228,5.80%,140,4.10%,194,4.80%,235,4.90%,74,2.30%,48,2.10%,83,6.20%,151,4.10%,130,3.10%,1,1.00%,72,3.40%,37,1.60%,110,3.10%,80,2.40%,42,0.80%,128,2.20%,200,2.70%,44,0.40%,49,0.90%,81,1.30%,3,0.20%,66,1.30%,79,1.80%,390,5.80%,177,5.10%,156,5.00%,225,4.50%,324,5.70%,207,7.10%,191,4.40%,122,4.70%,67,4.60%,162,4.40%,184,6.80%,111,4.40%,179,3.80%,336,4.50%,147,4.50%,196,5.10%,179,5.20%,254,5.40%,118,5.20%,214,6.60%,234,6.00%,164,4.30%,262,4.40%,197,4.10%,164,4.00%,152,4.10%,103,4.70%,202,4.70%,134,3.60%,89,3.40%,224,4.50%,82,3.70%,91,3.50%,95,1.90%,145,3.10%,247,4.70%,274,6.10%,276,5.40%,270,4.60%,265,4.50%,195,4.30%,177,4.80%,294,4.70%,273,7.70%,165,3.90%,187,3.80%,286,5.50%,64,5.80%,149,4.70%,174,6.70%,87,3.20%,166,4.80%,132,4.10%,145,5.00%,265,4.10%,164,3.60%,234,4.50%,213,4.90%,128,3.40%,76,2.20%,329,5.80%,202,3.40%,146,3.80%,129,3.40%,196,4.10%,207,4.60%,167,4.40%,195,4.20%,148,3.90%,52,2.90%,135,4.00%,144,4.30%,168,3.40%,176,3.30%,137,4.20%,128,5.60%,117,4.50%,146,3.30%,126,3.90%,85,3.90%,238,3.60%,103,1.90%,152,3.70%,154,5.40%,195,4.00%,70,2.20%,60,1.10%,100,3.20%,19,0.50%,60,1.10%,40,2.10%,79,3.20%,28,0.90%,128,2.90%,86,2.60%,138,2.90%,126,2.60%,118,3.00%,49,1.00%,82,2.50%,92,3.10%,352,5.00%,319,5.80%,309,5.80%,93,2.20%,295,4.40%,0,0.00%
        70 to 74 years,74,2.90%,127,3.30%,217,4.00%,89,2.30%,129,3.20%,121,2.80%,159,2.70%,112,3.10%,98,2.40%,333,4.90%,79,3.70%,137,2.60%,64,3.00%,34,2.70%,94,3.60%,95,2.50%,69,1.30%,85,2.10%,61,2.30%,40,2.50%,65,2.50%,40,2.00%,26,1.10%,48,1.70%,125,2.10%,226,4.00%,116,2.90%,113,3.80%,53,1.90%,57,1.70%,42,1.90%,188,3.30%,80,2.60%,48,2.10%,138,3.00%,151,3.00%,67,2.70%,101,3.70%,132,3.00%,85,3.70%,61,1.80%,131,2.80%,129,3.00%,156,3.20%,97,3.00%,297,4.10%,103,3.30%,157,4.00%,177,3.20%,51,3.00%,166,4.80%,245,5.00%,150,3.20%,179,4.50%,134,3.90%,182,4.50%,194,4.00%,52,1.60%,37,1.60%,62,4.70%,118,3.20%,87,2.10%,5,5.10%,75,3.50%,41,1.70%,84,2.40%,55,1.70%,20,0.40%,54,0.90%,209,2.80%,37,0.40%,39,0.70%,42,0.70%,3,0.20%,37,0.70%,71,1.60%,223,3.30%,132,3.80%,128,4.10%,156,3.10%,228,4.00%,222,7.60%,144,3.30%,73,2.80%,40,2.80%,142,3.90%,109,4.00%,71,2.80%,99,2.10%,312,4.20%,120,3.70%,153,4.00%,130,3.80%,161,3.40%,90,4.00%,169,5.20%,161,4.10%,103,2.70%,238,4.00%,141,2.90%,109,2.70%,152,4.10%,70,3.20%,137,3.20%,121,3.20%,62,2.40%,183,3.60%,68,3.00%,67,2.60%,73,1.50%,114,2.50%,173,3.30%,188,4.20%,239,4.60%,191,3.20%,224,3.80%,128,2.80%,133,3.60%,220,3.50%,284,8.00%,104,2.50%,147,3.00%,223,4.30%,59,5.40%,112,3.60%,168,6.40%,67,2.50%,118,3.40%,78,2.40%,97,3.40%,181,2.80%,114,2.50%,155,3.00%,128,3.00%,91,2.40%,33,0.90%,261,4.60%,126,2.10%,97,2.60%,113,3.00%,120,2.50%,161,3.60%,124,3.30%,147,3.10%,115,3.00%,40,2.30%,62,1.90%,133,4.00%,104,2.10%,149,2.80%,78,2.40%,87,3.80%,65,2.50%,106,2.40%,75,2.30%,72,3.30%,183,2.80%,93,1.70%,139,3.30%,68,2.40%,159,3.30%,28,0.90%,45,0.90%,105,3.30%,16,0.50%,40,0.70%,29,1.60%,42,1.70%,18,0.60%,97,2.20%,52,1.50%,94,2.00%,96,2.00%,107,2.70%,43,0.80%,74,2.30%,69,2.30%,284,4.00%,277,5.00%,258,4.90%,51,1.20%,223,3.30%,0,0.00%
        75 to 79 years,34,1.30%,73,1.90%,150,2.80%,62,1.60%,84,2.10%,74,1.70%,110,1.90%,52,1.40%,64,1.60%,200,3.00%,49,2.30%,77,1.40%,47,2.20%,22,1.70%,45,1.70%,70,1.80%,66,1.30%,55,1.40%,22,0.80%,29,1.80%,50,2.00%,25,1.20%,19,0.80%,31,1.10%,78,1.30%,135,2.40%,80,2.00%,84,2.80%,37,1.30%,55,1.60%,20,0.90%,125,2.20%,43,1.40%,49,2.10%,86,1.90%,83,1.60%,23,0.90%,64,2.40%,73,1.70%,38,1.60%,28,0.80%,96,2.00%,82,1.90%,138,2.90%,77,2.40%,171,2.30%,67,2.10%,81,2.10%,143,2.60%,27,1.60%,109,3.20%,102,2.10%,97,2.10%,99,2.50%,67,1.90%,141,3.50%,141,2.90%,21,0.60%,24,1.10%,35,2.60%,72,2.00%,49,1.20%,1,1.00%,72,3.40%,34,1.40%,57,1.60%,50,1.50%,12,0.20%,34,0.60%,145,2.00%,17,0.20%,11,0.20%,21,0.30%,4,0.30%,21,0.40%,49,1.10%,144,2.20%,72,2.10%,78,2.50%,120,2.40%,165,2.90%,140,4.80%,98,2.20%,53,2.00%,36,2.50%,81,2.20%,72,2.70%,43,1.70%,93,2.00%,168,2.30%,56,1.70%,86,2.20%,76,2.20%,74,1.60%,64,2.80%,105,3.30%,96,2.50%,78,2.00%,149,2.50%,101,2.10%,100,2.50%,71,1.90%,36,1.70%,90,2.10%,73,1.90%,39,1.50%,103,2.00%,29,1.30%,44,1.70%,52,1.10%,44,1.00%,136,2.60%,95,2.10%,165,3.20%,148,2.50%,139,2.30%,105,2.30%,93,2.50%,174,2.80%,267,7.50%,64,1.50%,122,2.50%,126,2.40%,50,4.60%,67,2.10%,104,4.00%,31,1.10%,90,2.60%,59,1.80%,72,2.50%,126,1.90%,74,1.60%,122,2.30%,84,1.90%,65,1.70%,22,0.60%,275,4.80%,81,1.40%,66,1.70%,70,1.90%,87,1.80%,130,2.90%,106,2.80%,93,2.00%,92,2.40%,34,1.90%,55,1.60%,92,2.70%,79,1.60%,108,2.00%,56,1.70%,59,2.60%,63,2.40%,59,1.40%,52,1.60%,31,1.40%,118,1.80%,39,0.70%,101,2.40%,68,2.40%,118,2.40%,33,1.00%,29,0.60%,57,1.80%,19,0.50%,33,0.60%,22,1.20%,24,1.00%,11,0.40%,50,1.10%,40,1.20%,80,1.70%,61,1.30%,83,2.10%,11,0.20%,72,2.20%,78,2.60%,185,2.60%,177,3.20%,178,3.40%,40,0.90%,165,2.40%,0,0.00%
        80 to 84 years,42,1.60%,44,1.10%,103,1.90%,41,1.00%,26,0.70%,46,1.10%,44,0.80%,51,1.40%,28,0.70%,120,1.80%,15,0.70%,60,1.10%,24,1.10%,18,1.40%,45,1.70%,28,0.70%,31,0.60%,36,0.90%,23,0.90%,28,1.70%,33,1.30%,27,1.30%,11,0.40%,11,0.40%,36,0.60%,115,2.00%,46,1.20%,58,2.00%,30,1.10%,27,0.80%,20,0.90%,63,1.10%,36,1.20%,22,1.00%,68,1.50%,45,0.90%,18,0.70%,39,1.40%,55,1.30%,23,1.00%,13,0.40%,51,1.10%,68,1.60%,66,1.40%,47,1.50%,100,1.40%,50,1.60%,41,1.10%,127,2.30%,9,0.50%,52,1.50%,87,1.80%,73,1.60%,52,1.30%,25,0.70%,90,2.20%,86,1.80%,16,0.50%,21,0.90%,15,1.10%,57,1.60%,28,0.70%,0,0.00%,57,2.70%,4,0.20%,35,1.00%,46,1.40%,2,0.00%,9,0.20%,125,1.70%,8,0.10%,12,0.20%,18,0.30%,0,0.00%,16,0.30%,52,1.20%,86,1.30%,42,1.20%,44,1.40%,61,1.20%,101,1.80%,123,4.20%,71,1.60%,31,1.20%,28,1.90%,52,1.40%,38,1.40%,23,0.90%,41,0.90%,99,1.30%,34,1.10%,58,1.50%,52,1.50%,62,1.30%,57,2.50%,51,1.60%,74,1.90%,48,1.20%,118,2.00%,75,1.60%,62,1.50%,41,1.10%,27,1.20%,55,1.30%,44,1.20%,41,1.60%,67,1.30%,21,0.90%,25,1.00%,21,0.40%,63,1.40%,107,2.10%,87,1.90%,164,3.20%,102,1.70%,81,1.40%,61,1.40%,71,1.90%,119,1.90%,185,5.20%,50,1.20%,68,1.40%,115,2.20%,46,4.20%,56,1.80%,63,2.40%,41,1.50%,81,2.30%,44,1.40%,74,2.60%,90,1.40%,58,1.30%,115,2.20%,60,1.40%,50,1.30%,9,0.30%,235,4.10%,75,1.30%,41,1.10%,38,1.00%,60,1.20%,84,1.90%,95,2.50%,100,2.10%,56,1.50%,19,1.10%,39,1.20%,99,2.90%,89,1.80%,66,1.20%,47,1.50%,39,1.70%,59,2.30%,50,1.10%,30,0.90%,33,1.50%,80,1.20%,24,0.40%,74,1.80%,47,1.60%,64,1.30%,10,0.30%,17,0.30%,35,1.10%,3,0.10%,22,0.40%,14,0.80%,14,0.60%,8,0.30%,43,1.00%,35,1.00%,42,0.90%,39,0.80%,70,1.80%,12,0.20%,40,1.20%,33,1.10%,141,2.00%,129,2.30%,144,2.70%,21,0.50%,164,2.40%,0,0.00%
        85 years and over,19,0.70%,41,1.10%,76,1.40%,35,0.90%,18,0.50%,38,0.90%,59,1.00%,31,0.90%,27,0.70%,100,1.50%,25,1.20%,48,0.90%,16,0.70%,11,0.90%,51,1.90%,30,0.80%,47,0.90%,19,0.50%,15,0.60%,12,0.70%,15,0.60%,20,1.00%,15,0.60%,17,0.60%,27,0.50%,100,1.80%,40,1.00%,41,1.40%,6,0.20%,19,0.60%,25,1.10%,39,0.70%,22,0.70%,23,1.00%,32,0.70%,28,0.50%,20,0.80%,36,1.30%,44,1.00%,19,0.80%,13,0.40%,35,0.70%,30,0.70%,52,1.10%,35,1.10%,71,1.00%,25,0.80%,25,0.60%,45,0.80%,5,0.30%,50,1.50%,86,1.80%,53,1.10%,63,1.60%,30,0.90%,117,2.90%,68,1.40%,16,0.50%,15,0.70%,12,0.90%,46,1.30%,20,0.50%,2,2.00%,29,1.40%,14,0.60%,60,1.70%,79,2.40%,3,0.10%,8,0.10%,90,1.20%,12,0.10%,6,0.10%,9,0.10%,1,0.10%,6,0.10%,51,1.20%,91,1.40%,53,1.50%,33,1.10%,73,1.50%,93,1.60%,104,3.60%,77,1.80%,41,1.60%,30,2.10%,33,0.90%,50,1.90%,27,1.10%,55,1.20%,101,1.40%,44,1.40%,79,2.00%,55,1.60%,69,1.50%,59,2.60%,67,2.10%,68,1.70%,60,1.60%,102,1.70%,55,1.10%,81,2.00%,20,0.50%,35,1.60%,35,0.80%,81,2.20%,30,1.20%,40,0.80%,22,1.00%,39,1.50%,43,0.90%,39,0.80%,106,2.00%,158,3.50%,177,3.40%,83,1.40%,102,1.70%,86,1.90%,49,1.30%,105,1.70%,167,4.70%,36,0.90%,51,1.00%,86,1.60%,105,9.60%,26,0.80%,64,2.50%,34,1.30%,80,2.30%,41,1.30%,59,2.00%,94,1.50%,74,1.60%,98,1.90%,89,2.10%,54,1.40%,7,0.20%,277,4.90%,55,0.90%,56,1.50%,48,1.30%,37,0.80%,100,2.20%,69,1.80%,115,2.50%,53,1.40%,20,1.10%,40,1.20%,95,2.80%,107,2.20%,69,1.30%,30,0.90%,34,1.50%,35,1.30%,31,0.70%,40,1.20%,16,0.70%,73,1.10%,22,0.40%,69,1.70%,57,2.00%,79,1.60%,13,0.40%,10,0.20%,43,1.40%,7,0.20%,15,0.30%,8,0.40%,13,0.50%,9,0.30%,21,0.50%,42,1.20%,47,1.00%,20,0.40%,87,2.20%,6,0.10%,49,1.50%,42,1.40%,122,1.70%,126,2.30%,170,3.20%,29,0.70%,145,2.10%,0,0.00%
        Selected Age Categories,,,,,,,,,,,,,,,,,,,,,,,,,,,,,,,,,,,,,,,,,,,,,,,,,,,,,,,,,,,,,,,,,,,,,,,,,,,,,,,,,,,,,,,,,,,,,,,,,,,,,,,,,,,,,,,,,,,,,,,,,,,,,,,,,,,,,,,,,,,,,,,,,,,,,,,,,,,,,,,,,,,,,,,,,,,,,,,,,,,,,,,,,,,,,,,,,,,,,,,,,,,,,,,,,,,,,,,,,,,,,,,,,,,,,,,,,,,,,,,,,,,,,,,,,,,,,,,,,,,,,,,,,,,,,,,,,,,,,,,,,,,,,,,,,,,,,,,,,,,,,,,,,,,,,,,,,,,,,,,,,,,,,,,,,,,,,,,,,,,,,,,,,,,,,,,,,,,,,,,,,,,,,,
            16 years and over,"2,036",79.70%,"3,160",82.40%,"4,399",81.60%,"3,297",83.50%,"3,229",81.30%,"3,498",81.00%,"4,690",81.00%,"2,960",82.00%,"3,471",85.20%,"5,675",83.70%,"1,687",79.70%,"4,473",83.70%,"1,769",82.20%,"1,070",84.40%,"2,293",87.40%,"3,217",83.20%,"4,147",79.20%,"3,053",77.00%,"2,448",91.20%,"1,409",86.60%,"2,158",84.20%,"1,803",88.60%,"2,144",86.80%,"2,360",84.10%,"4,637",77.90%,"4,799",85.00%,"3,397",85.10%,"2,462",82.80%,"2,492",87.60%,"2,640",78.50%,"1,921",85.10%,"4,452",78.90%,"2,516",81.40%,"1,842",80.60%,"3,669",79.90%,"3,925",77.00%,"2,053",82.00%,"2,055",76.20%,"3,491",79.40%,"1,850",80.10%,"2,734",82.70%,"3,786",80.30%,"3,430",78.50%,"3,770",78.30%,"2,478",77.40%,"5,948",81.40%,"2,381",75.80%,"3,063",78.60%,"4,197",75.40%,"1,349",80.20%,"2,854",82.90%,"4,082",84.00%,"3,678",78.10%,"3,208",81.10%,"2,666",77.60%,"3,219",79.50%,"3,834",80.00%,"2,868",87.50%,"1,866",82.20%,"1,081",81.30%,"2,733",74.50%,"3,102",74.90%,72,72.70%,"1,838",85.80%,"2,093",88.20%,"3,074",87.60%,"2,728",83.50%,"4,394",88.80%,"4,858",83.30%,"6,273",85.20%,"9,172",88.70%,"4,510",86.20%,"5,395",88.70%,"1,215",94.30%,"4,307",85.80%,"3,790",87.30%,"5,355",80.00%,"2,741",78.80%,"2,506",80.00%,"4,076",81.40%,"4,723",82.70%,"2,519",86.40%,"3,462",79.20%,"2,107",80.90%,"1,130",77.90%,"2,926",79.30%,"2,251",83.40%,"1,951",76.70%,"3,597",76.30%,"5,961",80.60%,"2,551",78.80%,"3,142",81.30%,"2,821",82.30%,"3,730",78.60%,"1,887",83.90%,"2,677",82.90%,"3,269",83.80%,"3,113",80.90%,"5,205",86.60%,"3,923",81.20%,"3,291",81.00%,"2,890",78.90%,"1,742",80.00%,"3,436",80.60%,"3,113",82.70%,"2,117",81.60%,"4,096",81.50%,"1,802",80.70%,"2,133",81.30%,"4,431",89.60%,"4,000",86.60%,"4,323",83.00%,"4,004",89.00%,"4,472",86.90%,"4,885",82.30%,"4,852",81.70%,"3,654",80.90%,"2,938",80.30%,"5,158",81.70%,"3,061",85.90%,"3,452",81.60%,"3,953",81.00%,"4,413",84.30%,949,86.70%,"2,591",82.30%,"2,287",87.60%,"2,099",77.70%,"2,922",84.40%,"2,562",79.00%,"2,488",86.40%,"5,377",83.10%,"3,688",80.70%,"4,237",81.40%,"3,508",81.30%,"2,998",79.90%,"2,990",85.60%,"4,888",85.60%,"4,642",77.80%,"3,060",80.70%,"2,979",79.00%,"3,816",79.30%,"3,697",82.10%,"3,125",82.60%,"3,857",82.40%,"3,060",80.10%,"1,376",77.60%,"2,632",78.60%,"2,725",81.00%,"3,856",78.40%,"4,266",79.60%,"2,541",78.70%,"1,934",85.10%,"2,061",79.40%,"3,360",77.00%,"2,484",77.20%,"1,785",81.40%,"5,290",80.40%,"4,594",85.70%,"3,514",84.60%,"2,388",83.80%,"4,149",85.80%,"2,562",80.60%,"4,231",80.90%,"2,627",83.20%,"2,828",81.20%,"4,661",85.60%,"1,564",84.00%,"2,105",86.20%,"2,800",93.10%,"3,908",89.20%,"2,969",88.10%,"4,022",84.40%,"3,970",82.30%,"3,538",89.60%,"4,177",81.80%,"2,912",89.30%,"2,651",89.50%,"5,839",82.50%,"4,631",83.60%,"4,593",86.60%,"3,457",81.20%,"5,365",79.30%,3,60.00%
            18 years and over,"1,972",77.20%,"3,084",80.40%,"4,294",79.70%,"3,241",82.10%,"3,142",79.10%,"3,410",79.00%,"4,590",79.30%,"2,883",79.90%,"3,406",83.60%,"5,619",82.90%,"1,653",78.00%,"4,370",81.80%,"1,747",81.10%,"1,034",81.50%,"2,256",86.00%,"3,130",80.90%,"4,022",76.80%,"2,992",75.50%,"2,428",90.50%,"1,388",85.30%,"2,126",82.90%,"1,791",88.00%,"2,127",86.10%,"2,331",83.10%,"4,488",75.40%,"4,719",83.60%,"3,335",83.60%,"2,409",81.00%,"2,472",86.90%,"2,574",76.50%,"1,898",84.10%,"4,337",76.90%,"2,450",79.30%,"1,784",78.10%,"3,579",77.90%,"3,828",75.10%,"1,988",79.40%,"1,972",73.10%,"3,367",76.60%,"1,805",78.20%,"2,667",80.70%,"3,663",77.70%,"3,340",76.40%,"3,647",75.70%,"2,374",74.20%,"5,804",79.40%,"2,299",73.20%,"2,959",75.90%,"4,045",72.60%,"1,332",79.10%,"2,764",80.30%,"3,948",81.30%,"3,569",75.80%,"3,117",78.80%,"2,583",75.20%,"3,142",77.60%,"3,717",77.60%,"2,842",86.80%,"1,844",81.20%,"1,061",79.80%,"2,602",70.90%,"2,955",71.30%,69,69.70%,"1,806",84.40%,"2,085",87.90%,"3,029",86.30%,"2,704",82.70%,"4,387",88.70%,"4,825",82.70%,"6,244",84.80%,"9,153",88.50%,"4,488",85.70%,"5,376",88.40%,"1,214",94.20%,"4,294",85.60%,"3,753",86.40%,"5,187",77.50%,"2,645",76.10%,"2,437",77.80%,"3,979",79.50%,"4,614",80.80%,"2,457",84.30%,"3,360",76.90%,"2,059",79.10%,"1,082",74.60%,"2,822",76.50%,"2,209",81.80%,"1,882",74.00%,"3,505",74.30%,"5,739",77.60%,"2,465",76.10%,"3,068",79.40%,"2,744",80.00%,"3,593",75.70%,"1,843",81.90%,"2,601",80.50%,"3,166",81.20%,"3,025",78.70%,"5,070",84.40%,"3,797",78.60%,"3,166",77.90%,"2,792",76.20%,"1,673",76.80%,"3,336",78.20%,"3,030",80.50%,"2,057",79.30%,"3,954",78.60%,"1,749",78.30%,"2,068",78.80%,"4,393",88.90%,"3,940",85.30%,"4,228",81.20%,"3,969",88.20%,"4,397",85.40%,"4,742",79.90%,"4,690",79.00%,"3,538",78.30%,"2,846",77.80%,"4,961",78.60%,"2,990",83.90%,"3,370",79.70%,"3,825",78.40%,"4,295",82.10%,926,84.60%,"2,488",79.00%,"2,267",86.80%,"2,022",74.90%,"2,829",81.70%,"2,475",76.30%,"2,467",85.70%,"5,247",81.10%,"3,557",77.90%,"4,090",78.60%,"3,388",78.50%,"2,883",76.80%,"2,982",85.30%,"4,781",83.70%,"4,492",75.30%,"2,954",77.90%,"2,875",76.20%,"3,702",76.90%,"3,594",79.80%,"3,047",80.50%,"3,768",80.50%,"2,968",77.70%,"1,323",74.60%,"2,555",76.30%,"2,650",78.80%,"3,735",75.90%,"4,105",76.60%,"2,452",75.90%,"1,897",83.50%,"1,989",76.60%,"3,197",73.30%,"2,386",74.10%,"1,737",79.20%,"5,120",77.80%,"4,543",84.80%,"3,433",82.60%,"2,312",81.20%,"4,074",84.30%,"2,541",79.90%,"4,204",80.40%,"2,591",82.10%,"2,803",80.50%,"4,635",85.10%,"1,548",83.10%,"2,085",85.40%,"2,755",91.70%,"3,865",88.20%,"2,937",87.20%,"3,975",83.40%,"3,888",80.60%,"3,520",89.10%,"4,154",81.30%,"2,886",88.50%,"2,635",88.90%,"5,688",80.30%,"4,531",81.80%,"4,475",84.40%,"3,424",80.50%,"5,198",76.90%,3,60.00%
            21 years and over,"1,897",74.30%,"2,950",76.90%,"4,113",76.30%,"3,113",78.90%,"3,045",76.60%,"3,255",75.40%,"4,398",76.00%,"2,799",77.60%,"3,299",81.00%,"5,488",81.00%,"1,607",75.90%,"4,213",78.80%,"1,688",78.40%,999,78.80%,"2,182",83.20%,"3,014",77.90%,"3,878",74.10%,"2,868",72.30%,"2,392",89.10%,"1,354",83.20%,"2,066",80.60%,"1,775",87.20%,"2,108",85.30%,"2,310",82.30%,"4,277",71.90%,"4,451",78.90%,"3,193",80.00%,"2,312",77.70%,"2,449",86.10%,"2,491",74.00%,"1,864",82.60%,"4,085",72.40%,"2,341",75.70%,"1,728",75.60%,"3,416",74.40%,"3,624",71.10%,"1,917",76.60%,"1,883",69.80%,"3,217",73.20%,"1,719",74.40%,"2,583",78.20%,"3,485",73.90%,"3,168",72.50%,"3,364",69.90%,"2,275",71.10%,"5,444",74.50%,"2,157",68.70%,"2,797",71.80%,"3,813",68.50%,"1,311",77.90%,"2,622",76.20%,"3,746",77.10%,"3,370",71.60%,"2,975",75.20%,"2,461",71.60%,"2,971",73.40%,"3,524",73.50%,"2,807",85.70%,"1,812",79.80%,"1,026",77.20%,"2,432",66.30%,"2,784",67.20%,67,67.70%,"1,756",82.00%,"2,063",86.90%,"2,981",84.90%,"2,662",81.40%,"4,372",88.40%,"4,795",82.20%,"6,205",84.30%,"9,078",87.80%,"4,471",85.40%,"5,346",87.90%,"1,202",93.30%,"4,257",84.80%,"3,699",85.20%,"4,984",74.40%,"2,502",72.00%,"2,313",73.90%,"3,816",76.20%,"4,428",77.50%,"2,364",81.10%,"3,199",73.20%,"1,938",74.50%,"1,006",69.30%,"2,686",72.80%,"2,140",79.30%,"1,794",70.50%,"3,319",70.40%,"5,450",73.70%,"2,359",72.90%,"2,927",75.80%,"2,606",76.00%,"3,423",72.10%,"1,772",78.80%,"2,497",77.30%,"2,978",76.40%,"2,883",75.00%,"4,836",80.50%,"3,614",74.80%,"3,017",74.30%,"2,627",71.70%,"1,572",72.20%,"3,185",74.70%,"2,884",76.60%,"1,941",74.80%,"3,776",75.10%,"1,676",75.00%,"1,972",75.20%,"4,329",87.60%,"3,844",83.20%,"4,019",77.20%,"3,932",87.40%,"4,193",81.40%,"4,537",76.50%,"4,435",74.70%,"3,334",73.80%,"2,726",74.50%,"4,637",73.50%,"2,865",80.40%,"3,204",75.80%,"3,628",74.30%,"4,107",78.50%,894,81.60%,"2,370",75.20%,"2,244",85.90%,"1,908",70.70%,"2,718",78.50%,"2,352",72.50%,"2,443",84.80%,"5,022",77.70%,"3,403",74.50%,"3,874",74.50%,"3,242",75.10%,"2,732",72.80%,"2,955",84.60%,"4,603",80.60%,"4,248",71.20%,"2,808",74.00%,"2,692",71.30%,"3,520",73.10%,"3,445",76.50%,"2,895",76.50%,"3,618",77.30%,"2,797",73.20%,"1,275",71.90%,"2,422",72.30%,"2,498",74.30%,"3,496",71.10%,"3,888",72.60%,"2,339",72.40%,"1,838",80.90%,"1,880",72.40%,"2,991",68.60%,"2,226",69.20%,"1,648",75.20%,"4,886",74.30%,"4,474",83.50%,"3,327",80.10%,"2,236",78.50%,"3,955",81.80%,"2,506",78.80%,"4,121",78.80%,"2,532",80.20%,"2,775",79.60%,"4,498",82.60%,"1,524",81.80%,"2,023",82.90%,"2,209",73.50%,"3,778",86.20%,"2,865",85.00%,"3,911",82.10%,"3,751",77.80%,"3,488",88.30%,"4,129",80.80%,"2,860",87.70%,"2,574",86.90%,"5,457",77.10%,"4,393",79.30%,"4,286",80.80%,"3,378",79.40%,"4,912",72.60%,3,60.00%
            62 years and over,355,13.90%,571,14.90%,916,17.00%,488,12.40%,534,13.40%,577,13.40%,801,13.80%,469,13.00%,437,10.70%,"1,357",20.00%,343,16.20%,717,13.40%,272,12.60%,196,15.50%,401,15.30%,443,11.50%,477,9.10%,420,10.60%,233,8.70%,237,14.60%,354,13.80%,196,9.60%,174,7.00%,209,7.40%,664,11.20%,992,17.60%,534,13.40%,496,16.70%,212,7.40%,341,10.10%,239,10.60%,844,15.00%,412,13.30%,279,12.20%,644,14.00%,636,12.50%,280,11.20%,434,16.10%,575,13.10%,333,14.40%,282,8.50%,659,14.00%,630,14.40%,755,15.70%,464,14.50%,"1,228",16.80%,446,14.20%,629,16.10%,819,14.70%,217,12.90%,690,20.00%,990,20.40%,675,14.30%,798,20.20%,504,14.70%,895,22.10%,875,18.30%,239,7.30%,188,8.30%,253,19.00%,538,14.70%,447,10.80%,11,11.10%,344,16.10%,163,6.90%,433,12.30%,379,11.60%,112,2.30%,335,5.70%,879,11.90%,178,1.70%,177,3.40%,246,4.00%,22,1.70%,219,4.40%,376,8.70%,"1,170",17.50%,587,16.90%,551,17.60%,771,15.40%,"1,132",19.80%,925,31.70%,743,17.00%,425,16.30%,254,17.50%,572,15.50%,542,20.10%,363,14.30%,609,12.90%,"1,289",17.40%,514,15.90%,726,18.80%,661,19.30%,824,17.40%,490,21.80%,743,23.00%,787,20.20%,579,15.10%,"1,076",17.90%,733,15.20%,646,15.90%,564,15.40%,360,16.50%,666,15.60%,602,16.00%,339,13.10%,778,15.50%,284,12.70%,330,12.60%,361,7.30%,538,11.60%,926,17.80%,984,21.90%,"1,231",23.90%,991,16.70%,"1,023",17.20%,738,16.30%,656,17.90%,"1,117",17.70%,"1,300",36.50%,546,12.90%,766,15.70%,"1,023",19.50%,358,32.70%,526,16.70%,696,26.70%,318,11.80%,644,18.60%,436,13.40%,544,18.90%,917,14.20%,637,13.90%,893,17.20%,730,16.90%,489,13.00%,212,6.10%,"1,571",27.50%,678,11.40%,493,13.00%,518,13.70%,642,13.30%,819,18.20%,669,17.70%,795,17.00%,583,15.30%,213,12.00%,410,12.20%,623,18.50%,664,13.50%,746,13.90%,465,14.40%,443,19.50%,432,16.60%,498,11.40%,419,13.00%,302,13.80%,883,13.40%,373,7.00%,670,16.10%,479,16.80%,759,15.70%,219,6.90%,235,4.50%,405,12.80%,89,2.60%,219,4.00%,138,7.40%,225,9.20%,122,4.10%,443,10.10%,298,8.80%,475,10.00%,433,9.00%,532,13.50%,173,3.40%,368,11.30%,391,13.20%,"1,342",19.00%,"1,221",22.00%,"1,281",24.20%,307,7.20%,"1,176",17.40%,0,0.00%
            65 years and over,285,11.20%,452,11.80%,783,14.50%,391,9.90%,410,10.30%,453,10.50%,623,10.80%,369,10.20%,343,8.40%,"1,162",17.10%,269,12.70%,563,10.50%,216,10.00%,154,12.10%,335,12.80%,353,9.10%,343,6.50%,331,8.30%,179,6.70%,181,11.10%,275,10.70%,162,8.00%,123,5.00%,165,5.90%,492,8.30%,817,14.50%,430,10.80%,426,14.30%,180,6.30%,253,7.50%,183,8.10%,650,11.50%,318,10.30%,224,9.80%,511,11.10%,494,9.70%,211,8.40%,352,13.10%,464,10.60%,262,11.30%,201,6.10%,509,10.80%,492,11.30%,606,12.60%,365,11.40%,980,13.40%,370,11.80%,507,13.00%,698,12.50%,172,10.20%,574,16.70%,798,16.40%,562,11.90%,621,15.70%,396,11.50%,724,17.90%,724,15.10%,179,5.50%,145,6.40%,207,15.60%,444,12.10%,314,7.60%,9,9.10%,305,14.20%,130,5.50%,346,9.90%,310,9.50%,79,1.60%,233,4.00%,769,10.40%,118,1.10%,117,2.20%,171,2.80%,11,0.90%,146,2.90%,302,7.00%,934,14.00%,476,13.70%,439,14.00%,635,12.70%,911,15.90%,796,27.30%,581,13.30%,320,12.30%,201,13.90%,470,12.70%,453,16.80%,275,10.80%,467,9.90%,"1,016",13.70%,401,12.40%,572,14.80%,492,14.30%,620,13.10%,388,17.20%,606,18.80%,633,16.20%,453,11.80%,869,14.50%,569,11.80%,516,12.70%,436,11.90%,271,12.40%,519,12.20%,453,12.00%,261,10.10%,617,12.30%,222,9.90%,266,10.10%,284,5.70%,405,8.80%,769,14.80%,802,17.80%,"1,021",19.80%,794,13.40%,811,13.70%,575,12.70%,523,14.30%,912,14.40%,"1,176",33.00%,419,9.90%,575,11.80%,836,16.00%,324,29.60%,410,13.00%,573,21.90%,260,9.60%,535,15.50%,354,10.90%,447,15.50%,756,11.70%,484,10.60%,724,13.90%,574,13.30%,388,10.30%,147,4.20%,"1,377",24.10%,539,9.00%,406,10.70%,398,10.50%,500,10.40%,682,15.10%,561,14.80%,650,13.90%,464,12.10%,165,9.30%,331,9.90%,563,16.70%,547,11.10%,568,10.60%,348,10.80%,347,15.30%,339,13.10%,392,9.00%,323,10.00%,237,10.80%,692,10.50%,281,5.20%,535,12.90%,394,13.80%,615,12.70%,154,4.80%,161,3.10%,340,10.80%,64,1.80%,170,3.10%,113,6.10%,172,7.00%,74,2.50%,339,7.70%,255,7.60%,401,8.40%,342,7.10%,465,11.80%,121,2.40%,317,9.70%,314,10.60%,"1,084",15.30%,"1,028",18.50%,"1,059",20.00%,234,5.50%,992,14.70%,0,0.00%
    Male population,"1,284",100.00%,"1,902",100.00%,"2,703",100.00%,"2,021",100.00%,"2,003",100.00%,"2,182",100.00%,"2,890",100.00%,"1,808",100.00%,"2,194",100.00%,"3,511",100.00%,"1,090",100.00%,"2,705",100.00%,"1,191",100.00%,638,100.00%,"1,353",100.00%,"2,001",100.00%,"2,739",100.00%,"2,007",100.00%,"1,468",100.00%,891,100.00%,"1,333",100.00%,"1,048",100.00%,"1,265",100.00%,"1,455",100.00%,"2,986",100.00%,"2,757",100.00%,"2,065",100.00%,"1,505",100.00%,"1,439",100.00%,"1,800",100.00%,"1,130",100.00%,"2,719",100.00%,"1,507",100.00%,"1,116",100.00%,"2,279",100.00%,"2,379",100.00%,"1,183",100.00%,"1,164",100.00%,"2,024",100.00%,"1,124",100.00%,"1,618",100.00%,"2,333",100.00%,"2,089",100.00%,"2,209",100.00%,"1,464",100.00%,"3,379",100.00%,"1,383",100.00%,"1,852",100.00%,"2,568",100.00%,826,100.00%,"1,619",100.00%,"2,284",100.00%,"2,233",100.00%,"1,905",100.00%,"1,607",100.00%,"1,910",100.00%,"2,297",100.00%,"1,672",100.00%,"1,053",100.00%,698,100.00%,"1,578",100.00%,"1,901",100.00%,51,100.00%,"1,051",100.00%,"1,254",100.00%,"1,923",100.00%,"1,678",100.00%,"2,512",100.00%,"3,022",100.00%,"3,647",100.00%,"5,302",100.00%,"2,775",100.00%,"3,023",100.00%,672,100.00%,"2,545",100.00%,"2,217",100.00%,"3,243",100.00%,"1,673",100.00%,"1,496",100.00%,"2,406",100.00%,"2,744",100.00%,"1,333",100.00%,"2,103",100.00%,"1,253",100.00%,693,100.00%,"1,831",100.00%,"1,392",100.00%,"1,268",100.00%,"2,316",100.00%,"3,597",100.00%,"1,560",100.00%,"1,828",100.00%,"1,633",100.00%,"2,277",100.00%,"1,080",100.00%,"1,573",100.00%,"1,882",100.00%,"1,895",100.00%,"3,329",100.00%,"2,375",100.00%,"2,051",100.00%,"1,821",100.00%,"1,057",100.00%,"2,135",100.00%,"1,874",100.00%,"1,299",100.00%,"2,477",100.00%,"1,181",100.00%,"1,409",100.00%,"2,604",100.00%,"2,413",100.00%,"2,622",100.00%,"2,068",100.00%,"2,489",100.00%,"2,960",100.00%,"2,999",100.00%,"2,202",100.00%,"1,790",100.00%,"3,063",100.00%,"1,485",100.00%,"2,112",100.00%,"2,394",100.00%,"2,512",100.00%,508,100.00%,"1,508",100.00%,"1,229",100.00%,"1,325",100.00%,"1,654",100.00%,"1,631",100.00%,"1,407",100.00%,"3,190",100.00%,"2,301",100.00%,"2,578",100.00%,"2,063",100.00%,"1,953",100.00%,"1,785",100.00%,"2,603",100.00%,"3,069",100.00%,"1,907",100.00%,"1,887",100.00%,"2,460",100.00%,"2,178",100.00%,"1,918",100.00%,"2,333",100.00%,"1,840",100.00%,901,100.00%,"1,732",100.00%,"1,673",100.00%,"2,367",100.00%,"2,558",100.00%,"1,603",100.00%,"1,120",100.00%,"1,239",100.00%,"2,093",100.00%,"1,555",100.00%,"1,092",100.00%,"3,199",100.00%,"2,685",100.00%,"1,980",100.00%,"1,398",100.00%,"2,307",100.00%,"1,624",100.00%,"2,581",100.00%,"1,485",100.00%,"1,687",100.00%,"2,770",100.00%,920,100.00%,"1,204",100.00%,"1,822",100.00%,"2,071",100.00%,"1,682",100.00%,"2,426",100.00%,"2,331",100.00%,"1,934",100.00%,"2,632",100.00%,"1,652",100.00%,"1,510",100.00%,"3,360",100.00%,"2,648",100.00%,"2,643",100.00%,"2,165",100.00%,"3,324",100.00%,4,100.00%
        Under 5 years,94,7.30%,117,6.20%,137,5.10%,111,5.50%,124,6.20%,146,6.70%,173,6.00%,104,5.80%,134,6.10%,240,6.80%,83,7.60%,147,5.40%,92,7.70%,33,5.20%,47,3.50%,100,5.00%,186,6.80%,158,7.90%,46,3.10%,50,5.60%,82,6.20%,62,5.90%,83,6.60%,129,8.90%,188,6.30%,161,5.80%,124,6.00%,95,6.30%,105,7.30%,135,7.50%,82,7.30%,185,6.80%,83,5.50%,78,7.00%,156,6.80%,152,6.40%,88,7.40%,94,8.10%,131,6.50%,82,7.30%,85,5.30%,151,6.50%,137,6.60%,143,6.50%,86,5.90%,251,7.40%,101,7.30%,125,6.70%,212,8.30%,73,8.80%,91,5.60%,120,5.30%,182,8.20%,125,6.60%,119,7.40%,115,6.00%,145,6.30%,111,6.60%,85,8.10%,40,5.70%,147,9.30%,135,7.10%,6,11.80%,59,5.60%,100,8.00%,82,4.30%,146,8.70%,178,7.10%,290,9.60%,304,8.30%,381,7.20%,227,8.20%,209,6.90%,22,3.30%,215,8.40%,148,6.70%,210,6.50%,126,7.50%,80,5.30%,172,7.10%,146,5.30%,70,5.30%,142,6.80%,85,6.80%,48,6.90%,116,6.30%,68,4.90%,117,9.20%,179,7.70%,224,6.20%,92,5.90%,87,4.80%,91,5.60%,139,6.10%,44,4.10%,70,4.50%,76,4.00%,118,6.20%,115,3.50%,138,5.80%,129,6.30%,102,5.60%,65,6.10%,138,6.50%,103,5.50%,79,6.10%,130,5.20%,82,6.90%,64,4.50%,148,5.70%,134,5.60%,127,4.80%,152,7.40%,102,4.10%,171,5.80%,186,6.20%,122,5.50%,90,5.00%,165,5.40%,69,4.60%,125,5.90%,123,5.10%,126,5.00%,23,4.50%,78,5.20%,84,6.80%,96,7.20%,100,6.00%,113,6.90%,94,6.70%,152,4.80%,132,5.70%,136,5.30%,138,6.70%,117,6.00%,172,9.60%,119,4.60%,205,6.70%,103,5.40%,96,5.10%,146,5.90%,121,5.60%,100,5.20%,149,6.40%,108,5.90%,59,6.50%,99,5.70%,99,5.90%,147,6.20%,166,6.50%,119,7.40%,45,4.00%,80,6.50%,130,6.20%,126,8.10%,71,6.50%,157,4.90%,208,7.70%,107,5.40%,91,6.50%,114,4.90%,194,11.90%,323,12.50%,95,6.40%,215,12.70%,215,7.80%,67,7.30%,66,5.50%,52,2.90%,100,4.80%,89,5.30%,192,7.90%,143,6.10%,91,4.70%,256,9.70%,103,6.20%,86,5.70%,183,5.40%,169,6.40%,101,3.80%,241,11.10%,205,6.20%,1,25.00%
        5 to 9 years,87,6.80%,97,5.10%,185,6.80%,100,4.90%,141,7.00%,130,6.00%,201,7.00%,97,5.40%,72,3.30%,200,5.70%,86,7.90%,129,4.80%,63,5.30%,43,6.70%,45,3.30%,113,5.60%,203,7.40%,160,8.00%,41,2.80%,38,4.30%,64,4.80%,29,2.80%,52,4.10%,61,4.20%,243,8.10%,126,4.60%,97,4.70%,65,4.30%,46,3.20%,109,6.10%,60,5.30%,179,6.60%,77,5.10%,74,6.60%,166,7.30%,191,8.00%,59,5.00%,98,8.40%,128,6.30%,68,6.00%,83,5.10%,163,7.00%,155,7.40%,152,6.90%,146,10.00%,230,6.80%,136,9.80%,149,8.00%,253,9.90%,54,6.50%,74,4.60%,118,5.20%,161,7.20%,112,5.90%,110,6.80%,168,8.80%,156,6.80%,40,2.40%,76,7.20%,42,6.00%,119,7.50%,170,8.90%,5,9.80%,41,3.90%,24,1.90%,69,3.60%,82,4.90%,87,3.50%,132,4.40%,165,4.50%,126,2.40%,105,3.80%,94,3.10%,8,1.20%,82,3.20%,76,3.40%,193,6.00%,119,7.10%,95,6.40%,137,5.70%,139,5.10%,69,5.20%,165,7.80%,73,5.80%,63,9.10%,130,7.10%,81,5.80%,91,7.20%,190,8.20%,230,6.40%,134,8.60%,106,5.80%,94,5.80%,181,7.90%,53,4.90%,77,4.90%,85,4.50%,130,6.90%,124,3.70%,137,5.80%,136,6.60%,122,6.70%,85,8.00%,119,5.60%,95,5.10%,68,5.20%,148,6.00%,64,5.40%,91,6.50%,61,2.30%,95,3.90%,148,5.60%,60,2.90%,87,3.50%,163,5.50%,157,5.20%,131,5.90%,103,5.80%,196,6.40%,79,5.30%,123,5.80%,137,5.70%,114,4.50%,29,5.70%,85,5.60%,37,3.00%,92,6.90%,101,6.10%,111,6.80%,60,4.30%,199,6.20%,135,5.90%,173,6.70%,143,6.90%,102,5.20%,49,2.70%,141,5.40%,219,7.10%,118,6.20%,112,5.90%,159,6.50%,126,5.80%,107,5.60%,119,5.10%,127,6.90%,64,7.10%,113,6.50%,120,7.20%,152,6.40%,173,6.80%,112,7.00%,45,4.00%,89,7.20%,152,7.30%,132,8.50%,53,4.90%,211,6.60%,96,3.60%,99,5.00%,62,4.40%,93,4.00%,86,5.30%,115,4.50%,88,5.90%,84,5.00%,135,4.90%,47,5.10%,56,4.70%,48,2.60%,49,2.40%,48,2.90%,111,4.60%,156,6.70%,71,3.70%,126,4.80%,59,3.60%,46,3.00%,203,6.00%,118,4.50%,86,3.30%,121,5.60%,222,6.70%,0,0.00%
        10 to 14 years,88,6.90%,104,5.50%,150,5.50%,107,5.30%,102,5.10%,118,5.40%,159,5.50%,101,5.60%,91,4.10%,109,3.10%,50,4.60%,131,4.80%,62,5.20%,25,3.90%,59,4.40%,110,5.50%,146,5.30%,132,6.60%,25,1.70%,30,3.40%,54,4.10%,31,3.00%,29,2.30%,38,2.60%,207,6.90%,121,4.40%,67,3.20%,65,4.30%,18,1.30%,123,6.80%,31,2.70%,183,6.70%,90,6.00%,60,5.40%,135,5.90%,163,6.90%,48,4.10%,103,8.80%,178,8.80%,63,5.60%,82,5.10%,140,6.00%,154,7.40%,197,8.90%,117,8.00%,195,5.80%,97,7.00%,141,7.60%,206,8.00%,46,5.60%,107,6.60%,137,6.00%,196,8.80%,127,6.70%,136,8.50%,124,6.50%,151,6.60%,45,2.70%,38,3.60%,38,5.40%,184,11.70%,177,9.30%,5,9.80%,37,3.50%,23,1.80%,50,2.60%,41,2.40%,10,0.40%,61,2.00%,86,2.40%,83,1.60%,30,1.10%,42,1.40%,7,1.00%,50,2.00%,47,2.10%,219,6.80%,121,7.20%,126,8.40%,118,4.90%,171,6.20%,67,5.00%,148,7.00%,76,6.10%,56,8.10%,145,7.90%,89,6.40%,112,8.80%,187,8.10%,237,6.60%,102,6.50%,122,6.70%,87,5.30%,212,9.30%,66,6.10%,113,7.20%,135,7.20%,117,6.20%,134,4.00%,147,6.20%,132,6.40%,130,7.10%,69,6.50%,153,7.20%,122,6.50%,85,6.50%,162,6.50%,69,5.80%,85,6.00%,51,2.00%,76,3.10%,148,5.60%,44,2.10%,112,4.50%,181,6.10%,173,5.80%,147,6.70%,141,7.90%,198,6.50%,94,6.30%,123,5.80%,161,6.70%,152,6.10%,22,4.30%,83,5.50%,35,2.80%,72,5.40%,65,3.90%,111,6.80%,35,2.50%,163,5.10%,172,7.50%,179,6.90%,128,6.20%,172,8.80%,30,1.70%,151,5.80%,230,7.50%,156,8.20%,154,8.20%,186,7.60%,129,5.90%,129,6.70%,122,5.20%,112,6.10%,75,8.30%,130,7.50%,89,5.30%,186,7.90%,158,6.20%,121,7.50%,58,5.20%,99,8.00%,156,7.50%,111,7.10%,73,6.70%,216,6.80%,68,2.50%,83,4.20%,70,5.00%,97,4.20%,32,2.00%,42,1.60%,77,5.20%,33,2.00%,46,1.70%,35,3.80%,46,3.80%,16,0.90%,67,3.20%,44,2.60%,56,2.30%,133,5.70%,45,2.30%,71,2.70%,38,2.30%,37,2.50%,176,5.20%,127,4.80%,155,5.90%,70,3.20%,225,6.80%,1,25.00%
        15 to 19 years,72,5.60%,108,5.70%,149,5.50%,93,4.60%,96,4.80%,133,6.10%,148,5.10%,108,6.00%,96,4.40%,97,2.80%,38,3.50%,113,4.20%,45,3.80%,42,6.60%,62,4.60%,93,4.60%,138,5.00%,101,5.00%,18,1.20%,33,3.70%,49,3.70%,15,1.40%,17,1.30%,32,2.20%,194,6.50%,135,4.90%,90,4.40%,63,4.20%,18,1.30%,79,4.40%,29,2.60%,162,6.00%,85,5.60%,69,6.20%,117,5.10%,156,6.60%,77,6.50%,83,7.10%,151,7.50%,53,4.70%,74,4.60%,160,6.90%,131,6.30%,188,8.50%,95,6.50%,196,5.80%,121,8.70%,127,6.90%,210,8.20%,23,2.80%,118,7.30%,168,7.40%,148,6.60%,122,6.40%,99,6.20%,127,6.60%,160,7.00%,28,1.70%,28,2.70%,34,4.90%,158,10.00%,143,7.50%,5,9.80%,51,4.90%,13,1.00%,72,3.70%,32,1.90%,7,0.30%,36,1.20%,42,1.20%,32,0.60%,20,0.70%,24,0.80%,2,0.30%,19,0.70%,43,1.90%,189,5.80%,94,5.60%,105,7.00%,117,4.90%,149,5.40%,85,6.40%,130,6.20%,79,6.30%,55,7.90%,109,6.00%,63,4.50%,84,6.60%,131,5.70%,268,7.50%,119,7.60%,119,6.50%,104,6.40%,156,6.90%,67,6.20%,100,6.40%,140,7.40%,108,5.70%,190,5.70%,151,6.40%,159,7.80%,143,7.90%,60,5.70%,143,6.70%,108,5.80%,92,7.10%,175,7.10%,65,5.50%,89,6.30%,41,1.60%,83,3.40%,151,5.80%,31,1.50%,119,4.80%,169,5.70%,216,7.20%,158,7.20%,102,5.70%,234,7.60%,83,5.60%,115,5.40%,175,7.30%,158,6.30%,28,5.50%,95,6.30%,23,1.90%,92,6.90%,84,5.10%,113,6.90%,32,2.30%,172,5.40%,148,6.40%,185,7.20%,133,6.40%,126,6.50%,11,0.60%,158,6.10%,227,7.40%,126,6.60%,152,8.10%,142,5.80%,145,6.70%,128,6.70%,120,5.10%,148,8.00%,69,7.70%,120,6.90%,130,7.80%,169,7.10%,184,7.20%,109,6.80%,52,4.60%,94,7.60%,187,8.90%,122,7.80%,78,7.10%,216,6.80%,48,1.80%,106,5.40%,71,5.10%,97,4.20%,29,1.80%,39,1.50%,47,3.20%,16,0.90%,65,2.30%,27,2.90%,34,2.80%,151,8.30%,56,2.70%,47,2.80%,60,2.50%,113,4.80%,17,0.90%,21,0.80%,23,1.40%,38,2.50%,195,5.80%,132,5.00%,170,6.40%,43,2.00%,245,7.40%,0,0.00%
        20 to 24 years,92,7.20%,132,6.90%,226,8.40%,138,6.80%,152,7.60%,178,8.20%,211,7.30%,121,6.70%,227,10.30%,212,6.00%,76,7.00%,220,8.10%,110,9.20%,48,7.50%,99,7.30%,143,7.10%,227,8.30%,135,6.70%,107,7.30%,54,6.10%,79,5.90%,25,2.40%,66,5.20%,27,1.90%,254,8.50%,263,9.50%,162,7.80%,105,7.00%,77,5.40%,138,7.70%,49,4.30%,174,6.40%,116,7.70%,76,6.80%,130,5.70%,173,7.30%,94,7.90%,78,6.70%,130,6.40%,89,7.90%,77,4.80%,149,6.40%,166,7.90%,209,9.50%,106,7.20%,269,8.00%,100,7.20%,126,6.80%,197,7.70%,21,2.50%,119,7.40%,178,7.80%,195,8.70%,112,5.90%,130,8.10%,154,8.10%,202,8.80%,61,3.60%,51,4.80%,59,8.50%,128,8.10%,180,9.50%,3,5.90%,56,5.30%,42,3.30%,124,6.40%,67,4.00%,72,2.90%,70,2.30%,113,3.10%,290,5.50%,143,5.20%,186,6.20%,70,10.40%,176,6.90%,166,7.50%,218,6.70%,131,7.80%,100,6.70%,104,4.30%,163,5.90%,69,5.20%,127,6.00%,87,6.90%,49,7.10%,136,7.40%,94,6.80%,66,5.20%,161,7.00%,237,6.60%,95,6.10%,104,5.70%,114,7.00%,156,6.90%,64,5.90%,106,6.70%,149,7.90%,134,7.10%,276,8.30%,188,7.90%,152,7.40%,154,8.50%,80,7.60%,131,6.10%,132,7.00%,104,8.00%,202,8.20%,121,10.20%,122,8.70%,176,6.80%,191,7.90%,198,7.60%,42,2.00%,159,6.40%,197,6.70%,209,7.00%,155,7.00%,127,7.10%,280,9.10%,96,6.50%,170,8.00%,172,7.20%,178,7.10%,28,5.50%,97,6.40%,28,2.30%,112,8.50%,128,7.70%,125,7.70%,31,2.20%,170,5.30%,157,6.80%,211,8.20%,134,6.50%,134,6.90%,67,3.80%,160,6.10%,248,8.10%,135,7.10%,157,8.30%,173,7.00%,142,6.50%,150,7.80%,156,6.70%,143,7.80%,62,6.90%,124,7.20%,122,7.30%,160,6.80%,182,7.10%,125,7.80%,54,4.80%,83,6.70%,167,8.00%,116,7.50%,92,8.40%,195,6.10%,94,3.50%,112,5.70%,101,7.20%,118,5.10%,64,3.90%,87,3.40%,109,7.30%,89,5.30%,285,10.30%,71,7.70%,109,9.10%,523,28.70%,206,9.90%,175,10.40%,194,8.00%,254,10.90%,177,9.20%,154,5.90%,141,8.50%,132,8.70%,210,6.30%,129,4.90%,172,6.50%,72,3.30%,238,7.20%,0,0.00%
        25 to 29 years,128,10.00%,192,10.10%,279,10.30%,253,12.50%,226,11.30%,235,10.80%,275,9.50%,206,11.40%,340,15.50%,407,11.60%,98,9.00%,350,12.90%,166,13.90%,84,13.20%,177,13.10%,267,13.30%,363,13.30%,241,12.00%,327,22.30%,132,14.80%,169,12.70%,152,14.50%,229,18.10%,145,10.00%,313,10.50%,264,9.60%,238,11.50%,183,12.20%,303,21.10%,208,11.60%,114,10.10%,242,8.90%,148,9.80%,90,8.10%,193,8.50%,234,9.80%,111,9.40%,97,8.30%,174,8.60%,95,8.50%,245,15.10%,200,8.60%,206,9.90%,175,7.90%,127,8.70%,251,7.40%,135,9.80%,139,7.50%,195,7.60%,43,5.20%,136,8.40%,194,8.50%,163,7.30%,144,7.60%,133,8.30%,148,7.70%,202,8.80%,272,16.30%,131,12.40%,81,11.60%,111,7.00%,154,8.10%,3,5.90%,126,12.00%,199,15.90%,262,13.60%,249,14.80%,546,21.70%,375,12.40%,498,13.70%,"1,160",21.90%,535,19.30%,746,24.70%,251,37.40%,562,22.10%,660,29.80%,285,8.80%,113,6.80%,121,8.10%,257,10.70%,218,7.90%,82,6.20%,155,7.40%,110,8.80%,56,8.10%,121,6.60%,112,8.00%,88,6.90%,188,8.10%,265,7.40%,81,5.20%,139,7.60%,124,7.60%,149,6.50%,71,6.60%,88,5.60%,126,6.70%,137,7.20%,352,10.60%,171,7.20%,191,9.30%,125,6.90%,79,7.50%,206,9.60%,188,10.00%,131,10.10%,277,11.20%,151,12.80%,205,14.50%,621,23.80%,446,18.50%,285,10.90%,152,7.40%,189,7.60%,283,9.60%,226,7.50%,177,8.00%,147,8.20%,243,7.90%,86,5.80%,232,11.00%,225,9.40%,211,8.40%,31,6.10%,124,8.20%,53,4.30%,124,9.40%,130,7.90%,127,7.80%,106,7.50%,290,9.10%,171,7.40%,220,8.50%,159,7.70%,188,9.60%,202,11.30%,187,7.20%,233,7.60%,156,8.20%,129,6.80%,201,8.20%,162,7.40%,150,7.80%,216,9.30%,146,7.90%,71,7.90%,153,8.80%,141,8.40%,205,8.70%,215,8.40%,140,8.70%,109,9.70%,97,7.80%,187,8.90%,127,8.20%,96,8.80%,271,8.50%,330,12.30%,201,10.20%,102,7.30%,296,12.80%,196,12.10%,245,9.50%,238,16.00%,228,13.50%,517,18.70%,138,15.00%,182,15.10%,319,17.50%,439,21.20%,365,21.70%,440,18.10%,425,18.20%,411,21.30%,480,18.20%,451,27.30%,287,19.00%,252,7.50%,167,6.30%,190,7.20%,296,13.70%,283,8.50%,0,0.00%
        30 to 34 years,132,10.30%,208,10.90%,291,10.80%,223,11.00%,203,10.10%,221,10.10%,293,10.10%,220,12.20%,307,14.00%,498,14.20%,115,10.60%,323,11.90%,147,12.30%,84,13.20%,195,14.40%,261,13.00%,367,13.40%,218,10.90%,291,19.80%,134,15.00%,187,14.00%,198,18.90%,227,17.90%,255,17.50%,238,8.00%,309,11.20%,271,13.10%,181,12.00%,326,22.70%,190,10.60%,216,19.10%,221,8.10%,134,8.90%,104,9.30%,217,9.50%,236,9.90%,129,10.90%,93,8.00%,208,10.30%,125,11.10%,248,15.30%,227,9.70%,141,6.70%,147,6.70%,118,8.10%,271,8.00%,104,7.50%,136,7.30%,236,9.20%,71,8.60%,128,7.90%,160,7.00%,201,9.00%,125,6.60%,110,6.80%,135,7.10%,145,6.30%,338,20.20%,160,15.20%,59,8.50%,110,7.00%,175,9.20%,2,3.90%,171,16.30%,308,24.60%,302,15.70%,258,15.40%,690,27.50%,550,18.20%,662,18.20%,"1,375",25.90%,588,21.20%,691,22.90%,148,22.00%,483,19.00%,413,18.60%,243,7.50%,120,7.20%,104,7.00%,310,12.90%,204,7.40%,79,5.90%,181,8.60%,101,8.10%,51,7.40%,173,9.40%,119,8.50%,114,9.00%,186,8.00%,260,7.20%,168,10.80%,162,8.90%,109,6.70%,146,6.40%,85,7.90%,94,6.00%,112,6.00%,137,7.20%,330,9.90%,232,9.80%,151,7.40%,127,7.00%,74,7.00%,189,8.90%,194,10.40%,115,8.90%,226,9.10%,124,10.50%,127,9.00%,604,23.20%,425,17.60%,214,8.20%,251,12.10%,198,8.00%,239,8.10%,220,7.30%,174,7.90%,157,8.80%,211,6.90%,93,6.30%,192,9.10%,173,7.20%,249,9.90%,29,5.70%,131,8.70%,122,9.90%,120,9.10%,156,9.40%,150,9.20%,190,13.50%,379,11.90%,244,10.60%,205,8.00%,168,8.10%,179,9.20%,339,19.00%,190,7.30%,273,8.90%,195,10.20%,132,7.00%,184,7.50%,202,9.30%,155,8.10%,248,10.60%,168,9.10%,74,8.20%,166,9.60%,119,7.10%,204,8.60%,210,8.20%,118,7.40%,95,8.50%,93,7.50%,166,7.90%,145,9.30%,95,8.70%,368,11.50%,538,20.00%,228,11.50%,155,11.10%,296,12.80%,255,15.70%,514,19.90%,193,13.00%,378,22.40%,538,19.40%,139,15.10%,194,16.10%,245,13.40%,316,15.30%,266,15.80%,395,16.30%,350,15.00%,344,17.80%,465,17.70%,286,17.30%,235,15.60%,296,8.80%,266,10.00%,199,7.50%,433,20.00%,290,8.70%,0,0.00%
        35 to 39 years,113,8.80%,176,9.30%,240,8.90%,194,9.60%,165,8.20%,212,9.70%,264,9.10%,182,10.10%,212,9.70%,437,12.40%,122,11.20%,276,10.20%,122,10.20%,45,7.10%,141,10.40%,223,11.10%,238,8.70%,161,8.00%,173,11.80%,93,10.40%,148,11.10%,171,16.30%,183,14.50%,231,15.90%,265,8.90%,257,9.30%,215,10.40%,118,7.80%,230,16.00%,167,9.30%,130,11.50%,207,7.60%,130,8.60%,109,9.80%,225,9.90%,176,7.40%,114,9.60%,76,6.50%,145,7.20%,85,7.60%,184,11.40%,196,8.40%,141,6.70%,131,5.90%,111,7.60%,276,8.20%,81,5.90%,119,6.40%,164,6.40%,96,11.60%,99,6.10%,147,6.40%,132,5.90%,129,6.80%,118,7.30%,139,7.30%,132,5.70%,262,15.70%,130,12.30%,59,8.50%,120,7.60%,120,6.30%,0,0.00%,101,9.60%,190,15.20%,202,10.50%,243,14.50%,472,18.80%,509,16.80%,550,15.10%,824,15.50%,410,14.80%,403,13.30%,80,11.90%,325,12.80%,191,8.60%,246,7.60%,133,7.90%,91,6.10%,219,9.10%,205,7.50%,78,5.90%,175,8.30%,98,7.80%,38,5.50%,130,7.10%,112,8.00%,96,7.60%,190,8.20%,259,7.20%,132,8.50%,141,7.70%,107,6.60%,146,6.40%,74,6.90%,108,6.90%,134,7.10%,171,9.00%,339,10.20%,182,7.70%,128,6.20%,142,7.80%,68,6.40%,174,8.10%,132,7.00%,95,7.30%,159,6.40%,84,7.10%,111,7.90%,301,11.60%,201,8.30%,208,7.90%,251,12.10%,221,8.90%,252,8.50%,209,7.00%,163,7.40%,111,6.20%,231,7.50%,77,5.20%,154,7.30%,161,6.70%,197,7.80%,33,6.50%,117,7.80%,117,9.50%,117,8.80%,155,9.40%,136,8.30%,176,12.50%,330,10.30%,176,7.60%,188,7.30%,186,9.00%,170,8.70%,296,16.60%,209,8.00%,304,9.90%,179,9.40%,169,9.00%,198,8.00%,191,8.80%,149,7.80%,229,9.80%,133,7.20%,85,9.40%,152,8.80%,127,7.60%,192,8.10%,185,7.20%,116,7.20%,108,9.60%,71,5.70%,144,6.90%,113,7.30%,89,8.20%,276,8.60%,368,13.70%,204,10.30%,136,9.70%,229,9.90%,217,13.40%,403,15.60%,121,8.10%,277,16.40%,365,13.20%,125,13.60%,98,8.10%,123,6.80%,176,8.50%,158,9.40%,252,10.40%,204,8.80%,219,11.30%,397,15.10%,141,8.50%,137,9.10%,281,8.40%,233,8.80%,149,5.60%,384,17.70%,286,8.60%,0,0.00%
        40 to 44 years,77,6.00%,122,6.40%,179,6.60%,154,7.60%,150,7.50%,176,8.10%,215,7.40%,142,7.90%,146,6.70%,238,6.80%,70,6.40%,188,7.00%,73,6.10%,42,6.60%,92,6.80%,132,6.60%,199,7.30%,147,7.30%,96,6.50%,62,7.00%,71,5.30%,109,10.40%,104,8.20%,147,10.10%,186,6.20%,177,6.40%,147,7.10%,117,7.80%,92,6.40%,149,8.30%,102,9.00%,182,6.70%,102,6.80%,82,7.30%,155,6.80%,174,7.30%,75,6.30%,73,6.30%,139,6.90%,95,8.50%,114,7.00%,154,6.60%,121,5.80%,126,5.70%,84,5.70%,267,7.90%,60,4.30%,103,5.60%,103,4.00%,90,10.90%,86,5.30%,128,5.60%,127,5.70%,108,5.70%,93,5.80%,96,5.00%,118,5.10%,142,8.50%,111,10.50%,41,5.90%,98,6.20%,103,5.40%,6,11.80%,83,7.90%,121,9.60%,149,7.70%,141,8.40%,193,7.70%,330,10.90%,359,9.80%,443,8.40%,258,9.30%,229,7.60%,26,3.90%,206,8.10%,112,5.10%,230,7.10%,102,6.10%,110,7.40%,156,6.50%,186,6.80%,78,5.90%,135,6.40%,92,7.30%,59,8.50%,144,7.90%,81,5.80%,96,7.60%,167,7.20%,231,6.40%,106,6.80%,106,5.80%,80,4.90%,134,5.90%,76,7.00%,104,6.60%,121,6.40%,124,6.50%,284,8.50%,193,8.10%,140,6.80%,129,7.10%,76,7.20%,140,6.60%,110,5.90%,73,5.60%,169,6.80%,85,7.20%,82,5.80%,151,5.80%,138,5.70%,197,7.50%,163,7.90%,150,6.00%,230,7.80%,262,8.70%,145,6.60%,121,6.80%,195,6.40%,75,5.10%,156,7.40%,149,6.20%,176,7.00%,31,6.10%,107,7.10%,104,8.50%,85,6.40%,112,6.80%,126,7.70%,115,8.20%,267,8.40%,189,8.20%,194,7.50%,154,7.50%,154,7.90%,197,11.00%,172,6.60%,228,7.40%,128,6.70%,124,6.60%,191,7.80%,194,8.90%,171,8.90%,147,6.30%,136,7.40%,57,6.30%,124,7.20%,123,7.40%,187,7.90%,179,7.00%,114,7.10%,80,7.10%,74,6.00%,149,7.10%,116,7.50%,79,7.20%,223,7.00%,217,8.10%,146,7.40%,115,8.20%,200,8.70%,175,10.80%,286,11.10%,105,7.10%,142,8.40%,216,7.80%,78,8.50%,91,7.60%,107,5.90%,120,5.80%,108,6.40%,172,7.10%,134,5.70%,111,5.70%,236,9.00%,111,6.70%,77,5.10%,250,7.40%,195,7.40%,151,5.70%,153,7.10%,238,7.20%,2,50.00%
        45 to 49 years,59,4.60%,103,5.40%,153,5.70%,129,6.40%,128,6.40%,121,5.50%,163,5.60%,87,4.80%,114,5.20%,139,4.00%,55,5.00%,139,5.10%,59,5.00%,40,6.30%,100,7.40%,130,6.50%,144,5.30%,123,6.10%,72,4.90%,36,4.00%,71,5.30%,60,5.70%,88,7.00%,107,7.40%,225,7.50%,137,5.00%,122,5.90%,84,5.60%,48,3.30%,109,6.10%,85,7.50%,179,6.60%,101,6.70%,69,6.20%,162,7.10%,129,5.40%,79,6.70%,64,5.50%,142,7.00%,63,5.60%,102,6.30%,158,6.80%,132,6.30%,118,5.30%,86,5.90%,219,6.50%,84,6.10%,109,5.90%,176,6.90%,81,9.80%,126,7.80%,136,6.00%,132,5.90%,140,7.30%,93,5.80%,86,4.50%,144,6.30%,76,4.50%,63,6.00%,39,5.60%,69,4.40%,96,5.00%,3,5.90%,50,4.80%,71,5.70%,155,8.10%,112,6.70%,91,3.60%,185,6.10%,182,5.00%,224,4.20%,143,5.20%,130,4.30%,12,1.80%,148,5.80%,77,3.50%,177,5.50%,117,7.00%,82,5.50%,151,6.30%,169,6.20%,64,4.80%,130,6.20%,71,5.70%,31,4.50%,110,6.00%,91,6.50%,81,6.40%,144,6.20%,220,6.10%,98,6.30%,119,6.50%,126,7.70%,140,6.10%,71,6.60%,110,7.00%,123,6.50%,121,6.40%,255,7.70%,150,6.30%,131,6.40%,107,5.90%,66,6.20%,147,6.90%,119,6.40%,98,7.50%,133,5.40%,55,4.70%,91,6.50%,98,3.80%,111,4.60%,178,6.80%,160,7.70%,192,7.70%,193,6.50%,198,6.60%,156,7.10%,112,6.30%,189,6.20%,64,4.30%,167,7.90%,196,8.20%,156,6.20%,27,5.30%,100,6.60%,87,7.10%,80,6.00%,117,7.10%,118,7.20%,107,7.60%,221,6.90%,148,6.40%,170,6.60%,155,7.50%,133,6.80%,110,6.20%,179,6.90%,213,6.90%,101,5.30%,133,7.00%,165,6.70%,119,5.50%,116,6.00%,143,6.10%,118,6.40%,69,7.70%,134,7.70%,102,6.10%,175,7.40%,164,6.40%,93,5.80%,91,8.10%,76,6.10%,131,6.30%,92,5.90%,79,7.20%,250,7.80%,186,6.90%,144,7.30%,91,6.50%,145,6.30%,93,5.70%,165,6.40%,107,7.20%,74,4.40%,129,4.70%,56,6.10%,77,6.40%,65,3.60%,104,5.00%,80,4.80%,123,5.10%,92,3.90%,98,5.10%,176,6.70%,71,4.30%,63,4.20%,225,6.70%,178,6.70%,173,6.50%,66,3.00%,216,6.50%,0,0.00%
        50 to 54 years,81,6.30%,114,6.00%,142,5.30%,126,6.20%,133,6.60%,117,5.40%,188,6.50%,109,6.00%,123,5.60%,140,4.00%,56,5.10%,156,5.80%,63,5.30%,31,4.90%,67,5.00%,106,5.30%,158,5.80%,90,4.50%,53,3.60%,39,4.40%,63,4.70%,44,4.20%,60,4.70%,78,5.40%,147,4.90%,151,5.50%,130,6.30%,80,5.30%,38,2.60%,117,6.50%,58,5.10%,180,6.60%,105,7.00%,71,6.40%,164,7.20%,140,5.90%,66,5.60%,61,5.20%,114,5.60%,73,6.50%,96,5.90%,149,6.40%,154,7.40%,126,5.70%,101,6.90%,178,5.30%,76,5.50%,110,5.90%,166,6.50%,55,6.70%,108,6.70%,152,6.70%,136,6.10%,139,7.30%,116,7.20%,122,6.40%,146,6.40%,112,6.70%,51,4.80%,44,6.30%,65,4.10%,118,6.20%,5,9.80%,64,6.10%,42,3.30%,130,6.80%,74,4.40%,56,2.20%,145,4.80%,156,4.30%,144,2.70%,92,3.30%,83,2.70%,12,1.80%,77,3.00%,62,2.80%,209,6.40%,102,6.10%,96,6.40%,126,5.20%,183,6.70%,101,7.60%,144,6.80%,81,6.50%,40,5.80%,109,6.00%,95,6.80%,73,5.80%,128,5.50%,257,7.10%,85,5.40%,111,6.10%,111,6.80%,132,5.80%,70,6.50%,107,6.80%,153,8.10%,132,7.00%,211,6.30%,149,6.30%,121,5.90%,128,7.00%,83,7.90%,121,5.70%,114,6.10%,82,6.30%,141,5.70%,67,5.70%,79,5.60%,85,3.30%,112,4.60%,145,5.50%,140,6.80%,188,7.60%,192,6.50%,188,6.30%,138,6.30%,117,6.50%,184,6.00%,84,5.70%,141,6.70%,146,6.10%,161,6.40%,31,6.10%,99,6.60%,86,7.00%,79,6.00%,99,6.00%,72,4.40%,89,6.30%,206,6.50%,144,6.30%,153,5.90%,129,6.30%,124,6.30%,94,5.30%,164,6.30%,173,5.60%,125,6.60%,127,6.70%,200,8.10%,129,5.90%,124,6.50%,163,7.00%,112,6.10%,61,6.80%,102,5.90%,90,5.40%,157,6.60%,203,7.90%,110,6.90%,85,7.60%,83,6.70%,125,6.00%,94,6.00%,55,5.00%,165,5.20%,153,5.70%,108,5.50%,77,5.50%,151,6.50%,77,4.70%,118,4.60%,74,5.00%,55,3.30%,82,3.00%,36,3.90%,58,4.80%,42,2.30%,95,4.60%,82,4.90%,110,4.50%,93,4.00%,63,3.30%,84,3.20%,64,3.90%,80,5.30%,220,6.50%,174,6.60%,213,8.10%,71,3.30%,225,6.80%,0,0.00%
        55 to 59 years,77,6.00%,110,5.80%,127,4.70%,118,5.80%,92,4.60%,101,4.60%,164,5.70%,90,5.00%,87,4.00%,129,3.70%,65,6.00%,166,6.10%,52,4.40%,26,4.10%,53,3.90%,105,5.20%,102,3.70%,109,5.40%,72,4.90%,49,5.50%,87,6.50%,46,4.40%,36,2.80%,73,5.00%,142,4.80%,168,6.10%,120,5.80%,82,5.40%,22,1.50%,109,6.10%,61,5.40%,164,6.00%,114,7.60%,69,6.20%,145,6.40%,148,6.20%,80,6.80%,54,4.60%,123,6.10%,63,5.60%,79,4.90%,163,7.00%,128,6.10%,138,6.20%,81,5.50%,202,6.00%,80,5.80%,123,6.60%,123,4.80%,63,7.60%,115,7.10%,171,7.50%,148,6.60%,129,6.80%,104,6.50%,98,5.10%,145,6.30%,56,3.30%,48,4.60%,34,4.90%,69,4.40%,121,6.40%,3,5.90%,56,5.30%,41,3.30%,89,4.60%,56,3.30%,43,1.70%,120,4.00%,127,3.50%,99,1.90%,83,3.00%,65,2.20%,14,2.10%,74,2.90%,75,3.40%,225,6.90%,99,5.90%,108,7.20%,148,6.20%,226,8.20%,100,7.50%,115,5.50%,73,5.80%,32,4.60%,124,6.80%,110,7.90%,66,5.20%,123,5.30%,221,6.10%,86,5.50%,122,6.70%,140,8.60%,164,7.20%,65,6.00%,127,8.10%,125,6.60%,143,7.50%,178,5.30%,155,6.50%,142,6.90%,113,6.20%,74,7.00%,116,5.40%,136,7.30%,85,6.50%,159,6.40%,50,4.20%,81,5.70%,66,2.50%,104,4.30%,198,7.60%,149,7.20%,187,7.50%,180,6.10%,208,6.90%,145,6.60%,117,6.50%,214,7.00%,93,6.30%,107,5.10%,166,6.90%,154,6.10%,26,5.10%,85,5.60%,96,7.80%,97,7.30%,107,6.50%,109,6.70%,109,7.70%,167,5.20%,138,6.00%,155,6.00%,113,5.50%,127,6.50%,78,4.40%,175,6.70%,160,5.20%,116,6.10%,115,6.10%,166,6.70%,144,6.60%,116,6.00%,125,5.40%,113,6.10%,58,6.40%,88,5.10%,104,6.20%,120,5.10%,164,6.40%,87,5.40%,69,6.20%,98,7.90%,131,6.30%,76,4.90%,53,4.90%,202,6.30%,156,5.80%,120,6.10%,88,6.30%,113,4.90%,65,4.00%,101,3.90%,60,4.00%,37,2.20%,66,2.40%,34,3.70%,59,4.90%,58,3.20%,109,5.30%,58,3.40%,97,4.00%,58,2.50%,62,3.20%,61,2.30%,41,2.50%,74,4.90%,210,6.30%,188,7.10%,214,8.10%,57,2.60%,164,4.90%,0,0.00%
        60 to 64 years,56,4.40%,110,5.80%,125,4.60%,91,4.50%,115,5.70%,109,5.00%,144,5.00%,69,3.80%,84,3.80%,145,4.10%,47,4.30%,135,5.00%,45,3.80%,28,4.40%,57,4.20%,77,3.80%,114,4.20%,74,3.70%,65,4.40%,49,5.50%,68,5.10%,33,3.10%,40,3.20%,51,3.50%,162,5.40%,172,6.20%,101,4.90%,72,4.80%,30,2.10%,62,3.40%,38,3.40%,171,6.30%,89,5.90%,64,5.70%,119,5.20%,115,4.80%,77,6.50%,67,5.80%,105,5.20%,57,5.10%,65,4.00%,103,4.40%,113,5.40%,118,5.30%,58,4.00%,191,5.70%,71,5.10%,119,6.40%,85,3.30%,37,4.50%,102,6.30%,142,6.20%,112,5.00%,128,6.70%,89,5.50%,117,6.10%,114,5.00%,51,3.10%,32,3.00%,36,5.20%,63,4.00%,80,4.20%,3,5.90%,45,4.30%,23,1.80%,95,4.90%,56,3.30%,24,1.00%,106,3.50%,95,2.60%,60,1.10%,72,2.60%,57,1.90%,16,2.40%,56,2.20%,46,2.10%,196,6.00%,97,5.80%,88,5.90%,129,5.40%,192,7.00%,98,7.40%,122,5.80%,86,6.90%,41,5.90%,80,4.40%,75,5.40%,55,4.30%,137,5.90%,228,6.30%,92,5.90%,139,7.60%,134,8.20%,159,7.00%,85,7.90%,103,6.50%,142,7.50%,119,6.30%,170,5.10%,137,5.80%,121,5.90%,97,5.30%,66,6.20%,118,5.50%,116,6.20%,75,5.80%,130,5.20%,68,5.80%,60,4.30%,75,2.90%,108,4.50%,122,4.70%,147,7.10%,150,6.00%,162,5.50%,172,5.70%,142,6.40%,113,6.30%,166,5.40%,91,6.10%,110,5.20%,140,5.80%,151,6.00%,53,10.40%,100,6.60%,110,9.00%,39,2.90%,101,6.10%,80,4.90%,73,5.20%,149,4.70%,135,5.90%,120,4.70%,104,5.00%,66,3.40%,64,3.60%,128,4.90%,106,3.50%,96,5.00%,109,5.80%,131,5.30%,99,4.50%,89,4.60%,108,4.60%,92,5.00%,36,4.00%,82,4.70%,67,4.00%,83,3.50%,126,4.90%,93,5.80%,75,6.70%,70,5.60%,116,5.50%,60,3.90%,63,5.80%,161,5.00%,87,3.20%,107,5.40%,76,5.40%,111,4.80%,53,3.30%,60,2.30%,43,2.90%,26,1.50%,50,1.80%,20,2.20%,47,3.90%,34,1.90%,88,4.20%,41,2.40%,65,2.70%,63,2.70%,54,2.80%,45,1.70%,27,1.60%,88,5.80%,194,5.80%,134,5.10%,210,7.90%,56,2.60%,135,4.10%,0,0.00%
        65 to 69 years,54,4.20%,80,4.20%,108,4.00%,82,4.10%,67,3.30%,74,3.40%,119,4.10%,57,3.20%,63,2.90%,197,5.60%,43,3.90%,86,3.20%,38,3.20%,37,5.80%,54,4.00%,60,3.00%,63,2.30%,67,3.30%,29,2.00%,36,4.00%,67,5.00%,34,3.20%,23,1.80%,30,2.10%,104,3.50%,108,3.90%,73,3.50%,56,3.70%,26,1.80%,43,2.40%,27,2.40%,115,4.20%,58,3.80%,39,3.50%,76,3.30%,74,3.10%,45,3.80%,44,3.80%,53,2.60%,47,4.20%,36,2.20%,98,4.20%,83,4.00%,85,3.80%,48,3.30%,150,4.40%,49,3.50%,96,5.20%,78,3.00%,29,3.50%,78,4.80%,138,6.00%,76,3.40%,97,5.10%,56,3.50%,83,4.30%,114,5.00%,37,2.20%,14,1.30%,36,5.20%,59,3.70%,61,3.20%,1,2.00%,33,3.10%,16,1.30%,65,3.40%,36,2.10%,21,0.80%,65,2.20%,92,2.50%,26,0.50%,27,1.00%,34,1.10%,1,0.10%,35,1.40%,31,1.40%,191,5.90%,72,4.30%,69,4.60%,107,4.40%,150,5.50%,99,7.40%,87,4.10%,57,4.50%,24,3.50%,72,3.90%,97,7.00%,51,4.00%,84,3.60%,167,4.60%,74,4.70%,95,5.20%,86,5.30%,111,4.90%,62,5.70%,105,6.70%,99,5.30%,75,4.00%,122,3.70%,96,4.00%,78,3.80%,80,4.40%,40,3.80%,91,4.30%,74,3.90%,43,3.30%,96,3.90%,30,2.50%,51,3.60%,46,1.80%,64,2.70%,109,4.20%,109,5.30%,127,5.10%,122,4.10%,126,4.20%,88,4.00%,94,5.30%,129,4.20%,101,6.80%,79,3.70%,85,3.60%,138,5.50%,27,5.30%,69,4.60%,68,5.50%,39,2.90%,79,4.80%,61,3.70%,60,4.30%,134,4.20%,78,3.40%,98,3.80%,83,4.00%,62,3.20%,38,2.10%,132,5.10%,103,3.40%,62,3.30%,70,3.70%,81,3.30%,86,3.90%,73,3.80%,104,4.50%,61,3.30%,16,1.80%,63,3.60%,72,4.30%,75,3.20%,72,2.80%,65,4.10%,60,5.40%,58,4.70%,67,3.20%,49,3.20%,42,3.80%,109,3.40%,52,1.90%,63,3.20%,75,5.40%,92,4.00%,43,2.60%,34,1.30%,38,2.60%,5,0.30%,26,0.90%,16,1.70%,45,3.70%,15,0.80%,65,3.10%,44,2.60%,59,2.40%,43,1.80%,39,2.00%,26,1.00%,30,1.80%,34,2.30%,161,4.80%,156,5.90%,147,5.60%,31,1.40%,117,3.50%,0,0.00%
        70 to 74 years,36,2.80%,58,3.00%,85,3.10%,47,2.30%,63,3.10%,57,2.60%,82,2.80%,56,3.10%,43,2.00%,158,4.50%,46,4.20%,68,2.50%,24,2.00%,16,2.50%,49,3.60%,38,1.90%,38,1.40%,37,1.80%,31,2.10%,23,2.60%,33,2.50%,12,1.10%,12,0.90%,23,1.60%,56,1.90%,87,3.20%,48,2.30%,51,3.40%,31,2.20%,28,1.60%,26,2.30%,90,3.30%,40,2.70%,21,1.90%,55,2.40%,59,2.50%,26,2.20%,41,3.50%,50,2.50%,36,3.20%,30,1.90%,62,2.70%,60,2.90%,52,2.40%,36,2.50%,116,3.40%,43,3.10%,70,3.80%,56,2.20%,24,2.90%,64,4.00%,106,4.60%,47,2.10%,81,4.30%,58,3.60%,82,4.30%,99,4.30%,21,1.30%,12,1.10%,28,4.00%,35,2.20%,30,1.60%,1,2.00%,26,2.50%,16,1.30%,40,2.10%,28,1.70%,16,0.60%,24,0.80%,82,2.20%,13,0.20%,22,0.80%,15,0.50%,1,0.10%,14,0.60%,20,0.90%,88,2.70%,62,3.70%,53,3.50%,55,2.30%,85,3.10%,84,6.30%,61,2.90%,35,2.80%,15,2.20%,62,3.40%,59,4.20%,45,3.50%,41,1.80%,139,3.90%,45,2.90%,61,3.30%,57,3.50%,77,3.40%,39,3.60%,68,4.30%,72,3.80%,51,2.70%,98,2.90%,49,2.10%,49,2.40%,77,4.20%,34,3.20%,79,3.70%,54,2.90%,27,2.10%,84,3.40%,36,3.00%,37,2.60%,37,1.40%,61,2.50%,62,2.40%,98,4.70%,111,4.50%,90,3.00%,106,3.50%,53,2.40%,58,3.20%,89,2.90%,91,6.10%,50,2.40%,68,2.80%,82,3.30%,26,5.10%,62,4.10%,63,5.10%,30,2.30%,46,2.80%,26,1.60%,39,2.80%,76,2.40%,58,2.50%,58,2.20%,52,2.50%,40,2.00%,21,1.20%,80,3.10%,63,2.10%,47,2.50%,42,2.20%,55,2.20%,75,3.40%,42,2.20%,67,2.90%,48,2.60%,15,1.70%,28,1.60%,60,3.60%,46,1.90%,74,2.90%,31,1.90%,37,3.30%,21,1.70%,33,1.60%,35,2.30%,43,3.90%,88,2.80%,51,1.90%,64,3.20%,28,2.00%,59,2.60%,13,0.80%,20,0.80%,45,3.00%,12,0.70%,14,0.50%,16,1.70%,23,1.90%,11,0.60%,37,1.80%,23,1.40%,40,1.60%,36,1.50%,45,2.30%,21,0.80%,22,1.30%,35,2.30%,131,3.90%,107,4.00%,112,4.20%,29,1.30%,91,2.70%,0,0.00%
        75 to 79 years,11,0.90%,39,2.10%,62,2.30%,23,1.10%,29,1.40%,28,1.30%,57,2.00%,22,1.20%,35,1.60%,86,2.40%,19,1.70%,34,1.30%,16,1.30%,8,1.30%,18,1.30%,29,1.40%,29,1.10%,33,1.60%,7,0.50%,15,1.70%,21,1.60%,11,1.00%,7,0.60%,13,0.90%,33,1.10%,51,1.80%,31,1.50%,34,2.30%,15,1.00%,19,1.10%,4,0.40%,51,1.90%,17,1.10%,22,2.00%,25,1.10%,37,1.60%,8,0.70%,22,1.90%,22,1.10%,17,1.50%,14,0.90%,30,1.30%,24,1.10%,65,2.90%,31,2.10%,72,2.10%,23,1.70%,32,1.70%,47,1.80%,19,2.30%,39,2.40%,33,1.40%,40,1.80%,44,2.30%,23,1.40%,57,3.00%,66,2.90%,8,0.50%,12,1.10%,20,2.90%,21,1.30%,23,1.20%,0,0.00%,21,2.00%,14,1.10%,18,0.90%,19,1.10%,3,0.10%,17,0.60%,56,1.50%,7,0.10%,8,0.30%,7,0.20%,1,0.10%,10,0.40%,17,0.80%,55,1.70%,27,1.60%,35,2.30%,49,2.00%,78,2.80%,47,3.50%,38,1.80%,26,2.10%,17,2.50%,34,1.90%,28,2.00%,14,1.10%,43,1.90%,78,2.20%,27,1.70%,34,1.90%,32,2.00%,30,1.30%,26,2.40%,45,2.90%,36,1.90%,25,1.30%,67,2.00%,46,1.90%,51,2.50%,27,1.50%,14,1.30%,36,1.70%,29,1.50%,18,1.40%,43,1.70%,14,1.20%,15,1.10%,19,0.70%,21,0.90%,57,2.20%,39,1.90%,70,2.80%,63,2.10%,67,2.20%,46,2.10%,39,2.20%,65,2.10%,87,5.90%,34,1.60%,52,2.20%,45,1.80%,22,4.30%,36,2.40%,53,4.30%,13,1.00%,28,1.70%,18,1.10%,33,2.30%,41,1.30%,28,1.20%,50,1.90%,23,1.10%,24,1.20%,10,0.60%,93,3.60%,30,1.00%,28,1.50%,27,1.40%,39,1.60%,52,2.40%,44,2.30%,40,1.70%,34,1.80%,16,1.80%,25,1.40%,36,2.20%,38,1.60%,52,2.00%,23,1.40%,28,2.50%,17,1.40%,23,1.10%,20,1.30%,12,1.10%,39,1.20%,11,0.40%,37,1.90%,27,1.90%,47,2.00%,19,1.20%,16,0.60%,19,1.30%,12,0.70%,10,0.40%,8,0.90%,10,0.80%,3,0.20%,21,1.00%,19,1.10%,36,1.50%,19,0.80%,32,1.70%,8,0.30%,18,1.10%,32,2.10%,76,2.30%,69,2.60%,87,3.30%,20,0.90%,46,1.40%,0,0.00%
        80 to 84 years,21,1.60%,21,1.10%,41,1.50%,20,1.00%,11,0.50%,14,0.60%,18,0.60%,23,1.30%,12,0.50%,47,1.30%,8,0.70%,24,0.90%,9,0.80%,2,0.30%,23,1.70%,6,0.30%,7,0.30%,16,0.80%,8,0.50%,15,1.70%,17,1.30%,13,1.20%,7,0.60%,7,0.50%,19,0.60%,43,1.60%,15,0.70%,35,2.30%,14,1.00%,7,0.40%,7,0.60%,17,0.60%,12,0.80%,13,1.20%,28,1.20%,17,0.70%,7,0.60%,12,1.00%,16,0.80%,8,0.70%,2,0.10%,19,0.80%,30,1.40%,25,1.10%,21,1.40%,33,1.00%,16,1.20%,18,1.00%,48,1.90%,0,0.00%,15,0.90%,28,1.20%,24,1.10%,17,0.90%,10,0.60%,32,1.70%,28,1.20%,6,0.40%,7,0.70%,6,0.90%,14,0.90%,7,0.40%,0,0.00%,21,2.00%,2,0.20%,12,0.60%,14,0.80%,1,0.00%,5,0.20%,49,1.30%,5,0.10%,7,0.30%,5,0.20%,0,0.00%,10,0.40%,13,0.60%,35,1.10%,28,1.70%,14,0.90%,19,0.80%,42,1.50%,40,3.00%,25,1.20%,9,0.70%,13,1.90%,18,1.00%,8,0.60%,11,0.90%,17,0.70%,39,1.10%,11,0.70%,28,1.50%,22,1.30%,24,1.10%,32,3.00%,20,1.30%,33,1.80%,20,1.10%,46,1.40%,35,1.50%,20,1.00%,14,0.80%,13,1.20%,23,1.10%,23,1.20%,13,1.00%,32,1.30%,8,0.70%,5,0.40%,8,0.30%,33,1.40%,36,1.40%,42,2.00%,62,2.50%,36,1.20%,32,1.10%,30,1.40%,24,1.30%,42,1.40%,67,4.50%,24,1.10%,32,1.30%,36,1.40%,17,3.30%,25,1.70%,40,3.30%,19,1.40%,23,1.40%,17,1.00%,32,2.30%,39,1.20%,19,0.80%,44,1.70%,20,1.00%,22,1.10%,4,0.20%,79,3.00%,35,1.10%,14,0.70%,21,1.10%,27,1.10%,29,1.30%,44,2.30%,40,1.70%,19,1.00%,6,0.70%,15,0.90%,42,2.50%,43,1.80%,30,1.20%,17,1.10%,18,1.60%,27,2.20%,21,1.00%,10,0.60%,12,1.10%,21,0.70%,11,0.40%,30,1.50%,14,1.00%,26,1.10%,5,0.30%,11,0.40%,9,0.60%,1,0.10%,4,0.10%,4,0.40%,6,0.50%,4,0.20%,19,0.90%,14,0.80%,11,0.50%,13,0.60%,30,1.60%,4,0.20%,14,0.80%,14,0.90%,56,1.70%,53,2.00%,48,1.80%,11,0.50%,45,1.40%,0,0.00%
        85 years and over,6,0.50%,11,0.60%,24,0.90%,12,0.60%,6,0.30%,12,0.50%,16,0.60%,14,0.80%,8,0.40%,32,0.90%,13,1.20%,20,0.70%,5,0.40%,4,0.60%,15,1.10%,8,0.40%,17,0.60%,5,0.20%,7,0.50%,3,0.30%,3,0.20%,3,0.30%,2,0.20%,8,0.50%,10,0.30%,27,1.00%,14,0.70%,19,1.30%,0,0.00%,8,0.40%,11,1.00%,17,0.60%,6,0.40%,6,0.50%,11,0.50%,5,0.20%,0,0.00%,4,0.30%,15,0.70%,5,0.40%,2,0.10%,11,0.50%,13,0.60%,14,0.60%,12,0.80%,12,0.40%,6,0.40%,10,0.50%,13,0.50%,1,0.10%,14,0.90%,28,1.20%,13,0.60%,26,1.40%,10,0.60%,27,1.40%,30,1.30%,6,0.40%,4,0.40%,2,0.30%,8,0.50%,8,0.40%,0,0.00%,10,1.00%,9,0.70%,7,0.40%,24,1.40%,2,0.10%,2,0.10%,29,0.80%,10,0.20%,5,0.20%,3,0.10%,1,0.10%,3,0.10%,20,0.90%,34,1.00%,10,0.60%,19,1.30%,32,1.30%,38,1.40%,23,1.70%,23,1.10%,14,1.10%,5,0.70%,18,1.00%,10,0.70%,8,0.60%,20,0.90%,37,1.00%,13,0.80%,33,1.80%,15,0.90%,21,0.90%,30,2.80%,28,1.80%,21,1.10%,33,1.70%,38,1.10%,19,0.80%,20,1.00%,4,0.20%,11,1.00%,11,0.50%,25,1.30%,16,1.20%,11,0.40%,8,0.70%,14,1.00%,16,0.60%,10,0.40%,39,1.50%,38,1.80%,65,2.60%,37,1.30%,44,1.50%,32,1.50%,17,0.90%,32,1.00%,55,3.70%,10,0.50%,33,1.40%,28,1.10%,25,4.90%,15,1.00%,23,1.90%,19,1.40%,23,1.40%,18,1.10%,26,1.80%,35,1.10%,29,1.30%,39,1.50%,41,2.00%,13,0.70%,3,0.20%,86,3.30%,19,0.60%,22,1.20%,18,1.00%,16,0.70%,33,1.50%,31,1.60%,37,1.60%,22,1.20%,8,0.90%,14,0.80%,30,1.80%,28,1.20%,21,0.80%,10,0.60%,11,1.00%,9,0.70%,8,0.40%,11,0.70%,7,0.60%,31,1.00%,11,0.40%,21,1.10%,19,1.40%,23,1.00%,8,0.50%,2,0.10%,17,1.10%,3,0.20%,7,0.30%,3,0.30%,3,0.20%,6,0.30%,4,0.20%,21,1.20%,13,0.50%,2,0.10%,25,1.30%,1,0.00%,12,0.70%,15,1.00%,41,1.20%,53,2.00%,66,2.50%,11,0.50%,53,1.60%,0,0.00%
        Selected Age Categories,,,,,,,,,,,,,,,,,,,,,,,,,,,,,,,,,,,,,,,,,,,,,,,,,,,,,,,,,,,,,,,,,,,,,,,,,,,,,,,,,,,,,,,,,,,,,,,,,,,,,,,,,,,,,,,,,,,,,,,,,,,,,,,,,,,,,,,,,,,,,,,,,,,,,,,,,,,,,,,,,,,,,,,,,,,,,,,,,,,,,,,,,,,,,,,,,,,,,,,,,,,,,,,,,,,,,,,,,,,,,,,,,,,,,,,,,,,,,,,,,,,,,,,,,,,,,,,,,,,,,,,,,,,,,,,,,,,,,,,,,,,,,,,,,,,,,,,,,,,,,,,,,,,,,,,,,,,,,,,,,,,,,,,,,,,,,,,,,,,,,,,,,,,,,,,,,,,,,,,,,,,,,,
            16 years and over,"1,006",78.30%,"1,567",82.40%,"2,193",81.10%,"1,687",83.50%,"1,624",81.10%,"1,761",80.70%,"2,325",80.40%,"1,482",82.00%,"1,877",85.60%,"2,944",83.90%,865,79.40%,"2,280",84.30%,960,80.60%,531,83.20%,"1,190",88.00%,"1,665",83.20%,"2,176",79.40%,"1,538",76.60%,"1,355",92.30%,768,86.20%,"1,125",84.40%,925,88.30%,"1,095",86.60%,"1,216",83.60%,"2,301",77.10%,"2,335",84.70%,"1,768",85.60%,"1,271",84.50%,"1,267",88.00%,"1,416",78.70%,948,83.90%,"2,145",78.90%,"1,243",82.50%,888,79.60%,"1,789",78.50%,"1,841",77.40%,968,81.80%,854,73.40%,"1,546",76.40%,902,80.20%,"1,355",83.70%,"1,846",79.10%,"1,608",77.00%,"1,679",76.00%,"1,091",74.50%,"2,677",79.20%,"1,022",73.90%,"1,398",75.50%,"1,856",72.30%,645,78.10%,"1,332",82.30%,"1,887",82.60%,"1,671",74.80%,"1,511",79.30%,"1,220",75.90%,"1,484",77.70%,"1,815",79.00%,"1,467",87.70%,848,80.50%,566,81.10%,"1,097",69.50%,"1,382",72.70%,33,64.70%,901,85.70%,"1,105",88.10%,"1,702",88.50%,"1,399",83.40%,"2,235",89.00%,"2,530",83.70%,"3,078",84.40%,"4,705",88.70%,"2,406",86.70%,"2,667",88.20%,634,94.30%,"2,192",86.10%,"1,940",87.50%,"2,579",79.50%,"1,291",77.20%,"1,165",77.90%,"1,955",81.30%,"2,253",82.10%,"1,108",83.10%,"1,624",77.20%,"1,006",80.30%,517,74.60%,"1,422",77.70%,"1,136",81.60%,922,72.70%,"1,733",74.80%,"2,843",79.00%,"1,209",77.50%,"1,486",81.30%,"1,341",82.10%,"1,715",75.30%,897,83.10%,"1,282",81.50%,"1,557",82.70%,"1,513",79.80%,"2,928",88.00%,"1,916",80.70%,"1,624",79.20%,"1,437",78.90%,829,78.40%,"1,692",79.30%,"1,542",82.30%,"1,051",80.90%,"2,000",80.70%,948,80.30%,"1,153",81.80%,"2,337",89.70%,"2,088",86.50%,"2,176",83.00%,"1,811",87.60%,"2,169",87.10%,"2,405",81.30%,"2,447",81.60%,"1,773",80.50%,"1,426",79.70%,"2,467",80.50%,"1,222",82.30%,"1,719",81.40%,"1,943",81.20%,"2,082",82.90%,425,83.70%,"1,248",82.80%,"1,067",86.80%,"1,048",79.10%,"1,364",82.50%,"1,270",77.90%,"1,209",85.90%,"2,634",82.60%,"1,836",79.80%,"2,062",80.00%,"1,634",79.20%,"1,543",79.00%,"1,534",85.90%,"2,168",83.30%,"2,358",76.80%,"1,502",78.80%,"1,496",79.30%,"1,954",79.40%,"1,765",81.00%,"1,552",80.90%,"1,912",82.00%,"1,463",79.50%,686,76.10%,"1,365",78.80%,"1,343",80.30%,"1,854",78.30%,"2,020",79.00%,"1,225",76.40%,956,85.40%,958,77.30%,"1,625",77.60%,"1,169",75.20%,877,80.30%,"2,581",80.70%,"2,297",85.50%,"1,678",84.70%,"1,165",83.30%,"1,986",86.10%,"1,307",80.50%,"2,096",81.20%,"1,212",81.60%,"1,351",80.10%,"2,367",85.50%,764,83.00%,"1,027",85.30%,"1,701",93.40%,"1,842",88.90%,"1,493",88.80%,"2,055",84.70%,"1,873",80.40%,"1,726",89.20%,"2,177",82.70%,"1,445",87.50%,"1,335",88.40%,"2,763",82.20%,"2,202",83.20%,"2,264",85.70%,"1,726",79.70%,"2,610",78.50%,2,50.00%
            18 years and over,970,75.50%,"1,524",80.10%,"2,136",79.00%,"1,663",82.30%,"1,579",78.80%,"1,711",78.40%,"2,274",78.70%,"1,439",79.60%,"1,847",84.20%,"2,904",82.70%,854,78.30%,"2,234",82.60%,948,79.60%,511,80.10%,"1,168",86.30%,"1,616",80.80%,"2,107",76.90%,"1,501",74.80%,"1,346",91.70%,761,85.40%,"1,104",82.80%,916,87.40%,"1,091",86.20%,"1,205",82.80%,"2,225",74.50%,"2,297",83.30%,"1,729",83.70%,"1,243",82.60%,"1,257",87.40%,"1,386",77.00%,942,83.40%,"2,097",77.10%,"1,207",80.10%,857,76.80%,"1,752",76.90%,"1,790",75.20%,940,79.50%,812,69.80%,"1,486",73.40%,880,78.30%,"1,319",81.50%,"1,778",76.20%,"1,565",74.90%,"1,613",73.00%,"1,054",72.00%,"2,603",77.00%,971,70.20%,"1,355",73.20%,"1,771",69.00%,634,76.80%,"1,276",78.80%,"1,815",79.50%,"1,609",72.10%,"1,467",77.00%,"1,190",74.10%,"1,441",75.40%,"1,751",76.20%,"1,457",87.10%,841,79.90%,556,79.70%,"1,027",65.10%,"1,320",69.40%,31,60.80%,883,84.00%,"1,099",87.60%,"1,675",87.10%,"1,385",82.50%,"2,232",88.90%,"2,508",83.00%,"3,059",83.90%,"4,698",88.60%,"2,393",86.20%,"2,660",88.00%,633,94.20%,"2,186",85.90%,"1,923",86.70%,"2,489",76.70%,"1,250",74.70%,"1,133",75.70%,"1,908",79.30%,"2,202",80.20%,"1,074",80.60%,"1,577",75.00%,978,78.10%,493,71.10%,"1,367",74.70%,"1,117",80.20%,888,70.00%,"1,695",73.20%,"2,738",76.10%,"1,168",74.90%,"1,454",79.50%,"1,305",79.90%,"1,640",72.00%,880,81.50%,"1,242",79.00%,"1,510",80.20%,"1,467",77.40%,"2,869",86.20%,"1,862",78.40%,"1,553",75.70%,"1,387",76.20%,806,76.30%,"1,638",76.70%,"1,492",79.60%,"1,024",78.80%,"1,928",77.80%,927,78.50%,"1,118",79.30%,"2,322",89.20%,"2,058",85.30%,"2,130",81.20%,"1,793",86.70%,"2,134",85.70%,"2,338",79.00%,"2,367",78.90%,"1,710",77.70%,"1,391",77.70%,"2,367",77.30%,"1,188",80.00%,"1,684",79.70%,"1,878",78.40%,"2,021",80.50%,420,82.70%,"1,194",79.20%,"1,058",86.10%,"1,009",76.20%,"1,332",80.50%,"1,222",74.90%,"1,192",84.70%,"2,571",80.60%,"1,768",76.80%,"1,987",77.10%,"1,572",76.20%,"1,488",76.20%,"1,528",85.60%,"2,098",80.60%,"2,288",74.60%,"1,455",76.30%,"1,432",75.90%,"1,887",76.70%,"1,714",78.70%,"1,504",78.40%,"1,867",80.00%,"1,410",76.60%,653,72.50%,"1,320",76.20%,"1,289",77.00%,"1,795",75.80%,"1,945",76.00%,"1,188",74.10%,936,83.60%,921,74.30%,"1,534",73.30%,"1,118",71.90%,845,77.40%,"2,480",77.50%,"2,281",85.00%,"1,628",82.20%,"1,129",80.80%,"1,945",84.30%,"1,292",79.60%,"2,085",80.80%,"1,200",80.80%,"1,346",79.80%,"2,355",85.00%,755,82.10%,"1,015",84.30%,"1,677",92.00%,"1,824",88.10%,"1,477",87.80%,"2,029",83.60%,"1,827",78.40%,"1,717",88.80%,"2,166",82.30%,"1,429",86.50%,"1,328",87.90%,"2,682",79.80%,"2,149",81.20%,"2,214",83.80%,"1,707",78.80%,"2,527",76.00%,2,50.00%
            21 years and over,934,72.70%,"1,453",76.40%,"2,042",75.50%,"1,599",79.10%,"1,528",76.30%,"1,642",75.30%,"2,175",75.30%,"1,393",77.00%,"1,776",80.90%,"2,834",80.70%,825,75.70%,"2,147",79.40%,923,77.50%,490,76.80%,"1,124",83.10%,"1,561",78.00%,"2,039",74.40%,"1,423",70.90%,"1,338",91.10%,733,82.30%,"1,071",80.30%,908,86.60%,"1,082",85.50%,"1,194",82.10%,"2,112",70.70%,"2,150",78.00%,"1,666",80.70%,"1,186",78.80%,"1,249",86.80%,"1,339",74.40%,926,81.90%,"1,966",72.30%,"1,155",76.60%,819,73.40%,"1,671",73.30%,"1,687",70.90%,902,76.20%,770,66.20%,"1,403",69.30%,839,74.60%,"1,282",79.20%,"1,693",72.60%,"1,475",70.60%,"1,478",66.90%,"1,004",68.60%,"2,455",72.70%,911,65.90%,"1,285",69.40%,"1,648",64.20%,624,75.50%,"1,212",74.90%,"1,708",74.80%,"1,512",67.70%,"1,390",73.00%,"1,117",69.50%,"1,344",70.40%,"1,645",71.60%,"1,440",86.10%,821,78.00%,541,77.50%,946,59.90%,"1,242",65.30%,30,58.80%,855,81.40%,"1,091",87.00%,"1,640",85.30%,"1,371",81.70%,"2,228",88.70%,"2,499",82.70%,"3,042",83.40%,"4,664",88.00%,"2,390",86.10%,"2,649",87.60%,630,93.80%,"2,177",85.50%,"1,900",85.70%,"2,392",73.80%,"1,189",71.10%,"1,074",71.80%,"1,836",76.30%,"2,113",77.00%,"1,020",76.50%,"1,498",71.20%,907,72.40%,457,65.90%,"1,293",70.60%,"1,075",77.20%,848,66.90%,"1,597",69.00%,"2,589",72.00%,"1,106",70.90%,"1,372",75.10%,"1,226",75.10%,"1,549",68.00%,839,77.70%,"1,190",75.70%,"1,402",74.50%,"1,394",73.60%,"2,720",81.70%,"1,764",74.30%,"1,469",71.60%,"1,293",71.00%,759,71.80%,"1,556",72.90%,"1,403",74.90%,960,73.90%,"1,815",73.30%,891,75.40%,"1,058",75.10%,"2,290",87.90%,"2,004",83.10%,"1,987",75.80%,"1,776",85.90%,"2,019",81.10%,"2,233",75.40%,"2,239",74.70%,"1,614",73.30%,"1,334",74.50%,"2,208",72.10%,"1,127",75.90%,"1,594",75.50%,"1,760",73.50%,"1,930",76.80%,400,78.70%,"1,134",75.20%,"1,045",85.00%,946,71.40%,"1,273",77.00%,"1,158",71.00%,"1,181",83.90%,"2,465",77.30%,"1,695",73.70%,"1,869",72.50%,"1,489",72.20%,"1,403",71.80%,"1,516",84.90%,"2,013",77.30%,"2,148",70.00%,"1,384",72.60%,"1,340",71.00%,"1,776",72.20%,"1,636",75.10%,"1,422",74.10%,"1,789",76.70%,"1,312",71.30%,624,69.30%,"1,245",71.90%,"1,199",71.70%,"1,680",71.00%,"1,829",71.50%,"1,130",70.50%,907,81.00%,859,69.30%,"1,434",68.50%,"1,028",66.10%,799,73.20%,"2,357",73.70%,"2,258",84.10%,"1,566",79.10%,"1,086",77.70%,"1,883",81.60%,"1,276",78.60%,"2,049",79.40%,"1,162",78.20%,"1,328",78.70%,"2,266",81.80%,737,80.10%,979,81.30%,"1,390",76.30%,"1,784",86.10%,"1,437",85.40%,"1,989",82.00%,"1,758",75.40%,"1,703",88.10%,"2,151",81.70%,"1,420",86.00%,"1,290",85.40%,"2,555",76.00%,"2,071",78.20%,"2,096",79.30%,"1,685",77.80%,"2,360",71.00%,2,50.00%
            62 years and over,157,12.20%,271,14.20%,383,14.20%,232,11.50%,242,12.10%,241,11.00%,378,13.10%,209,11.60%,206,9.40%,614,17.50%,158,14.50%,305,11.30%,117,9.80%,80,12.50%,190,14.00%,186,9.30%,225,8.20%,194,9.70%,108,7.40%,125,14.00%,190,14.30%,93,8.90%,76,6.00%,108,7.40%,319,10.70%,406,14.70%,235,11.40%,226,15.00%,103,7.20%,138,7.70%,96,8.50%,379,13.90%,179,11.90%,128,11.50%,262,11.50%,263,11.10%,128,10.80%,163,14.00%,204,10.10%,146,13.00%,117,7.20%,279,12.00%,276,13.20%,296,13.40%,183,12.50%,484,14.30%,174,12.60%,287,15.50%,289,11.30%,95,11.50%,266,16.40%,424,18.60%,262,11.70%,347,18.20%,199,12.40%,354,18.50%,406,17.70%,112,6.70%,62,5.90%,114,16.30%,174,11.00%,178,9.40%,2,3.90%,128,12.20%,67,5.30%,186,9.70%,163,9.70%,60,2.40%,161,5.30%,361,9.90%,86,1.60%,99,3.60%,96,3.20%,12,1.80%,105,4.10%,132,6.00%,515,15.90%,251,15.00%,246,16.40%,329,13.70%,499,18.20%,341,25.60%,308,14.60%,193,15.40%,100,14.40%,255,13.90%,246,17.70%,165,13.00%,283,12.20%,587,16.30%,216,13.80%,325,17.80%,291,17.80%,359,15.80%,240,22.20%,322,20.50%,336,17.90%,259,13.70%,475,14.30%,331,13.90%,285,13.90%,264,14.50%,154,14.60%,306,14.30%,266,14.20%,147,11.30%,342,13.80%,129,10.90%,158,11.20%,164,6.30%,259,10.70%,364,13.90%,400,19.30%,525,21.10%,447,15.10%,474,15.80%,323,14.70%,293,16.40%,451,14.70%,456,30.70%,256,12.10%,363,15.20%,411,16.40%,140,27.60%,268,17.80%,310,25.20%,142,10.70%,251,15.20%,179,11.00%,232,16.50%,403,12.60%,287,12.50%,365,14.20%,275,13.30%,202,10.30%,115,6.40%,535,20.60%,316,10.30%,211,11.10%,242,12.80%,294,12.00%,337,15.50%,284,14.80%,350,15.00%,237,12.90%,78,8.70%,191,11.00%,272,16.30%,282,11.90%,330,12.90%,202,12.60%,197,17.60%,178,14.40%,209,10.00%,148,9.50%,146,13.40%,379,11.80%,183,6.80%,270,13.60%,200,14.30%,312,13.50%,124,7.60%,112,4.30%,151,10.20%,45,2.70%,81,2.90%,60,6.50%,112,9.30%,47,2.60%,191,9.20%,139,8.30%,183,7.50%,146,6.30%,206,10.70%,89,3.40%,113,6.80%,171,11.30%,576,17.10%,528,19.90%,578,21.90%,131,6.10%,428,12.90%,0,0.00%
            65 years and over,128,10.00%,209,11.00%,320,11.80%,184,9.10%,176,8.80%,185,8.50%,292,10.10%,172,9.50%,161,7.30%,520,14.80%,129,11.80%,232,8.60%,92,7.70%,67,10.50%,159,11.80%,141,7.00%,154,5.60%,158,7.90%,82,5.60%,92,10.30%,141,10.60%,73,7.00%,51,4.00%,81,5.60%,222,7.40%,316,11.50%,181,8.80%,195,13.00%,86,6.00%,105,5.80%,75,6.60%,290,10.70%,133,8.80%,101,9.10%,195,8.60%,192,8.10%,86,7.30%,123,10.60%,156,7.70%,113,10.10%,84,5.20%,220,9.40%,210,10.10%,241,10.90%,148,10.10%,383,11.30%,137,9.90%,226,12.20%,242,9.40%,73,8.80%,210,13.00%,333,14.60%,200,9.00%,265,13.90%,157,9.80%,281,14.70%,337,14.70%,78,4.70%,49,4.70%,92,13.20%,137,8.70%,129,6.80%,2,3.90%,111,10.60%,57,4.50%,142,7.40%,121,7.20%,43,1.70%,113,3.70%,308,8.40%,61,1.20%,69,2.50%,64,2.10%,4,0.60%,72,2.80%,101,4.60%,403,12.40%,199,11.90%,190,12.70%,262,10.90%,393,14.30%,293,22.00%,234,11.10%,141,11.30%,74,10.70%,204,11.10%,202,14.50%,129,10.20%,205,8.90%,460,12.80%,170,10.90%,251,13.70%,212,13.00%,263,11.60%,189,17.50%,266,16.90%,261,13.90%,204,10.80%,371,11.10%,245,10.30%,218,10.60%,202,11.10%,112,10.60%,240,11.20%,205,10.90%,117,9.00%,266,10.70%,96,8.10%,122,8.70%,126,4.80%,189,7.80%,303,11.60%,326,15.80%,435,17.50%,348,11.80%,375,12.50%,249,11.30%,232,13.00%,357,11.70%,401,27.00%,197,9.30%,270,11.30%,329,13.10%,117,23.00%,207,13.70%,247,20.10%,120,9.10%,199,12.00%,140,8.60%,190,13.50%,325,10.20%,212,9.20%,289,11.20%,219,10.60%,161,8.20%,76,4.30%,470,18.10%,250,8.10%,173,9.10%,178,9.40%,218,8.90%,275,12.60%,234,12.20%,288,12.30%,184,10.00%,61,6.80%,145,8.40%,240,14.30%,230,9.70%,249,9.70%,146,9.10%,154,13.80%,132,10.70%,152,7.30%,125,8.00%,116,10.60%,288,9.00%,136,5.10%,215,10.90%,163,11.70%,247,10.70%,88,5.40%,83,3.20%,128,8.60%,33,2.00%,61,2.20%,47,5.10%,87,7.20%,39,2.10%,146,7.00%,121,7.20%,159,6.60%,113,4.80%,171,8.80%,60,2.30%,96,5.80%,130,8.60%,465,13.80%,438,16.50%,460,17.40%,102,4.70%,352,10.60%,0,0.00%
    Female population,"1,270",100.00%,"1,932",100.00%,"2,688",100.00%,"1,927",100.00%,"1,970",100.00%,"2,135",100.00%,"2,900",100.00%,"1,801",100.00%,"1,881",100.00%,"3,267",100.00%,"1,028",100.00%,"2,640",100.00%,962,100.00%,630,100.00%,"1,271",100.00%,"1,866",100.00%,"2,498",100.00%,"1,958",100.00%,"1,216",100.00%,736,100.00%,"1,230",100.00%,988,100.00%,"1,205",100.00%,"1,351",100.00%,"2,966",100.00%,"2,886",100.00%,"1,925",100.00%,"1,469",100.00%,"1,407",100.00%,"1,565",100.00%,"1,127",100.00%,"2,923",100.00%,"1,584",100.00%,"1,169",100.00%,"2,314",100.00%,"2,721",100.00%,"1,320",100.00%,"1,533",100.00%,"2,371",100.00%,"1,185",100.00%,"1,686",100.00%,"2,380",100.00%,"2,281",100.00%,"2,606",100.00%,"1,737",100.00%,"3,928",100.00%,"1,758",100.00%,"2,045",100.00%,"3,001",100.00%,857,100.00%,"1,824",100.00%,"2,573",100.00%,"2,476",100.00%,"2,049",100.00%,"1,829",100.00%,"2,137",100.00%,"2,495",100.00%,"1,604",100.00%,"1,217",100.00%,631,100.00%,"2,092",100.00%,"2,242",100.00%,48,100.00%,"1,090",100.00%,"1,119",100.00%,"1,587",100.00%,"1,591",100.00%,"2,434",100.00%,"2,811",100.00%,"3,717",100.00%,"5,042",100.00%,"2,459",100.00%,"3,058",100.00%,617,100.00%,"2,473",100.00%,"2,126",100.00%,"3,452",100.00%,"1,804",100.00%,"1,635",100.00%,"2,602",100.00%,"2,968",100.00%,"1,583",100.00%,"2,269",100.00%,"1,350",100.00%,758,100.00%,"1,857",100.00%,"1,308",100.00%,"1,275",100.00%,"2,399",100.00%,"3,801",100.00%,"1,678",100.00%,"2,035",100.00%,"1,796",100.00%,"2,470",100.00%,"1,170",100.00%,"1,657",100.00%,"2,018",100.00%,"1,951",100.00%,"2,680",100.00%,"2,454",100.00%,"2,011",100.00%,"1,844",100.00%,"1,121",100.00%,"2,130",100.00%,"1,891",100.00%,"1,295",100.00%,"2,551",100.00%,"1,053",100.00%,"1,215",100.00%,"2,340",100.00%,"2,207",100.00%,"2,587",100.00%,"2,430",100.00%,"2,660",100.00%,"2,972",100.00%,"2,938",100.00%,"2,316",100.00%,"1,867",100.00%,"3,249",100.00%,"2,077",100.00%,"2,116",100.00%,"2,486",100.00%,"2,722",100.00%,587,100.00%,"1,642",100.00%,"1,382",100.00%,"1,375",100.00%,"1,808",100.00%,"1,613",100.00%,"1,473",100.00%,"3,277",100.00%,"2,267",100.00%,"2,625",100.00%,"2,252",100.00%,"1,800",100.00%,"1,709",100.00%,"3,107",100.00%,"2,897",100.00%,"1,887",100.00%,"1,886",100.00%,"2,353",100.00%,"2,325",100.00%,"1,866",100.00%,"2,349",100.00%,"1,982",100.00%,872,100.00%,"1,616",100.00%,"1,691",100.00%,"2,553",100.00%,"2,801",100.00%,"1,626",100.00%,"1,152",100.00%,"1,358",100.00%,"2,268",100.00%,"1,664",100.00%,"1,100",100.00%,"3,379",100.00%,"2,673",100.00%,"2,176",100.00%,"1,451",100.00%,"2,527",100.00%,"1,556",100.00%,"2,646",100.00%,"1,671",100.00%,"1,797",100.00%,"2,675",100.00%,943,100.00%,"1,237",100.00%,"1,184",100.00%,"2,311",100.00%,"1,687",100.00%,"2,338",100.00%,"2,491",100.00%,"2,015",100.00%,"2,476",100.00%,"1,608",100.00%,"1,453",100.00%,"3,720",100.00%,"2,894",100.00%,"2,660",100.00%,"2,091",100.00%,"3,438",100.00%,1,100.00%
        Under 5 years,66,5.20%,94,4.90%,136,5.10%,87,4.50%,123,6.20%,133,6.20%,173,6.00%,99,5.50%,116,6.20%,230,7.00%,67,6.50%,181,6.90%,59,6.10%,25,4.00%,62,4.90%,111,5.90%,177,7.10%,159,8.10%,54,4.40%,46,6.30%,85,6.90%,64,6.50%,61,5.10%,97,7.20%,198,6.70%,169,5.90%,120,6.20%,122,8.30%,97,6.90%,120,7.70%,73,6.50%,201,6.90%,101,6.40%,70,6.00%,144,6.20%,200,7.40%,76,5.80%,99,6.50%,124,5.20%,81,6.80%,115,6.80%,141,5.90%,135,5.90%,148,5.70%,98,5.60%,247,6.30%,117,6.70%,118,5.80%,207,6.90%,61,7.10%,84,4.60%,129,5.00%,127,5.10%,107,5.20%,108,5.90%,132,6.20%,148,5.90%,106,6.60%,65,5.30%,40,6.30%,125,6.00%,149,6.60%,1,2.10%,60,5.50%,66,5.90%,82,5.20%,171,10.70%,173,7.10%,263,9.40%,299,8.00%,362,7.20%,192,7.80%,190,6.20%,30,4.90%,212,8.60%,158,7.40%,195,5.60%,101,5.60%,87,5.30%,178,6.80%,154,5.20%,57,3.60%,126,5.60%,80,5.90%,36,4.70%,116,6.20%,69,5.30%,71,5.60%,168,7.00%,230,6.10%,103,6.10%,114,5.60%,80,4.50%,128,5.20%,45,3.80%,83,5.00%,82,4.10%,95,4.90%,123,4.60%,139,5.70%,88,4.40%,98,5.30%,60,5.40%,96,4.50%,111,5.90%,96,7.40%,132,5.20%,65,6.20%,78,6.40%,148,6.30%,105,4.80%,134,5.20%,116,4.80%,116,4.40%,158,5.30%,165,5.60%,133,5.70%,103,5.50%,161,5.00%,90,4.30%,111,5.20%,157,6.30%,117,4.30%,23,3.90%,79,4.80%,77,5.60%,108,7.90%,98,5.40%,108,6.70%,113,7.70%,170,5.20%,97,4.30%,116,4.40%,94,4.20%,106,5.90%,180,10.50%,97,3.10%,181,6.20%,110,5.80%,116,6.20%,139,5.90%,107,4.60%,78,4.20%,121,5.20%,104,5.20%,53,6.10%,98,6.10%,93,5.50%,158,6.20%,164,5.90%,85,5.20%,54,4.70%,78,5.70%,134,5.90%,72,4.30%,52,4.70%,198,5.90%,193,7.20%,114,5.20%,73,5.00%,128,5.10%,163,10.50%,330,12.50%,89,5.30%,217,12.10%,225,8.40%,58,6.20%,71,5.70%,35,3.00%,106,4.60%,80,4.70%,170,7.30%,138,5.50%,92,4.60%,278,11.20%,66,4.10%,60,4.10%,210,5.60%,166,5.70%,89,3.30%,228,10.90%,177,5.10%,0,0.00%
        5 to 9 years,74,5.80%,108,5.60%,160,6.00%,115,6.00%,117,5.90%,147,6.90%,178,6.10%,101,5.60%,91,4.80%,189,5.80%,73,7.10%,140,5.30%,51,5.30%,30,4.80%,44,3.50%,98,5.30%,158,6.30%,129,6.60%,34,2.80%,21,2.90%,54,4.40%,29,2.90%,53,4.40%,58,4.30%,193,6.50%,131,4.50%,90,4.70%,90,6.10%,49,3.50%,105,6.70%,45,4.00%,166,5.70%,81,5.10%,82,7.00%,140,6.10%,223,8.20%,72,5.50%,98,6.40%,153,6.50%,72,6.10%,94,5.60%,152,6.40%,127,5.60%,164,6.30%,93,5.40%,198,5.00%,125,7.10%,103,5.00%,210,7.00%,51,6.00%,91,5.00%,107,4.20%,141,5.70%,109,5.30%,109,6.00%,113,5.30%,153,6.10%,55,3.40%,63,5.20%,37,5.90%,137,6.50%,165,7.40%,2,4.20%,45,4.10%,39,3.50%,69,4.30%,61,3.80%,80,3.30%,144,5.10%,143,3.80%,141,2.80%,101,4.10%,97,3.20%,3,0.50%,99,4.00%,50,2.40%,213,6.20%,107,5.90%,92,5.60%,142,5.50%,146,4.90%,47,3.00%,164,7.20%,78,5.80%,40,5.30%,124,6.70%,63,4.80%,84,6.60%,156,6.50%,187,4.90%,114,6.80%,129,6.30%,115,6.40%,123,5.00%,70,6.00%,69,4.20%,100,5.00%,115,5.90%,130,4.90%,141,5.70%,123,6.10%,132,7.20%,61,5.40%,118,5.50%,87,4.60%,57,4.40%,114,4.50%,78,7.40%,59,4.90%,52,2.20%,88,4.00%,142,5.50%,64,2.60%,107,4.00%,151,5.10%,159,5.40%,147,6.30%,109,5.80%,185,5.70%,68,3.30%,124,5.90%,135,5.40%,116,4.30%,11,1.90%,82,5.00%,49,3.50%,85,6.20%,70,3.90%,98,6.10%,44,3.00%,171,5.20%,152,6.70%,140,5.30%,128,5.70%,84,4.70%,44,2.60%,129,4.20%,181,6.20%,101,5.40%,123,6.50%,140,5.90%,123,5.30%,108,5.80%,137,5.80%,122,6.20%,68,7.80%,90,5.60%,90,5.30%,183,7.20%,159,5.70%,93,5.70%,56,4.90%,73,5.40%,180,7.90%,126,7.60%,74,6.70%,228,6.70%,93,3.50%,94,4.30%,65,4.50%,123,4.90%,80,5.10%,107,4.00%,95,5.70%,64,3.60%,85,3.20%,46,4.90%,47,3.80%,32,2.70%,67,2.90%,71,4.20%,125,5.30%,138,5.50%,55,2.70%,122,4.90%,47,2.90%,38,2.60%,212,5.70%,133,4.60%,101,3.80%,76,3.60%,218,6.30%,0,0.00%
        10 to 14 years,83,6.50%,111,5.70%,151,5.60%,94,4.90%,103,5.20%,104,4.90%,140,4.80%,105,5.80%,73,3.90%,101,3.10%,61,5.90%,121,4.60%,34,3.50%,32,5.10%,52,4.10%,89,4.80%,158,6.30%,130,6.60%,21,1.70%,23,3.10%,43,3.50%,15,1.50%,33,2.70%,48,3.60%,210,7.10%,104,3.60%,71,3.70%,57,3.90%,33,2.30%,101,6.50%,31,2.80%,212,7.30%,97,6.10%,57,4.90%,126,5.40%,186,6.80%,64,4.80%,109,7.10%,133,5.60%,66,5.60%,86,5.10%,121,5.10%,160,7.00%,170,6.50%,133,7.70%,177,4.50%,132,7.50%,132,6.50%,207,6.90%,35,4.10%,111,6.10%,123,4.80%,153,6.20%,114,5.60%,135,7.40%,133,6.20%,143,5.70%,40,2.50%,70,5.80%,27,4.30%,164,7.80%,178,7.90%,2,4.20%,41,3.80%,25,2.20%,54,3.40%,29,1.80%,16,0.70%,71,2.50%,71,1.90%,66,1.30%,54,2.20%,34,1.10%,1,0.20%,41,1.70%,59,2.80%,229,6.60%,121,6.70%,102,6.20%,138,5.30%,164,5.50%,56,3.50%,116,5.10%,83,6.10%,54,7.10%,97,5.20%,51,3.90%,77,6.00%,184,7.70%,223,5.90%,100,6.00%,112,5.50%,101,5.60%,164,6.60%,49,4.20%,99,6.00%,103,5.10%,120,6.20%,126,4.70%,138,5.60%,104,5.20%,132,7.20%,75,6.70%,142,6.70%,100,5.30%,65,5.00%,167,6.50%,50,4.70%,83,6.80%,37,1.60%,89,4.00%,135,5.20%,45,1.90%,119,4.50%,154,5.20%,176,6.00%,128,5.50%,114,6.10%,186,5.70%,70,3.40%,122,5.80%,148,6.00%,125,4.60%,19,3.20%,109,6.60%,31,2.20%,103,7.50%,70,3.90%,92,5.70%,32,2.20%,155,4.70%,136,6.00%,149,5.70%,126,5.60%,130,7.20%,27,1.60%,135,4.30%,212,7.30%,105,5.60%,131,6.90%,168,7.10%,138,5.90%,86,4.60%,127,5.40%,127,6.40%,55,6.30%,139,8.60%,102,6.00%,182,7.10%,195,7.00%,107,6.60%,52,4.50%,86,6.30%,185,8.20%,130,7.80%,59,5.40%,209,6.20%,84,3.10%,114,5.20%,71,4.90%,87,3.40%,47,3.00%,72,2.70%,60,3.60%,32,1.80%,68,2.50%,31,3.30%,35,2.80%,15,1.30%,64,2.80%,51,3.00%,68,2.90%,104,4.20%,53,2.60%,67,2.70%,20,1.20%,36,2.50%,184,4.90%,131,4.50%,116,4.40%,45,2.20%,252,7.30%,0,0.00%
        15 to 19 years,74,5.80%,103,5.30%,133,4.90%,92,4.80%,100,5.10%,108,5.10%,150,5.20%,72,4.00%,62,3.30%,75,2.30%,41,4.00%,107,4.10%,40,4.20%,32,5.10%,45,3.50%,92,4.90%,138,5.50%,77,3.90%,38,3.10%,23,3.10%,45,3.70%,9,0.90%,26,2.20%,27,2.00%,165,5.60%,109,3.80%,86,4.50%,63,4.30%,22,1.60%,75,4.80%,28,2.50%,187,6.40%,105,6.60%,43,3.70%,127,5.50%,135,5.00%,78,5.90%,93,6.10%,128,5.40%,73,6.20%,74,4.40%,143,6.00%,138,6.00%,185,7.10%,130,7.50%,248,6.30%,108,6.10%,148,7.20%,183,6.10%,19,2.20%,106,5.80%,144,5.60%,170,6.90%,107,5.20%,116,6.30%,106,5.00%,144,5.80%,32,2.00%,26,2.10%,33,5.20%,145,6.90%,166,7.40%,6,12.50%,41,3.80%,8,0.70%,32,2.00%,29,1.80%,14,0.60%,29,1.00%,34,0.90%,41,0.80%,27,1.10%,31,1.00%,8,1.30%,27,1.10%,54,2.50%,181,5.20%,128,7.10%,93,5.70%,141,5.40%,165,5.60%,67,4.20%,141,6.20%,57,4.20%,59,7.80%,107,5.80%,48,3.70%,88,6.90%,133,5.50%,252,6.60%,90,5.40%,110,5.40%,90,5.00%,157,6.40%,58,5.00%,76,4.60%,130,6.40%,116,5.90%,166,6.20%,158,6.40%,131,6.50%,130,7.00%,94,8.40%,121,5.70%,87,4.60%,82,6.30%,161,6.30%,67,6.40%,71,5.80%,46,2.00%,71,3.20%,123,4.80%,44,1.80%,106,4.00%,171,5.80%,198,6.70%,153,6.60%,132,7.10%,228,7.00%,95,4.60%,118,5.60%,158,6.40%,144,5.30%,32,5.50%,122,7.40%,20,1.40%,103,7.50%,101,5.60%,101,6.30%,17,1.20%,188,5.70%,144,6.40%,185,7.00%,134,6.00%,128,7.10%,15,0.90%,110,3.50%,183,6.30%,121,6.40%,132,7.00%,138,5.90%,121,5.20%,102,5.50%,108,4.60%,117,5.90%,41,4.70%,101,6.30%,87,5.10%,164,6.40%,201,7.20%,112,6.90%,42,3.60%,80,5.90%,176,7.80%,102,6.10%,54,4.90%,163,4.80%,70,2.60%,79,3.60%,81,5.60%,99,3.90%,31,2.00%,52,2.00%,51,3.10%,35,1.90%,44,1.60%,18,1.90%,27,2.20%,194,16.40%,60,2.60%,34,2.00%,44,1.90%,95,3.80%,23,1.10%,25,1.00%,27,1.70%,27,1.90%,181,4.90%,121,4.20%,140,5.30%,40,1.90%,205,6.00%,0,0.00%
        20 to 24 years,81,6.40%,139,7.20%,167,6.20%,154,8.00%,128,6.50%,141,6.60%,176,6.10%,117,6.50%,115,6.10%,139,4.30%,50,4.90%,141,5.30%,60,6.20%,42,6.70%,87,6.80%,123,6.60%,191,7.60%,120,6.10%,125,10.30%,44,6.00%,69,5.60%,42,4.30%,42,3.50%,44,3.30%,201,6.80%,243,8.40%,182,9.50%,93,6.30%,64,4.50%,83,5.30%,66,5.90%,193,6.60%,108,6.80%,69,5.90%,172,7.40%,193,7.10%,85,6.40%,120,7.80%,175,7.40%,70,5.90%,125,7.40%,168,7.10%,172,7.50%,227,8.70%,121,7.00%,321,8.20%,124,7.10%,142,6.90%,199,6.60%,26,3.00%,142,7.80%,182,7.10%,156,6.30%,129,6.30%,138,7.50%,116,5.40%,168,6.70%,62,3.90%,53,4.40%,40,6.30%,148,7.10%,174,7.80%,1,2.10%,43,3.90%,41,3.70%,119,7.50%,51,3.20%,97,4.00%,87,3.10%,153,4.10%,372,7.40%,132,5.40%,297,9.70%,75,12.20%,207,8.40%,216,10.20%,211,6.10%,128,7.10%,111,6.80%,153,5.90%,155,5.20%,52,3.30%,119,5.20%,81,6.00%,48,6.30%,116,6.20%,89,6.80%,86,6.70%,149,6.20%,243,6.40%,98,5.80%,111,5.50%,122,6.80%,139,5.60%,86,7.40%,86,5.20%,124,6.10%,114,5.80%,140,5.20%,135,5.50%,139,6.90%,132,7.20%,67,6.00%,133,6.20%,112,5.90%,90,6.90%,175,6.90%,94,8.90%,107,8.80%,162,6.90%,141,6.40%,143,5.50%,43,1.80%,140,5.30%,181,6.10%,183,6.20%,182,7.90%,98,5.20%,228,7.00%,98,4.70%,140,6.60%,168,6.80%,199,7.30%,24,4.10%,112,6.80%,30,2.20%,79,5.70%,106,5.90%,109,6.80%,32,2.20%,177,5.40%,129,5.70%,169,6.40%,133,5.90%,122,6.80%,47,2.80%,165,5.30%,180,6.20%,112,5.90%,128,6.80%,161,6.80%,109,4.70%,116,6.20%,162,6.90%,120,6.10%,47,5.40%,103,6.40%,90,5.30%,182,7.10%,174,6.20%,135,8.30%,63,5.50%,90,6.60%,163,7.20%,118,7.10%,80,7.30%,201,5.90%,112,4.20%,99,4.50%,73,5.00%,123,4.90%,58,3.70%,77,2.90%,114,6.80%,79,4.40%,198,7.40%,72,7.60%,113,9.10%,324,27.40%,282,12.20%,182,10.80%,158,6.80%,155,6.20%,141,7.00%,115,4.60%,140,8.70%,126,8.70%,175,4.70%,115,4.00%,148,5.60%,79,3.80%,198,5.80%,0,0.00%
        25 to 29 years,137,10.80%,158,8.20%,240,8.90%,223,11.60%,218,11.10%,221,10.40%,265,9.10%,215,11.90%,253,13.50%,356,10.90%,92,8.90%,295,11.20%,107,11.10%,61,9.70%,145,11.40%,219,11.70%,313,12.50%,222,11.30%,304,25.00%,110,14.90%,170,13.80%,170,17.20%,215,17.80%,167,12.40%,267,9.00%,292,10.10%,213,11.10%,173,11.80%,332,23.60%,168,10.70%,132,11.70%,276,9.40%,147,9.30%,119,10.20%,199,8.60%,242,8.90%,112,8.50%,101,6.60%,213,9.00%,111,9.40%,217,12.90%,194,8.20%,177,7.80%,190,7.30%,144,8.30%,269,6.80%,157,8.90%,154,7.50%,257,8.60%,44,5.10%,117,6.40%,206,8.00%,208,8.40%,146,7.10%,154,8.40%,150,7.00%,190,7.60%,257,16.00%,153,12.60%,55,8.70%,132,6.30%,170,7.60%,1,2.10%,141,12.90%,197,17.60%,236,14.90%,224,14.10%,607,24.90%,346,12.30%,539,14.50%,"1,324",26.30%,559,22.70%,856,28.00%,255,41.30%,540,21.80%,496,23.30%,272,7.90%,100,5.50%,127,7.80%,256,9.80%,204,6.90%,67,4.20%,152,6.70%,118,8.70%,34,4.50%,131,7.10%,104,8.00%,104,8.20%,199,8.30%,248,6.50%,136,8.10%,153,7.50%,119,6.60%,148,6.00%,70,6.00%,94,5.70%,132,6.50%,145,7.40%,196,7.30%,214,8.70%,151,7.50%,126,6.80%,70,6.20%,136,6.40%,187,9.90%,112,8.60%,216,8.50%,98,9.30%,119,9.80%,614,26.20%,417,18.90%,219,8.50%,208,8.60%,129,4.80%,215,7.20%,192,6.50%,173,7.50%,138,7.40%,225,6.90%,109,5.20%,218,10.30%,181,7.30%,249,9.10%,37,6.30%,138,8.40%,86,6.20%,130,9.50%,125,6.90%,135,8.40%,127,8.60%,294,9.00%,187,8.20%,186,7.10%,185,8.20%,133,7.40%,215,12.60%,172,5.50%,237,8.20%,176,9.30%,137,7.30%,184,7.80%,166,7.10%,141,7.60%,203,8.60%,141,7.10%,63,7.20%,130,8.00%,113,6.70%,170,6.70%,196,7.00%,105,6.50%,99,8.60%,99,7.30%,170,7.50%,138,8.30%,101,9.20%,240,7.10%,334,12.50%,189,8.70%,122,8.40%,272,10.80%,204,13.10%,310,11.70%,256,15.30%,312,17.40%,572,21.40%,175,18.60%,284,23.00%,197,16.60%,448,19.40%,349,20.70%,388,16.60%,433,17.40%,510,25.30%,437,17.60%,404,25.10%,310,21.30%,291,7.80%,199,6.90%,160,6.00%,319,15.30%,267,7.80%,0,0.00%
        30 to 34 years,115,9.10%,218,11.30%,270,10.00%,197,10.20%,173,8.80%,234,11.00%,316,10.90%,210,11.70%,289,15.40%,448,13.70%,111,10.80%,333,12.60%,118,12.30%,66,10.50%,179,14.10%,201,10.80%,316,12.70%,273,13.90%,230,18.90%,107,14.50%,173,14.10%,210,21.30%,260,21.60%,265,19.60%,270,9.10%,296,10.30%,218,11.30%,172,11.70%,344,24.40%,178,11.40%,184,16.30%,214,7.30%,158,10.00%,124,10.60%,231,10.00%,261,9.60%,143,10.80%,140,9.10%,221,9.30%,98,8.30%,227,13.50%,212,8.90%,195,8.50%,199,7.60%,121,7.00%,331,8.40%,123,7.00%,146,7.10%,225,7.50%,85,9.90%,99,5.40%,198,7.70%,196,7.90%,156,7.60%,121,6.60%,145,6.80%,186,7.50%,334,20.80%,178,14.60%,65,10.30%,158,7.60%,183,8.20%,8,16.70%,126,11.60%,266,23.80%,224,14.10%,285,17.90%,720,29.60%,579,20.60%,717,19.30%,"1,322",26.20%,520,21.10%,613,20.00%,144,23.30%,458,18.50%,376,17.70%,280,8.10%,148,8.20%,112,6.90%,290,11.10%,218,7.30%,98,6.20%,226,10.00%,111,8.20%,65,8.60%,162,8.70%,144,11.00%,121,9.50%,220,9.20%,303,8.00%,150,8.90%,163,8.00%,117,6.50%,169,6.80%,86,7.40%,93,5.60%,111,5.50%,165,8.50%,198,7.40%,221,9.00%,129,6.40%,124,6.70%,77,6.90%,179,8.40%,177,9.40%,115,8.90%,192,7.50%,99,9.40%,105,8.60%,519,22.20%,361,16.40%,229,8.90%,295,12.10%,210,7.90%,237,8.00%,225,7.70%,155,6.70%,135,7.20%,214,6.60%,88,4.20%,219,10.30%,198,8.00%,217,8.00%,37,6.30%,125,7.60%,133,9.60%,109,7.90%,150,8.30%,144,8.90%,187,12.70%,376,11.50%,214,9.40%,214,8.20%,180,8.00%,141,7.80%,368,21.50%,201,6.50%,282,9.70%,174,9.20%,122,6.50%,168,7.10%,196,8.40%,143,7.70%,248,10.60%,157,7.90%,70,8.00%,131,8.10%,153,9.00%,201,7.90%,234,8.40%,113,6.90%,104,9.00%,97,7.10%,178,7.80%,122,7.30%,103,9.40%,382,11.30%,547,20.50%,258,11.90%,137,9.40%,354,14.00%,312,20.10%,565,21.40%,215,12.90%,404,22.50%,545,20.40%,165,17.50%,189,15.30%,103,8.70%,378,16.40%,251,14.90%,389,16.60%,357,14.30%,344,17.10%,503,20.30%,243,15.10%,211,14.50%,327,8.80%,276,9.50%,169,6.40%,473,22.60%,224,6.50%,0,0.00%
        35 to 39 years,100,7.90%,146,7.60%,197,7.30%,190,9.90%,146,7.40%,167,7.80%,252,8.70%,169,9.40%,202,10.70%,300,9.20%,96,9.30%,213,8.10%,99,10.30%,44,7.00%,116,9.10%,171,9.20%,204,8.20%,175,8.90%,99,8.10%,61,8.30%,102,8.30%,151,15.30%,168,13.90%,193,14.30%,281,9.50%,226,7.80%,152,7.90%,100,6.80%,153,10.90%,140,8.90%,132,11.70%,193,6.60%,119,7.50%,106,9.10%,165,7.10%,223,8.20%,122,9.20%,105,6.80%,158,6.70%,95,8.00%,162,9.60%,187,7.90%,146,6.40%,178,6.80%,126,7.30%,320,8.10%,109,6.20%,143,7.00%,208,6.90%,108,12.60%,103,5.60%,144,5.60%,161,6.50%,129,6.30%,108,5.90%,130,6.10%,174,7.00%,247,15.40%,165,13.60%,48,7.60%,154,7.40%,168,7.50%,4,8.30%,99,9.10%,164,14.70%,150,9.50%,220,13.80%,371,15.20%,458,16.30%,527,14.20%,661,13.10%,341,13.90%,366,12.00%,54,8.80%,329,13.30%,166,7.80%,250,7.20%,145,8.00%,127,7.80%,195,7.50%,214,7.20%,93,5.90%,158,7.00%,104,7.70%,57,7.50%,130,7.00%,108,8.30%,99,7.80%,212,8.80%,274,7.20%,154,9.20%,160,7.90%,124,6.90%,189,7.70%,81,6.90%,105,6.30%,144,7.10%,149,7.60%,204,7.60%,187,7.60%,149,7.40%,123,6.70%,82,7.30%,162,7.60%,138,7.30%,95,7.30%,166,6.50%,52,4.90%,99,8.10%,196,8.40%,196,8.90%,178,6.90%,259,10.70%,173,6.50%,242,8.10%,204,6.90%,146,6.30%,134,7.20%,215,6.60%,89,4.30%,149,7.00%,180,7.20%,157,5.80%,24,4.10%,92,5.60%,118,8.50%,107,7.80%,147,8.10%,149,9.20%,163,11.10%,304,9.30%,176,7.80%,192,7.30%,161,7.10%,151,8.40%,285,16.70%,221,7.10%,259,8.90%,137,7.30%,148,7.80%,163,6.90%,190,8.20%,116,6.20%,207,8.80%,171,8.60%,94,10.80%,137,8.50%,138,8.20%,209,8.20%,184,6.60%,152,9.30%,91,7.90%,104,7.70%,150,6.60%,114,6.90%,72,6.50%,281,8.30%,366,13.70%,177,8.10%,114,7.90%,231,9.10%,191,12.30%,405,15.30%,125,7.50%,255,14.20%,341,12.70%,102,10.80%,94,7.60%,70,5.90%,182,7.90%,165,9.80%,245,10.50%,248,10.00%,165,8.20%,393,15.90%,143,8.90%,122,8.40%,280,7.50%,256,8.80%,147,5.50%,274,13.10%,236,6.90%,0,0.00%
        40 to 44 years,72,5.70%,123,6.40%,177,6.60%,129,6.70%,140,7.10%,148,6.90%,208,7.20%,136,7.60%,118,6.30%,184,5.60%,63,6.10%,164,6.20%,57,5.90%,34,5.40%,85,6.70%,125,6.70%,177,7.10%,97,5.00%,58,4.80%,41,5.60%,76,6.20%,78,7.90%,86,7.10%,115,8.50%,220,7.40%,163,5.60%,136,7.10%,65,4.40%,73,5.20%,112,7.20%,102,9.10%,185,6.30%,94,5.90%,81,6.90%,154,6.70%,143,5.30%,101,7.70%,94,6.10%,152,6.40%,73,6.20%,115,6.80%,132,5.50%,138,6.00%,172,6.60%,132,7.60%,255,6.50%,99,5.60%,132,6.50%,154,5.10%,87,10.20%,121,6.60%,161,6.30%,145,5.90%,131,6.40%,104,5.70%,128,6.00%,147,5.90%,129,8.00%,96,7.90%,33,5.20%,153,7.30%,162,7.20%,4,8.30%,101,9.30%,90,8.00%,105,6.60%,110,6.90%,147,6.00%,276,9.80%,244,6.60%,301,6.00%,201,8.20%,146,4.80%,12,1.90%,160,6.50%,88,4.10%,232,6.70%,110,6.10%,110,6.70%,179,6.90%,191,6.40%,85,5.40%,160,7.10%,104,7.70%,61,8.00%,139,7.50%,83,6.30%,97,7.60%,158,6.60%,243,6.40%,121,7.20%,130,6.40%,104,5.80%,182,7.40%,77,6.60%,104,6.30%,139,6.90%,126,6.50%,191,7.10%,184,7.50%,166,8.30%,130,7.00%,79,7.00%,181,8.50%,122,6.50%,73,5.60%,173,6.80%,78,7.40%,106,8.70%,100,4.30%,110,5.00%,151,5.80%,204,8.40%,181,6.80%,236,7.90%,212,7.20%,163,7.00%,113,6.10%,234,7.20%,111,5.30%,145,6.90%,186,7.50%,173,6.40%,37,6.30%,120,7.30%,87,6.30%,101,7.30%,135,7.50%,106,6.60%,107,7.30%,228,7.00%,170,7.50%,186,7.10%,174,7.70%,125,6.90%,149,8.70%,196,6.30%,221,7.60%,121,6.40%,129,6.80%,168,7.10%,153,6.60%,136,7.30%,158,6.70%,135,6.80%,55,6.30%,110,6.80%,111,6.60%,167,6.50%,195,7.00%,120,7.40%,85,7.40%,87,6.40%,185,8.20%,129,7.80%,95,8.60%,240,7.10%,219,8.20%,179,8.20%,101,7.00%,161,6.40%,137,8.80%,231,8.70%,124,7.40%,145,8.10%,172,6.40%,91,9.70%,89,7.20%,43,3.60%,126,5.50%,105,6.20%,165,7.10%,152,6.10%,95,4.70%,190,7.70%,75,4.70%,69,4.70%,265,7.10%,184,6.40%,166,6.20%,103,4.90%,225,6.50%,1,100.00%
        45 to 49 years,57,4.50%,114,5.90%,166,6.20%,139,7.20%,114,5.80%,120,5.60%,180,6.20%,94,5.20%,117,6.20%,142,4.30%,55,5.40%,166,6.30%,53,5.50%,45,7.10%,86,6.80%,118,6.30%,120,4.80%,131,6.70%,40,3.30%,43,5.80%,62,5.00%,48,4.90%,67,5.60%,89,6.60%,208,7.00%,177,6.10%,122,6.30%,83,5.70%,47,3.30%,79,5.00%,80,7.10%,175,6.00%,122,7.70%,74,6.30%,144,6.20%,156,5.70%,95,7.20%,90,5.90%,148,6.20%,85,7.20%,101,6.00%,174,7.30%,167,7.30%,151,5.80%,116,6.70%,228,5.80%,120,6.80%,133,6.50%,190,6.30%,70,8.20%,114,6.30%,148,5.80%,154,6.20%,134,6.50%,123,6.70%,129,6.00%,158,6.30%,65,4.10%,86,7.10%,32,5.10%,118,5.60%,143,6.40%,1,2.10%,62,5.70%,47,4.20%,82,5.20%,71,4.50%,67,2.80%,134,4.80%,169,4.50%,167,3.30%,88,3.60%,89,2.90%,4,0.60%,119,4.80%,76,3.60%,189,5.50%,122,6.80%,95,5.80%,138,5.30%,216,7.30%,93,5.90%,149,6.60%,63,4.70%,48,6.30%,117,6.30%,67,5.10%,84,6.60%,152,6.30%,274,7.20%,84,5.00%,136,6.70%,125,7.00%,182,7.40%,89,7.60%,126,7.60%,142,7.00%,127,6.50%,153,5.70%,150,6.10%,132,6.60%,133,7.20%,78,7.00%,149,7.00%,125,6.60%,92,7.10%,166,6.50%,79,7.50%,69,5.70%,104,4.40%,86,3.90%,159,6.10%,176,7.20%,179,6.70%,210,7.10%,177,6.00%,175,7.60%,118,6.30%,219,6.70%,92,4.40%,147,6.90%,152,6.10%,176,6.50%,31,5.30%,116,7.10%,114,8.20%,76,5.50%,126,7.00%,82,5.10%,103,7.00%,217,6.60%,151,6.70%,161,6.10%,137,6.10%,138,7.70%,113,6.60%,149,4.80%,193,6.70%,153,8.10%,141,7.50%,174,7.40%,168,7.20%,131,7.00%,120,5.10%,123,6.20%,62,7.10%,125,7.70%,103,6.10%,180,7.10%,184,6.60%,97,6.00%,56,4.90%,98,7.20%,147,6.50%,108,6.50%,69,6.30%,224,6.60%,160,6.00%,156,7.20%,87,6.00%,147,5.80%,103,6.60%,155,5.90%,99,5.90%,86,4.80%,118,4.40%,49,5.20%,68,5.50%,31,2.60%,102,4.40%,79,4.70%,98,4.20%,128,5.10%,80,4.00%,128,5.20%,65,4.00%,61,4.20%,238,6.40%,198,6.80%,182,6.80%,80,3.80%,209,6.10%,0,0.00%
        50 to 54 years,83,6.50%,122,6.30%,159,5.90%,106,5.50%,128,6.50%,131,6.10%,185,6.40%,89,4.90%,91,4.80%,144,4.40%,58,5.60%,156,5.90%,51,5.30%,49,7.80%,69,5.40%,111,5.90%,131,5.20%,105,5.40%,34,2.80%,40,5.40%,75,6.10%,31,3.10%,49,4.10%,75,5.60%,180,6.10%,156,5.40%,91,4.70%,81,5.50%,38,2.70%,95,6.10%,42,3.70%,182,6.20%,99,6.30%,86,7.40%,153,6.60%,191,7.00%,95,7.20%,91,5.90%,182,7.70%,79,6.70%,79,4.70%,149,6.30%,155,6.80%,153,5.90%,119,6.90%,234,6.00%,101,5.70%,141,6.90%,198,6.60%,75,8.80%,123,6.70%,183,7.10%,178,7.20%,154,7.50%,121,6.60%,129,6.00%,172,6.90%,63,3.90%,57,4.70%,38,6.00%,115,5.50%,152,6.80%,5,10.40%,47,4.30%,34,3.00%,75,4.70%,61,3.80%,45,1.80%,118,4.20%,140,3.80%,102,2.00%,83,3.40%,86,2.80%,9,1.50%,72,2.90%,65,3.10%,224,6.50%,103,5.70%,119,7.30%,148,5.70%,213,7.20%,116,7.30%,139,6.10%,96,7.10%,43,5.70%,126,6.80%,73,5.60%,76,6.00%,132,5.50%,244,6.40%,98,5.80%,125,6.10%,142,7.90%,185,7.50%,74,6.30%,118,7.10%,142,7.00%,138,7.10%,167,6.20%,175,7.10%,159,7.90%,137,7.40%,77,6.90%,145,6.80%,122,6.50%,103,8.00%,185,7.30%,61,5.80%,61,5.00%,69,2.90%,94,4.30%,160,6.20%,152,6.30%,195,7.30%,170,5.70%,231,7.90%,145,6.30%,134,7.20%,194,6.00%,126,6.10%,156,7.40%,174,7.00%,177,6.50%,36,6.10%,110,6.70%,101,7.30%,82,6.00%,117,6.50%,86,5.30%,102,6.90%,217,6.60%,158,7.00%,170,6.50%,155,6.90%,116,6.40%,68,4.00%,187,6.00%,192,6.60%,122,6.50%,142,7.50%,173,7.40%,165,7.10%,147,7.90%,133,5.70%,129,6.50%,62,7.10%,99,6.10%,111,6.60%,166,6.50%,196,7.00%,107,6.60%,81,7.00%,77,5.70%,128,5.60%,110,6.60%,80,7.30%,244,7.20%,142,5.30%,117,5.40%,109,7.50%,162,6.40%,60,3.90%,108,4.10%,83,5.00%,59,3.30%,93,3.50%,27,2.90%,48,3.90%,31,2.60%,103,4.50%,77,4.60%,76,3.30%,116,4.70%,64,3.20%,75,3.00%,43,2.70%,71,4.90%,245,6.60%,188,6.50%,230,8.60%,63,3.00%,227,6.60%,0,0.00%
        55 to 59 years,92,7.20%,144,7.50%,148,5.50%,96,5.00%,123,6.20%,111,5.20%,170,5.90%,95,5.30%,88,4.70%,152,4.70%,55,5.40%,141,5.30%,47,4.90%,43,6.80%,63,5.00%,115,6.20%,128,5.10%,77,3.90%,37,3.00%,48,6.50%,86,7.00%,26,2.60%,32,2.70%,54,4.00%,172,5.80%,170,5.90%,105,5.50%,59,4.00%,31,2.20%,77,4.90%,48,4.30%,194,6.60%,90,5.70%,72,6.20%,132,5.70%,139,5.10%,93,7.00%,92,6.00%,157,6.60%,65,5.50%,95,5.60%,147,6.20%,170,7.50%,155,5.90%,90,5.20%,229,5.80%,140,8.00%,146,7.10%,172,5.70%,55,6.40%,123,6.70%,196,7.60%,201,8.10%,135,6.60%,123,6.70%,132,6.20%,172,6.90%,53,3.30%,61,5.00%,27,4.30%,119,5.70%,112,5.00%,2,4.20%,49,4.50%,29,2.60%,76,4.80%,46,2.90%,32,1.30%,97,3.50%,115,3.10%,79,1.60%,66,2.70%,72,2.40%,9,1.50%,74,3.00%,61,2.90%,231,6.70%,122,6.80%,105,6.40%,153,5.90%,218,7.30%,115,7.30%,145,6.40%,113,8.40%,48,6.30%,120,6.50%,83,6.30%,66,5.20%,153,6.40%,247,6.50%,100,6.00%,141,6.90%,138,7.70%,185,7.50%,95,8.10%,134,8.10%,145,7.20%,155,7.90%,204,7.60%,161,6.60%,124,6.20%,112,6.10%,69,6.20%,155,7.30%,140,7.40%,89,6.90%,196,7.70%,57,5.40%,60,4.90%,68,2.90%,115,5.20%,199,7.70%,166,6.80%,210,7.90%,227,7.60%,201,6.80%,151,6.50%,128,6.90%,213,6.60%,140,6.70%,126,6.00%,173,7.00%,182,6.70%,43,7.30%,114,6.90%,109,7.90%,87,6.30%,125,6.90%,104,6.40%,101,6.90%,194,5.90%,146,6.40%,180,6.90%,134,6.00%,105,5.80%,81,4.70%,220,7.10%,157,5.40%,121,6.40%,116,6.20%,155,6.60%,146,6.30%,133,7.10%,136,5.80%,141,7.10%,52,6.00%,109,6.70%,106,6.30%,164,6.40%,220,7.90%,108,6.60%,93,8.10%,104,7.70%,143,6.30%,82,4.90%,77,7.00%,195,5.80%,122,4.60%,138,6.30%,99,6.80%,148,5.90%,60,3.90%,81,3.10%,79,4.70%,50,2.80%,55,2.10%,25,2.70%,43,3.50%,26,2.20%,110,4.80%,55,3.30%,89,3.80%,103,4.10%,51,2.50%,42,1.70%,65,4.00%,77,5.30%,233,6.30%,166,5.70%,228,8.60%,94,4.50%,181,5.30%,0,0.00%
        60 to 64 years,79,6.20%,109,5.60%,121,4.50%,98,5.10%,123,6.20%,102,4.80%,176,6.10%,102,5.70%,84,4.50%,165,5.10%,66,6.40%,151,5.70%,62,6.40%,40,6.30%,62,4.90%,81,4.30%,98,3.90%,90,4.60%,45,3.70%,40,5.40%,56,4.60%,26,2.60%,41,3.40%,35,2.60%,131,4.40%,149,5.20%,90,4.70%,80,5.40%,30,2.10%,84,5.40%,56,5.00%,185,6.30%,78,4.90%,63,5.40%,111,4.80%,127,4.70%,59,4.50%,72,4.70%,119,5.00%,68,5.70%,79,4.70%,171,7.20%,119,5.20%,149,5.70%,97,5.60%,274,7.00%,70,4.00%,126,6.20%,135,4.50%,42,4.90%,126,6.90%,187,7.30%,124,5.00%,142,6.90%,130,7.10%,151,7.10%,153,6.10%,60,3.70%,48,3.90%,41,6.50%,117,5.60%,135,6.00%,4,8.30%,41,3.80%,40,3.60%,79,5.00%,44,2.80%,29,1.20%,89,3.20%,105,2.80%,47,0.90%,47,1.90%,74,2.40%,6,1.00%,61,2.50%,60,2.80%,214,6.20%,92,5.10%,106,6.50%,118,4.50%,192,6.50%,134,8.50%,127,5.60%,83,6.10%,38,5.00%,106,5.70%,75,5.70%,76,6.00%,121,5.00%,277,7.30%,99,5.90%,130,6.40%,139,7.70%,162,6.60%,91,7.80%,130,7.80%,152,7.50%,137,7.00%,184,6.90%,127,5.20%,118,5.90%,101,5.50%,73,6.50%,134,6.30%,135,7.10%,82,6.30%,157,6.20%,49,4.70%,54,4.40%,67,2.90%,118,5.30%,149,5.80%,182,7.50%,209,7.90%,174,5.90%,179,6.10%,139,6.00%,120,6.40%,192,5.90%,126,6.10%,119,5.60%,171,6.90%,183,6.70%,26,4.40%,120,7.30%,101,7.30%,65,4.70%,102,5.60%,85,5.30%,88,6.00%,155,4.70%,135,6.00%,142,5.40%,156,6.90%,94,5.20%,46,2.70%,218,7.00%,130,4.50%,101,5.40%,101,5.40%,140,5.90%,136,5.80%,102,5.50%,127,5.40%,115,5.80%,46,5.30%,58,3.60%,71,4.20%,110,4.30%,180,6.40%,90,5.50%,83,7.20%,78,5.70%,89,3.90%,115,6.90%,63,5.70%,170,5.00%,86,3.20%,142,6.50%,88,6.10%,124,4.90%,44,2.80%,75,2.80%,69,4.10%,28,1.60%,50,1.90%,18,1.90%,44,3.60%,48,4.10%,90,3.90%,54,3.20%,81,3.50%,95,3.80%,48,2.40%,40,1.60%,49,3.00%,61,4.20%,260,7.00%,171,5.90%,185,7.00%,85,4.10%,179,5.20%,0,0.00%
        65 to 69 years,62,4.90%,87,4.50%,129,4.80%,82,4.30%,86,4.40%,100,4.70%,132,4.60%,66,3.70%,63,3.30%,212,6.50%,58,5.60%,155,5.90%,27,2.80%,32,5.10%,46,3.60%,70,3.80%,67,2.70%,69,3.50%,29,2.40%,36,4.90%,45,3.70%,16,1.60%,29,2.40%,28,2.10%,122,4.10%,133,4.60%,75,3.90%,74,5.00%,28,2.00%,52,3.30%,49,4.30%,120,4.10%,79,5.00%,43,3.70%,111,4.80%,113,4.20%,38,2.90%,68,4.40%,107,4.50%,50,4.20%,50,3.00%,98,4.10%,100,4.40%,109,4.20%,61,3.50%,191,4.90%,76,4.30%,107,5.20%,128,4.30%,51,6.00%,119,6.50%,140,5.40%,113,4.60%,131,6.40%,84,4.60%,111,5.20%,121,4.80%,37,2.30%,34,2.80%,47,7.40%,92,4.40%,69,3.10%,0,0.00%,39,3.60%,21,1.90%,45,2.80%,44,2.80%,21,0.90%,63,2.20%,108,2.90%,18,0.40%,22,0.90%,47,1.50%,2,0.30%,31,1.30%,48,2.30%,199,5.80%,105,5.80%,87,5.30%,118,4.50%,174,5.90%,108,6.80%,104,4.60%,65,4.80%,43,5.70%,90,4.80%,87,6.70%,60,4.70%,95,4.00%,169,4.40%,73,4.40%,101,5.00%,93,5.20%,143,5.80%,56,4.80%,109,6.60%,135,6.70%,89,4.60%,140,5.20%,101,4.10%,86,4.30%,72,3.90%,63,5.60%,111,5.20%,60,3.20%,46,3.60%,128,5.00%,52,4.90%,40,3.30%,49,2.10%,81,3.70%,138,5.30%,165,6.80%,149,5.60%,148,5.00%,139,4.70%,107,4.60%,83,4.40%,165,5.10%,172,8.30%,86,4.10%,102,4.10%,148,5.40%,37,6.30%,80,4.90%,106,7.70%,48,3.50%,87,4.80%,71,4.40%,85,5.80%,131,4.00%,86,3.80%,136,5.20%,130,5.80%,66,3.70%,38,2.20%,197,6.30%,99,3.40%,84,4.50%,59,3.10%,115,4.90%,121,5.20%,94,5.00%,91,3.90%,87,4.40%,36,4.10%,72,4.50%,72,4.30%,93,3.60%,104,3.70%,72,4.40%,68,5.90%,59,4.30%,79,3.50%,77,4.60%,43,3.90%,129,3.80%,51,1.90%,89,4.10%,79,5.40%,103,4.10%,27,1.70%,26,1.00%,62,3.70%,14,0.80%,34,1.30%,24,2.50%,34,2.70%,13,1.10%,63,2.70%,42,2.50%,79,3.40%,83,3.30%,79,3.90%,23,0.90%,52,3.20%,58,4.00%,191,5.10%,163,5.60%,162,6.10%,62,3.00%,178,5.20%,0,0.00%
        70 to 74 years,38,3.00%,69,3.60%,132,4.90%,42,2.20%,66,3.40%,64,3.00%,77,2.70%,56,3.10%,55,2.90%,175,5.40%,33,3.20%,69,2.60%,40,4.20%,18,2.90%,45,3.50%,57,3.10%,31,1.20%,48,2.50%,30,2.50%,17,2.30%,32,2.60%,28,2.80%,14,1.20%,25,1.90%,69,2.30%,139,4.80%,68,3.50%,62,4.20%,22,1.60%,29,1.90%,16,1.40%,98,3.40%,40,2.50%,27,2.30%,83,3.60%,92,3.40%,41,3.10%,60,3.90%,82,3.50%,49,4.10%,31,1.80%,69,2.90%,69,3.00%,104,4.00%,61,3.50%,181,4.60%,60,3.40%,87,4.30%,121,4.00%,27,3.20%,102,5.60%,139,5.40%,103,4.20%,98,4.80%,76,4.20%,100,4.70%,95,3.80%,31,1.90%,25,2.10%,34,5.40%,83,4.00%,57,2.50%,4,8.30%,49,4.50%,25,2.20%,44,2.80%,27,1.70%,4,0.20%,30,1.10%,127,3.40%,24,0.50%,17,0.70%,27,0.90%,2,0.30%,23,0.90%,51,2.40%,135,3.90%,70,3.90%,75,4.60%,101,3.90%,143,4.80%,138,8.70%,83,3.70%,38,2.80%,25,3.30%,80,4.30%,50,3.80%,26,2.00%,58,2.40%,173,4.60%,75,4.50%,92,4.50%,73,4.10%,84,3.40%,51,4.40%,101,6.10%,89,4.40%,52,2.70%,140,5.20%,92,3.70%,60,3.00%,75,4.10%,36,3.20%,58,2.70%,67,3.50%,35,2.70%,99,3.90%,32,3.00%,30,2.50%,36,1.50%,53,2.40%,111,4.30%,90,3.70%,128,4.80%,101,3.40%,118,4.00%,75,3.20%,75,4.00%,131,4.00%,193,9.30%,54,2.60%,79,3.20%,141,5.20%,33,5.60%,50,3.00%,105,7.60%,37,2.70%,72,4.00%,52,3.20%,58,3.90%,105,3.20%,56,2.50%,97,3.70%,76,3.40%,51,2.80%,12,0.70%,181,5.80%,63,2.20%,50,2.60%,71,3.80%,65,2.80%,86,3.70%,82,4.40%,80,3.40%,67,3.40%,25,2.90%,34,2.10%,73,4.30%,58,2.30%,75,2.70%,47,2.90%,50,4.30%,44,3.20%,73,3.20%,40,2.40%,29,2.60%,95,2.80%,42,1.60%,75,3.40%,40,2.80%,100,4.00%,15,1.00%,25,0.90%,60,3.60%,4,0.20%,26,1.00%,13,1.40%,19,1.50%,7,0.60%,60,2.60%,29,1.70%,54,2.30%,60,2.40%,62,3.10%,22,0.90%,52,3.20%,34,2.30%,153,4.10%,170,5.90%,146,5.50%,22,1.10%,132,3.80%,0,0.00%
        75 to 79 years,23,1.80%,34,1.80%,88,3.30%,39,2.00%,55,2.80%,46,2.20%,53,1.80%,30,1.70%,29,1.50%,114,3.50%,30,2.90%,43,1.60%,31,3.20%,14,2.20%,27,2.10%,41,2.20%,37,1.50%,22,1.10%,15,1.20%,14,1.90%,29,2.40%,14,1.40%,12,1.00%,18,1.30%,45,1.50%,84,2.90%,49,2.50%,50,3.40%,22,1.60%,36,2.30%,16,1.40%,74,2.50%,26,1.60%,27,2.30%,61,2.60%,46,1.70%,15,1.10%,42,2.70%,51,2.20%,21,1.80%,14,0.80%,66,2.80%,58,2.50%,73,2.80%,46,2.60%,99,2.50%,44,2.50%,49,2.40%,96,3.20%,8,0.90%,70,3.80%,69,2.70%,57,2.30%,55,2.70%,44,2.40%,84,3.90%,75,3.00%,13,0.80%,12,1.00%,15,2.40%,51,2.40%,26,1.20%,1,2.10%,51,4.70%,20,1.80%,39,2.50%,31,1.90%,9,0.40%,17,0.60%,89,2.40%,10,0.20%,3,0.10%,14,0.50%,3,0.50%,11,0.40%,32,1.50%,89,2.60%,45,2.50%,43,2.60%,71,2.70%,87,2.90%,93,5.90%,60,2.60%,27,2.00%,19,2.50%,47,2.50%,44,3.40%,29,2.30%,50,2.10%,90,2.40%,29,1.70%,52,2.60%,44,2.40%,44,1.80%,38,3.20%,60,3.60%,60,3.00%,53,2.70%,82,3.10%,55,2.20%,49,2.40%,44,2.40%,22,2.00%,54,2.50%,44,2.30%,21,1.60%,60,2.40%,15,1.40%,29,2.40%,33,1.40%,23,1.00%,79,3.10%,56,2.30%,95,3.60%,85,2.90%,72,2.50%,59,2.50%,54,2.90%,109,3.40%,180,8.70%,30,1.40%,70,2.80%,81,3.00%,28,4.80%,31,1.90%,51,3.70%,18,1.30%,62,3.40%,41,2.50%,39,2.60%,85,2.60%,46,2.00%,72,2.70%,61,2.70%,41,2.30%,12,0.70%,182,5.90%,51,1.80%,38,2.00%,43,2.30%,48,2.00%,78,3.40%,62,3.30%,53,2.30%,58,2.90%,18,2.10%,30,1.90%,56,3.30%,41,1.60%,56,2.00%,33,2.00%,31,2.70%,46,3.40%,36,1.60%,32,1.90%,19,1.70%,79,2.30%,28,1.00%,64,2.90%,41,2.80%,71,2.80%,14,0.90%,13,0.50%,38,2.30%,7,0.40%,23,0.90%,14,1.50%,14,1.10%,8,0.70%,29,1.30%,21,1.20%,44,1.90%,42,1.70%,51,2.50%,3,0.10%,54,3.40%,46,3.20%,109,2.90%,108,3.70%,91,3.40%,20,1.00%,119,3.50%,0,0.00%
        80 to 84 years,21,1.70%,23,1.20%,62,2.30%,21,1.10%,15,0.80%,32,1.50%,26,0.90%,28,1.60%,16,0.90%,73,2.20%,7,0.70%,36,1.40%,15,1.60%,16,2.50%,22,1.70%,22,1.20%,24,1.00%,20,1.00%,15,1.20%,13,1.80%,16,1.30%,14,1.40%,4,0.30%,4,0.30%,17,0.60%,72,2.50%,31,1.60%,23,1.60%,16,1.10%,20,1.30%,13,1.20%,46,1.60%,24,1.50%,9,0.80%,40,1.70%,28,1.00%,11,0.80%,27,1.80%,39,1.60%,15,1.30%,11,0.70%,32,1.30%,38,1.70%,41,1.60%,26,1.50%,67,1.70%,34,1.90%,23,1.10%,79,2.60%,9,1.10%,37,2.00%,59,2.30%,49,2.00%,35,1.70%,15,0.80%,58,2.70%,58,2.30%,10,0.60%,14,1.20%,9,1.40%,43,2.10%,21,0.90%,0,0.00%,36,3.30%,2,0.20%,23,1.40%,32,2.00%,1,0.00%,4,0.10%,76,2.00%,3,0.10%,5,0.20%,13,0.40%,0,0.00%,6,0.20%,39,1.80%,51,1.50%,14,0.80%,30,1.80%,42,1.60%,59,2.00%,83,5.20%,46,2.00%,22,1.60%,15,2.00%,34,1.80%,30,2.30%,12,0.90%,24,1.00%,60,1.60%,23,1.40%,30,1.50%,30,1.70%,38,1.50%,25,2.10%,31,1.90%,41,2.00%,28,1.40%,72,2.70%,40,1.60%,42,2.10%,27,1.50%,14,1.20%,32,1.50%,21,1.10%,28,2.20%,35,1.40%,13,1.20%,20,1.60%,13,0.60%,30,1.40%,71,2.70%,45,1.90%,102,3.80%,66,2.20%,49,1.70%,31,1.30%,47,2.50%,77,2.40%,118,5.70%,26,1.20%,36,1.40%,79,2.90%,29,4.90%,31,1.90%,23,1.70%,22,1.60%,58,3.20%,27,1.70%,42,2.90%,51,1.60%,39,1.70%,71,2.70%,40,1.80%,28,1.60%,5,0.30%,156,5.00%,40,1.40%,27,1.40%,17,0.90%,33,1.40%,55,2.40%,51,2.70%,60,2.60%,37,1.90%,13,1.50%,24,1.50%,57,3.40%,46,1.80%,36,1.30%,30,1.80%,21,1.80%,32,2.40%,29,1.30%,20,1.20%,21,1.90%,59,1.70%,13,0.50%,44,2.00%,33,2.30%,38,1.50%,5,0.30%,6,0.20%,26,1.60%,2,0.10%,18,0.70%,10,1.10%,8,0.60%,4,0.30%,24,1.00%,21,1.20%,31,1.30%,26,1.00%,40,2.00%,8,0.30%,26,1.60%,19,1.30%,85,2.30%,76,2.60%,96,3.60%,10,0.50%,119,3.50%,0,0.00%
        85 years and over,13,1.00%,30,1.60%,52,1.90%,23,1.20%,12,0.60%,26,1.20%,43,1.50%,17,0.90%,19,1.00%,68,2.10%,12,1.20%,28,1.10%,11,1.10%,7,1.10%,36,2.80%,22,1.20%,30,1.20%,14,0.70%,8,0.70%,9,1.20%,12,1.00%,17,1.70%,13,1.10%,9,0.70%,17,0.60%,73,2.50%,26,1.40%,22,1.50%,6,0.40%,11,0.70%,14,1.20%,22,0.80%,16,1.00%,17,1.50%,21,0.90%,23,0.80%,20,1.50%,32,2.10%,29,1.20%,14,1.20%,11,0.70%,24,1.00%,17,0.70%,38,1.50%,23,1.30%,59,1.50%,19,1.10%,15,0.70%,32,1.10%,4,0.50%,36,2.00%,58,2.30%,40,1.60%,37,1.80%,20,1.10%,90,4.20%,38,1.50%,10,0.60%,11,0.90%,10,1.60%,38,1.80%,12,0.50%,2,4.20%,19,1.70%,5,0.40%,53,3.30%,55,3.50%,1,0.00%,6,0.20%,61,1.60%,2,0.00%,1,0.00%,6,0.20%,0,0.00%,3,0.10%,31,1.50%,57,1.70%,43,2.40%,14,0.90%,41,1.60%,55,1.90%,81,5.10%,54,2.40%,27,2.00%,25,3.30%,15,0.80%,40,3.10%,19,1.50%,35,1.50%,64,1.70%,31,1.80%,46,2.30%,40,2.20%,48,1.90%,29,2.50%,39,2.40%,47,2.30%,27,1.40%,64,2.40%,36,1.50%,61,3.00%,16,0.90%,24,2.10%,24,1.10%,56,3.00%,14,1.10%,29,1.10%,14,1.30%,25,2.10%,27,1.20%,29,1.30%,67,2.60%,120,4.90%,112,4.20%,46,1.50%,58,2.00%,54,2.30%,32,1.70%,73,2.20%,112,5.40%,26,1.20%,18,0.70%,58,2.10%,80,13.60%,11,0.70%,41,3.00%,15,1.10%,57,3.20%,23,1.40%,33,2.20%,59,1.80%,45,2.00%,59,2.20%,48,2.10%,41,2.30%,4,0.20%,191,6.10%,36,1.20%,34,1.80%,30,1.60%,21,0.90%,67,2.90%,38,2.00%,78,3.30%,31,1.60%,12,1.40%,26,1.60%,65,3.80%,79,3.10%,48,1.70%,20,1.20%,23,2.00%,26,1.90%,23,1.00%,29,1.70%,9,0.80%,42,1.20%,11,0.40%,48,2.20%,38,2.60%,56,2.20%,5,0.30%,8,0.30%,26,1.60%,4,0.20%,8,0.30%,5,0.50%,10,0.80%,3,0.30%,17,0.70%,21,1.20%,34,1.50%,18,0.70%,62,3.10%,5,0.20%,37,2.30%,27,1.90%,81,2.20%,73,2.50%,104,3.90%,18,0.90%,92,2.70%,0,0.00%
        Selected Age Categories,,,,,,,,,,,,,,,,,,,,,,,,,,,,,,,,,,,,,,,,,,,,,,,,,,,,,,,,,,,,,,,,,,,,,,,,,,,,,,,,,,,,,,,,,,,,,,,,,,,,,,,,,,,,,,,,,,,,,,,,,,,,,,,,,,,,,,,,,,,,,,,,,,,,,,,,,,,,,,,,,,,,,,,,,,,,,,,,,,,,,,,,,,,,,,,,,,,,,,,,,,,,,,,,,,,,,,,,,,,,,,,,,,,,,,,,,,,,,,,,,,,,,,,,,,,,,,,,,,,,,,,,,,,,,,,,,,,,,,,,,,,,,,,,,,,,,,,,,,,,,,,,,,,,,,,,,,,,,,,,,,,,,,,,,,,,,,,,,,,,,,,,,,,,,,,,,,,,,,,,,,,,,,
            16 years and over,"1,030",81.10%,"1,593",82.50%,"2,206",82.10%,"1,610",83.50%,"1,605",81.50%,"1,737",81.40%,"2,365",81.60%,"1,478",82.10%,"1,594",84.70%,"2,731",83.60%,822,80.00%,"2,193",83.10%,809,84.10%,539,85.60%,"1,103",86.80%,"1,552",83.20%,"1,971",78.90%,"1,515",77.40%,"1,093",89.90%,641,87.10%,"1,033",84.00%,878,88.90%,"1,049",87.10%,"1,144",84.70%,"2,336",78.80%,"2,464",85.40%,"1,629",84.60%,"1,191",81.10%,"1,225",87.10%,"1,224",78.20%,973,86.30%,"2,307",78.90%,"1,273",80.40%,954,81.60%,"1,880",81.20%,"2,084",76.60%,"1,085",82.20%,"1,201",78.30%,"1,945",82.00%,948,80.00%,"1,379",81.80%,"1,940",81.50%,"1,822",79.90%,"2,091",80.20%,"1,387",79.90%,"3,271",83.30%,"1,359",77.30%,"1,665",81.40%,"2,341",78.00%,704,82.10%,"1,522",83.40%,"2,195",85.30%,"2,007",81.10%,"1,697",82.80%,"1,446",79.10%,"1,735",81.20%,"2,019",80.90%,"1,401",87.30%,"1,018",83.60%,515,81.60%,"1,636",78.20%,"1,720",76.70%,39,81.30%,937,86.00%,988,88.30%,"1,372",86.50%,"1,329",83.50%,"2,159",88.70%,"2,328",82.80%,"3,195",86.00%,"4,467",88.60%,"2,104",85.60%,"2,728",89.20%,581,94.20%,"2,115",85.50%,"1,850",87.00%,"2,776",80.40%,"1,450",80.40%,"1,341",82.00%,"2,121",81.50%,"2,470",83.20%,"1,411",89.10%,"1,838",81.00%,"1,101",81.60%,613,80.90%,"1,504",81.00%,"1,115",85.20%,"1,029",80.70%,"1,864",77.70%,"3,118",82.00%,"1,342",80.00%,"1,656",81.40%,"1,480",82.40%,"2,015",81.60%,990,84.60%,"1,395",84.20%,"1,712",84.80%,"1,600",82.00%,"2,277",85.00%,"2,007",81.80%,"1,667",82.90%,"1,453",78.80%,913,81.40%,"1,744",81.90%,"1,571",83.10%,"1,066",82.30%,"2,096",82.20%,854,81.10%,980,80.70%,"2,094",89.50%,"1,912",86.60%,"2,147",83.00%,"2,193",90.20%,"2,303",86.60%,"2,480",83.40%,"2,405",81.90%,"1,881",81.20%,"1,512",81.00%,"2,691",82.80%,"1,839",88.50%,"1,733",81.90%,"2,010",80.90%,"2,331",85.60%,524,89.30%,"1,343",81.80%,"1,220",88.30%,"1,051",76.40%,"1,558",86.20%,"1,292",80.10%,"1,279",86.80%,"2,743",83.70%,"1,852",81.70%,"2,175",82.90%,"1,874",83.20%,"1,455",80.80%,"1,456",85.20%,"2,720",87.50%,"2,284",78.80%,"1,558",82.60%,"1,483",78.60%,"1,862",79.10%,"1,932",83.10%,"1,573",84.30%,"1,945",82.80%,"1,597",80.60%,690,79.10%,"1,267",78.40%,"1,382",81.70%,"2,002",78.40%,"2,246",80.20%,"1,316",80.90%,978,84.90%,"1,103",81.20%,"1,735",76.50%,"1,315",79.00%,908,82.50%,"2,709",80.20%,"2,297",85.90%,"1,836",84.40%,"1,223",84.30%,"2,163",85.60%,"1,255",80.70%,"2,135",80.70%,"1,415",84.70%,"1,477",82.20%,"2,294",85.80%,800,84.80%,"1,078",87.10%,"1,099",92.80%,"2,066",89.40%,"1,476",87.50%,"1,967",84.10%,"2,097",84.20%,"1,812",89.90%,"2,000",80.80%,"1,467",91.20%,"1,316",90.60%,"3,076",82.70%,"2,429",83.90%,"2,329",87.60%,"1,731",82.80%,"2,755",80.10%,1,100.00%
            18 years and over,"1,002",78.90%,"1,560",80.70%,"2,158",80.30%,"1,578",81.90%,"1,563",79.30%,"1,699",79.60%,"2,316",79.90%,"1,444",80.20%,"1,559",82.90%,"2,715",83.10%,799,77.70%,"2,136",80.90%,799,83.10%,523,83.00%,"1,088",85.60%,"1,514",81.10%,"1,915",76.70%,"1,491",76.10%,"1,082",89.00%,627,85.20%,"1,022",83.10%,875,88.60%,"1,036",86.00%,"1,126",83.30%,"2,263",76.30%,"2,422",83.90%,"1,606",83.40%,"1,166",79.40%,"1,215",86.40%,"1,188",75.90%,956,84.80%,"2,240",76.60%,"1,243",78.50%,927,79.30%,"1,827",79.00%,"2,038",74.90%,"1,048",79.40%,"1,160",75.70%,"1,881",79.30%,925,78.10%,"1,348",80.00%,"1,885",79.20%,"1,775",77.80%,"2,034",78.10%,"1,320",76.00%,"3,201",81.50%,"1,328",75.50%,"1,604",78.40%,"2,274",75.80%,698,81.40%,"1,488",81.60%,"2,133",82.90%,"1,960",79.20%,"1,650",80.50%,"1,393",76.20%,"1,701",79.60%,"1,966",78.80%,"1,385",86.30%,"1,003",82.40%,505,80.00%,"1,575",75.30%,"1,635",72.90%,38,79.20%,923,84.70%,986,88.10%,"1,354",85.30%,"1,319",82.90%,"2,155",88.50%,"2,317",82.40%,"3,185",85.70%,"4,455",88.40%,"2,095",85.20%,"2,716",88.80%,581,94.20%,"2,108",85.20%,"1,830",86.10%,"2,698",78.20%,"1,395",77.30%,"1,304",79.80%,"2,071",79.60%,"2,412",81.30%,"1,383",87.40%,"1,783",78.60%,"1,081",80.10%,589,77.70%,"1,455",78.40%,"1,092",83.50%,994,78.00%,"1,810",75.40%,"3,001",79.00%,"1,297",77.30%,"1,614",79.30%,"1,439",80.10%,"1,953",79.10%,963,82.30%,"1,359",82.00%,"1,656",82.10%,"1,558",79.90%,"2,201",82.10%,"1,935",78.90%,"1,613",80.20%,"1,405",76.20%,867,77.30%,"1,698",79.70%,"1,538",81.30%,"1,033",79.80%,"2,026",79.40%,822,78.10%,950,78.20%,"2,071",88.50%,"1,882",85.30%,"2,098",81.10%,"2,176",89.50%,"2,263",85.10%,"2,404",80.90%,"2,323",79.10%,"1,828",78.90%,"1,455",77.90%,"2,594",79.80%,"1,802",86.80%,"1,686",79.70%,"1,947",78.30%,"2,274",83.50%,506,86.20%,"1,294",78.80%,"1,209",87.50%,"1,013",73.70%,"1,497",82.80%,"1,253",77.70%,"1,275",86.60%,"2,676",81.70%,"1,789",78.90%,"2,103",80.10%,"1,816",80.60%,"1,395",77.50%,"1,454",85.10%,"2,683",86.40%,"2,204",76.10%,"1,499",79.40%,"1,443",76.50%,"1,815",77.10%,"1,880",80.90%,"1,543",82.70%,"1,901",80.90%,"1,558",78.60%,670,76.80%,"1,235",76.40%,"1,361",80.50%,"1,940",76.00%,"2,160",77.10%,"1,264",77.70%,961,83.40%,"1,068",78.60%,"1,663",73.30%,"1,268",76.20%,892,81.10%,"2,640",78.10%,"2,262",84.60%,"1,805",83.00%,"1,183",81.50%,"2,129",84.30%,"1,249",80.30%,"2,119",80.10%,"1,391",83.20%,"1,457",81.10%,"2,280",85.20%,793,84.10%,"1,070",86.50%,"1,078",91.00%,"2,041",88.30%,"1,460",86.50%,"1,946",83.20%,"2,061",82.70%,"1,803",89.50%,"1,988",80.30%,"1,457",90.60%,"1,307",90.00%,"3,006",80.80%,"2,382",82.30%,"2,261",85.00%,"1,717",82.10%,"2,671",77.70%,1,100.00%
            21 years and over,963,75.80%,"1,497",77.50%,"2,071",77.00%,"1,514",78.60%,"1,517",77.00%,"1,613",75.60%,"2,223",76.70%,"1,406",78.10%,"1,523",81.00%,"2,654",81.20%,782,76.10%,"2,066",78.30%,765,79.50%,509,80.80%,"1,058",83.20%,"1,453",77.90%,"1,839",73.60%,"1,445",73.80%,"1,054",86.70%,621,84.40%,995,80.90%,867,87.80%,"1,026",85.10%,"1,116",82.60%,"2,165",73.00%,"2,301",79.70%,"1,527",79.30%,"1,126",76.70%,"1,200",85.30%,"1,152",73.60%,938,83.20%,"2,119",72.50%,"1,186",74.90%,909,77.80%,"1,745",75.40%,"1,937",71.20%,"1,015",76.90%,"1,113",72.60%,"1,814",76.50%,880,74.30%,"1,301",77.20%,"1,792",75.30%,"1,693",74.20%,"1,886",72.40%,"1,271",73.20%,"2,989",76.10%,"1,246",70.90%,"1,512",73.90%,"2,165",72.10%,687,80.20%,"1,410",77.30%,"2,038",79.20%,"1,858",75.00%,"1,585",77.40%,"1,344",73.50%,"1,627",76.10%,"1,879",75.30%,"1,367",85.20%,991,81.40%,485,76.90%,"1,486",71.00%,"1,542",68.80%,37,77.10%,901,82.70%,972,86.90%,"1,341",84.50%,"1,291",81.10%,"2,144",88.10%,"2,296",81.70%,"3,163",85.10%,"4,414",87.50%,"2,081",84.60%,"2,697",88.20%,572,92.70%,"2,080",84.10%,"1,799",84.60%,"2,592",75.10%,"1,313",72.80%,"1,239",75.80%,"1,980",76.10%,"2,315",78.00%,"1,344",84.90%,"1,701",75.00%,"1,031",76.40%,549,72.40%,"1,393",75.00%,"1,065",81.40%,946,74.20%,"1,722",71.80%,"2,861",75.30%,"1,253",74.70%,"1,555",76.40%,"1,380",76.80%,"1,874",75.90%,933,79.70%,"1,307",78.90%,"1,576",78.10%,"1,489",76.30%,"2,116",79.00%,"1,850",75.40%,"1,548",77.00%,"1,334",72.30%,813,72.50%,"1,629",76.50%,"1,481",78.30%,981,75.80%,"1,961",76.90%,785,74.50%,914,75.20%,"2,039",87.10%,"1,840",83.40%,"2,032",78.50%,"2,156",88.70%,"2,174",81.70%,"2,304",77.50%,"2,196",74.70%,"1,720",74.30%,"1,392",74.60%,"2,429",74.80%,"1,738",83.70%,"1,610",76.10%,"1,868",75.10%,"2,177",80.00%,494,84.20%,"1,236",75.30%,"1,199",86.80%,962,70.00%,"1,445",79.90%,"1,194",74.00%,"1,262",85.70%,"2,557",78.00%,"1,708",75.30%,"2,005",76.40%,"1,753",77.80%,"1,329",73.80%,"1,439",84.20%,"2,590",83.40%,"2,100",72.50%,"1,424",75.50%,"1,352",71.70%,"1,744",74.10%,"1,809",77.80%,"1,473",78.90%,"1,829",77.90%,"1,485",74.90%,651,74.70%,"1,177",72.80%,"1,299",76.80%,"1,816",71.10%,"2,059",73.50%,"1,209",74.40%,931,80.80%,"1,021",75.20%,"1,557",68.70%,"1,198",72.00%,849,77.20%,"2,529",74.80%,"2,216",82.90%,"1,761",80.90%,"1,150",79.30%,"2,072",82.00%,"1,230",79.00%,"2,072",78.30%,"1,370",82.00%,"1,447",80.50%,"2,232",83.40%,787,83.50%,"1,044",84.40%,819,69.20%,"1,994",86.30%,"1,428",84.60%,"1,922",82.20%,"1,993",80.00%,"1,785",88.60%,"1,978",79.90%,"1,440",89.60%,"1,284",88.40%,"2,902",78.00%,"2,322",80.20%,"2,190",82.30%,"1,693",81.00%,"2,552",74.20%,1,100.00%
            62 years and over,198,15.60%,300,15.50%,533,19.80%,256,13.30%,292,14.80%,336,15.70%,423,14.60%,260,14.40%,231,12.30%,743,22.70%,185,18.00%,412,15.60%,155,16.10%,116,18.40%,211,16.60%,257,13.80%,252,10.10%,226,11.50%,125,10.30%,112,15.20%,164,13.30%,103,10.40%,98,8.10%,101,7.50%,345,11.60%,586,20.30%,299,15.50%,270,18.40%,109,7.70%,203,13.00%,143,12.70%,465,15.90%,233,14.70%,151,12.90%,382,16.50%,373,13.70%,152,11.50%,271,17.70%,371,15.60%,187,15.80%,165,9.80%,380,16.00%,354,15.50%,459,17.60%,281,16.20%,744,18.90%,272,15.50%,342,16.70%,530,17.70%,122,14.20%,424,23.20%,566,22.00%,413,16.70%,451,22.00%,305,16.70%,541,25.30%,469,18.80%,127,7.90%,126,10.40%,139,22.00%,364,17.40%,269,12.00%,9,18.80%,216,19.80%,96,8.60%,247,15.60%,216,13.60%,52,2.10%,174,6.20%,518,13.90%,92,1.80%,78,3.20%,150,4.90%,10,1.60%,114,4.60%,244,11.50%,655,19.00%,336,18.60%,305,18.70%,442,17.00%,633,21.30%,584,36.90%,435,19.20%,232,17.20%,154,20.30%,317,17.10%,296,22.60%,198,15.50%,326,13.60%,702,18.50%,298,17.80%,401,19.70%,370,20.60%,465,18.80%,250,21.40%,421,25.40%,451,22.30%,320,16.40%,601,22.40%,402,16.40%,361,18.00%,300,16.30%,206,18.40%,360,16.90%,336,17.80%,192,14.80%,436,17.10%,155,14.70%,172,14.20%,197,8.40%,279,12.60%,562,21.70%,584,24.00%,706,26.50%,544,18.30%,549,18.70%,415,17.90%,363,19.40%,666,20.50%,844,40.60%,290,13.70%,403,16.20%,612,22.50%,218,37.10%,258,15.70%,386,27.90%,176,12.80%,393,21.70%,257,15.90%,312,21.20%,514,15.70%,350,15.40%,528,20.10%,455,20.20%,287,15.90%,97,5.70%,"1,036",33.30%,362,12.50%,282,14.90%,276,14.60%,348,14.80%,482,20.70%,385,20.60%,445,18.90%,346,17.50%,135,15.50%,219,13.60%,351,20.80%,382,15.00%,416,14.90%,263,16.20%,246,21.40%,254,18.70%,289,12.70%,271,16.30%,156,14.20%,504,14.90%,190,7.10%,400,18.40%,279,19.20%,447,17.70%,95,6.10%,123,4.60%,254,15.20%,44,2.40%,138,5.20%,78,8.30%,113,9.10%,75,6.30%,252,10.90%,159,9.40%,292,12.50%,287,11.50%,326,16.20%,84,3.40%,255,15.90%,220,15.10%,766,20.60%,693,23.90%,703,26.40%,176,8.40%,748,21.80%,0,0.00%
            65 years and over,157,12.40%,243,12.60%,463,17.20%,207,10.70%,234,11.90%,268,12.60%,331,11.40%,197,10.90%,182,9.70%,642,19.70%,140,13.60%,331,12.50%,124,12.90%,87,13.80%,176,13.80%,212,11.40%,189,7.60%,173,8.80%,97,8.00%,89,12.10%,134,10.90%,89,9.00%,72,6.00%,84,6.20%,270,9.10%,501,17.40%,249,12.90%,231,15.70%,94,6.70%,148,9.50%,108,9.60%,360,12.30%,185,11.70%,123,10.50%,316,13.70%,302,11.10%,125,9.50%,229,14.90%,308,13.00%,149,12.60%,117,6.90%,289,12.10%,282,12.40%,365,14.00%,217,12.50%,597,15.20%,233,13.30%,281,13.70%,456,15.20%,99,11.60%,364,20.00%,465,18.10%,362,14.60%,356,17.40%,239,13.10%,443,20.70%,387,15.50%,101,6.30%,96,7.90%,115,18.20%,307,14.70%,185,8.30%,7,14.60%,194,17.80%,73,6.50%,204,12.90%,189,11.90%,36,1.50%,120,4.30%,461,12.40%,57,1.10%,48,2.00%,107,3.50%,7,1.10%,74,3.00%,201,9.50%,531,15.40%,277,15.40%,249,15.20%,373,14.30%,518,17.50%,503,31.80%,347,15.30%,179,13.30%,127,16.80%,266,14.30%,251,19.20%,146,11.50%,262,10.90%,556,14.60%,231,13.80%,321,15.80%,280,15.60%,357,14.50%,199,17.00%,340,20.50%,372,18.40%,249,12.80%,498,18.60%,324,13.20%,298,14.80%,234,12.70%,159,14.20%,279,13.10%,248,13.10%,144,11.10%,351,13.80%,126,12.00%,144,11.90%,158,6.80%,216,9.80%,466,18.00%,476,19.60%,586,22.00%,446,15.00%,436,14.80%,326,14.10%,291,15.60%,555,17.10%,775,37.30%,222,10.50%,305,12.30%,507,18.60%,207,35.30%,203,12.40%,326,23.60%,140,10.20%,336,18.60%,214,13.30%,257,17.40%,431,13.20%,272,12.00%,435,16.60%,355,15.80%,227,12.60%,71,4.20%,907,29.20%,289,10.00%,233,12.30%,220,11.70%,282,12.00%,407,17.50%,327,17.50%,362,15.40%,280,14.10%,104,11.90%,186,11.50%,323,19.10%,317,12.40%,319,11.40%,202,12.40%,193,16.80%,207,15.20%,240,10.60%,198,11.90%,121,11.00%,404,12.00%,145,5.40%,320,14.70%,231,15.90%,368,14.60%,66,4.20%,78,2.90%,212,12.70%,31,1.70%,109,4.10%,66,7.00%,85,6.90%,35,3.00%,193,8.40%,134,7.90%,242,10.40%,229,9.20%,294,14.60%,61,2.50%,221,13.70%,184,12.70%,619,16.60%,590,20.40%,599,22.50%,132,6.30%,640,18.60%,0,0.00%
MEDIAN AGE BY SEX,,,,,,,,,,,,,,,,,,,,,,,,,,,,,,,,,,,,,,,,,,,,,,,,,,,,,,,,,,,,,,,,,,,,,,,,,,,,,,,,,,,,,,,,,,,,,,,,,,,,,,,,,,,,,,,,,,,,,,,,,,,,,,,,,,,,,,,,,,,,,,,,,,,,,,,,,,,,,,,,,,,,,,,,,,,,,,,,,,,,,,,,,,,,,,,,,,,,,,,,,,,,,,,,,,,,,,,,,,,,,,,,,,,,,,,,,,,,,,,,,,,,,,,,,,,,,,,,,,,,,,,,,,,,,,,,,,,,,,,,,,,,,,,,,,,,,,,,,,,,,,,,,,,,,,,,,,,,,,,,,,,,,,,,,,,,,,,,,,,,,,,,,,,,,,,,,,,,,,,,,,,,,,
    Both sexes,34,(X),35.3,(X),35.2,(X),34.9,(X),34.7,(X),33.7,(X),35.3,(X),33.8,(X),32.7,(X),35.4,(X),35.3,(X),34.5,(X),33.3,(X),34.6,(X),35.2,(X),33.8,(X),31.3,(X),32.2,(X),31.3,(X),34.4,(X),34.1,(X),34.6,(X),33.3,(X),35.1,(X),33.3,(X),35.9,(X),34.6,(X),34.3,(X),31.8,(X),32.9,(X),34.9,(X),35.4,(X),35.3,(X),35.4,(X),35.5,(X),33,(X),35.3,(X),33.9,(X),34.3,(X),35.2,(X),32.9,(X),35.3,(X),34.8,(X),33.6,(X),34.3,(X),36.7,(X),32.4,(X),36.1,(X),32.5,(X),39.4,(X),39.9,(X),39.5,(X),34.4,(X),39.7,(X),35,(X),37.7,(X),36.6,(X),33.7,(X),34.4,(X),35.6,(X),32.5,(X),31.2,(X),34.9,(X),35.6,(X),33.4,(X),34.8,(X),34.2,(X),31.9,(X),34.5,(X),34.5,(X),31.2,(X),32,(X),30.7,(X),29,(X),31.3,(X),30,(X),37.2,(X),36.4,(X),37.5,(X),34.9,(X),40.4,(X),50.1,(X),36.3,(X),36.7,(X),35.8,(X),36,(X),38,(X),34.3,(X),34.1,(X),37.5,(X),35.8,(X),38.1,(X),40.3,(X),38.1,(X),41.5,(X),43.8,(X),41.5,(X),37.7,(X),38.8,(X),36.5,(X),36.8,(X),36,(X),37.2,(X),36.7,(X),36.2,(X),35.2,(X),35.6,(X),32.7,(X),32.6,(X),31,(X),32,(X),37.7,(X),41.9,(X),44.3,(X),37.7,(X),38.2,(X),36.7,(X),37.6,(X),37.3,(X),51,(X),34.7,(X),36.7,(X),38.5,(X),48.8,(X),37.6,(X),46.5,(X),33.4,(X),39.3,(X),34.8,(X),40,(X),36,(X),36.1,(X),36.3,(X),37.8,(X),35.2,(X),34.8,(X),44.1,(X),33.9,(X),35.1,(X),36.1,(X),36.4,(X),38.6,(X),38.7,(X),36.2,(X),35.8,(X),35.3,(X),34.6,(X),37.5,(X),35,(X),35.9,(X),35.4,(X),40.2,(X),37.1,(X),32.8,(X),33.7,(X),35.4,(X),35.2,(X),34.2,(X),37.5,(X),37.7,(X),36.2,(X),33.7,(X),33.8,(X),32.7,(X),32,(X),30.9,(X),31.9,(X),31.4,(X),26.1,(X),31.5,(X),31.3,(X),32.2,(X),30.6,(X),32,(X),31.9,(X),30.7,(X),32.5,(X),38.7,(X),40.3,(X),45.8,(X),32.6,(X),36,(X),40.5,(X)
    Male,32.9,(X),34.8,(X),33.6,(X),34.6,(X),33.9,(X),33,(X),34.7,(X),33.5,(X),31.8,(X),34.9,(X),34.9,(X),34.1,(X),31.2,(X),32.2,(X),34.6,(X),33.2,(X),31.2,(X),31.8,(X),32,(X),34.2,(X),34.5,(X),35.2,(X),33.4,(X),35.8,(X),32.2,(X),35,(X),34.7,(X),34.8,(X),32,(X),32.6,(X),34.7,(X),35.3,(X),35.8,(X),35.2,(X),35.5,(X),32.4,(X),34.5,(X),31.5,(X),32.6,(X),34.7,(X),33.2,(X),34.3,(X),32.7,(X),31.3,(X),32.5,(X),35.5,(X),30,(X),34.5,(X),30.2,(X),38.6,(X),37.2,(X),37.3,(X),31.5,(X),38.2,(X),33.1,(X),34.4,(X),34.4,(X),34,(X),33.7,(X),34.3,(X),26.9,(X),29.7,(X),28.5,(X),34.7,(X),33.6,(X),35,(X),34.3,(X),32.4,(X),35,(X),34.6,(X),31.8,(X),32.6,(X),31.2,(X),29.6,(X),31.6,(X),29.8,(X),36.3,(X),35.4,(X),35.7,(X),34.8,(X),39.5,(X),44.5,(X),35.1,(X),36,(X),31.5,(X),34.6,(X),37.9,(X),33.4,(X),33.3,(X),36.1,(X),34.7,(X),37.3,(X),39.2,(X),35,(X),41,(X),42.3,(X),38.9,(X),36.7,(X),37.1,(X),35.6,(X),34.1,(X),35.2,(X),35.8,(X),34.8,(X),34.9,(X),33.6,(X),32.9,(X),31.7,(X),31.4,(X),31.3,(X),31.7,(X),36.1,(X),41.1,(X),41.6,(X),36.1,(X),37.4,(X),36,(X),36.4,(X),35.1,(X),43.8,(X),33.9,(X),35.9,(X),36.5,(X),45,(X),37.6,(X),45.7,(X),33.2,(X),37.2,(X),33.8,(X),39.5,(X),35.7,(X),34.8,(X),34.5,(X),36,(X),33.5,(X),35.3,(X),39.6,(X),33.2,(X),34,(X),35.4,(X),35.9,(X),36.8,(X),35.8,(X),35.8,(X),33.9,(X),33.1,(X),33.5,(X),35.4,(X),34.1,(X),34.8,(X),32.9,(X),39.7,(X),34.4,(X),32.1,(X),31.3,(X),34.1,(X),34.6,(X),34.5,(X),36,(X),37,(X),35.7,(X),34.2,(X),34.3,(X),31.8,(X),32.3,(X),30.9,(X),32.1,(X),32,(X),26.5,(X),31.5,(X),31.2,(X),31.9,(X),29.4,(X),32.2,(X),32.2,(X),30.1,(X),32,(X),37.5,(X),39.6,(X),43,(X),32.8,(X),34.1,(X),27,(X)
    Female,35.1,(X),36.1,(X),36.7,(X),35,(X),35.6,(X),34.4,(X),35.9,(X),34.3,(X),33.6,(X),36,(X),35.7,(X),35,(X),35.5,(X),38.3,(X),35.7,(X),35,(X),31.4,(X),32.4,(X),30.4,(X),34.7,(X),33.7,(X),33.8,(X),33.2,(X),34,(X),34.5,(X),37.1,(X),34.4,(X),33.7,(X),31.5,(X),33.3,(X),35.2,(X),35.4,(X),34.8,(X),35.7,(X),35.5,(X),33.7,(X),36,(X),35.4,(X),36.1,(X),35.8,(X),32.7,(X),36.1,(X),36,(X),35.6,(X),36.2,(X),37.4,(X),34.5,(X),37.6,(X),35.3,(X),40,(X),42.7,(X),41.9,(X),37.5,(X),40.9,(X),36.5,(X),41.6,(X),38.1,(X),33.4,(X),35,(X),36.5,(X),36.3,(X),33.2,(X),39,(X),37.5,(X),33.2,(X),34.5,(X),34.1,(X),31.4,(X),34.1,(X),34.3,(X),30.6,(X),31.2,(X),30.1,(X),28.5,(X),31.1,(X),30.3,(X),37.8,(X),37.3,(X),38.8,(X),35.1,(X),41.3,(X),52.8,(X),37.4,(X),37.6,(X),39.1,(X),37.6,(X),38.2,(X),35.3,(X),34.8,(X),38.9,(X),36.5,(X),39.1,(X),40.9,(X),40.5,(X),42.1,(X),45.6,(X),42.9,(X),39,(X),41.6,(X),37.3,(X),39.6,(X),36.7,(X),38.5,(X),39,(X),37.6,(X),37.2,(X),39,(X),33.7,(X),34.3,(X),30.7,(X),32.3,(X),39.7,(X),42.4,(X),46.5,(X),39.1,(X),39,(X),38,(X),39.1,(X),39.6,(X),55.1,(X),35.1,(X),37.5,(X),41,(X),52.5,(X),37.7,(X),47,(X),33.8,(X),41,(X),35.6,(X),40.9,(X),36.5,(X),37.4,(X),39.2,(X),39.6,(X),36.9,(X),34.3,(X),49.3,(X),34.8,(X),36.5,(X),36.8,(X),37.2,(X),40.4,(X),42.1,(X),36.4,(X),37.7,(X),36.9,(X),35.6,(X),38.9,(X),35.6,(X),37.1,(X),37.3,(X),40.6,(X),38.8,(X),33.4,(X),36.2,(X),36.5,(X),36,(X),34,(X),38.8,(X),38.8,(X),36.9,(X),33.2,(X),33.2,(X),33.5,(X),31.8,(X),30.9,(X),31.7,(X),30.8,(X),24.7,(X),31.4,(X),31.4,(X),32.5,(X),32.2,(X),31.7,(X),31.7,(X),31.4,(X),32.9,(X),40,(X),40.8,(X),47.8,(X),32.5,(X),38.8,(X),41.5,(X)
RACE,,,,,,,,,,,,,,,,,,,,,,,,,,,,,,,,,,,,,,,,,,,,,,,,,,,,,,,,,,,,,,,,,,,,,,,,,,,,,,,,,,,,,,,,,,,,,,,,,,,,,,,,,,,,,,,,,,,,,,,,,,,,,,,,,,,,,,,,,,,,,,,,,,,,,,,,,,,,,,,,,,,,,,,,,,,,,,,,,,,,,,,,,,,,,,,,,,,,,,,,,,,,,,,,,,,,,,,,,,,,,,,,,,,,,,,,,,,,,,,,,,,,,,,,,,,,,,,,,,,,,,,,,,,,,,,,,,,,,,,,,,,,,,,,,,,,,,,,,,,,,,,,,,,,,,,,,,,,,,,,,,,,,,,,,,,,,,,,,,,,,,,,,,,,,,,,,,,,,,,,,,,,,,
Total population,"2,554",100.00%,"3,834",100.00%,"5,391",100.00%,"3,948",100.00%,"3,973",100.00%,"4,317",100.00%,"5,790",100.00%,"3,609",100.00%,"4,075",100.00%,"6,778",100.00%,"2,118",100.00%,"5,345",100.00%,"2,153",100.00%,"1,268",100.00%,"2,624",100.00%,"3,867",100.00%,"5,237",100.00%,"3,965",100.00%,"2,684",100.00%,"1,627",100.00%,"2,563",100.00%,"2,036",100.00%,"2,470",100.00%,"2,806",100.00%,"5,952",100.00%,"5,643",100.00%,"3,990",100.00%,"2,974",100.00%,"2,846",100.00%,"3,365",100.00%,"2,257",100.00%,"5,642",100.00%,"3,091",100.00%,"2,285",100.00%,"4,593",100.00%,"5,100",100.00%,"2,503",100.00%,"2,697",100.00%,"4,395",100.00%,"2,309",100.00%,"3,304",100.00%,"4,713",100.00%,"4,370",100.00%,"4,815",100.00%,"3,201",100.00%,"7,307",100.00%,"3,141",100.00%,"3,897",100.00%,"5,569",100.00%,"1,683",100.00%,"3,443",100.00%,"4,857",100.00%,"4,709",100.00%,"3,954",100.00%,"3,436",100.00%,"4,047",100.00%,"4,792",100.00%,"3,276",100.00%,"2,270",100.00%,"1,329",100.00%,"3,670",100.00%,"4,143",100.00%,99,100.00%,"2,141",100.00%,"2,373",100.00%,"3,510",100.00%,"3,269",100.00%,"4,946",100.00%,"5,833",100.00%,"7,364",100.00%,"10,344",100.00%,"5,234",100.00%,"6,081",100.00%,"1,289",100.00%,"5,018",100.00%,"4,343",100.00%,"6,695",100.00%,"3,477",100.00%,"3,131",100.00%,"5,008",100.00%,"5,712",100.00%,"2,916",100.00%,"4,372",100.00%,"2,603",100.00%,"1,451",100.00%,"3,688",100.00%,"2,700",100.00%,"2,543",100.00%,"4,715",100.00%,"7,398",100.00%,"3,238",100.00%,"3,863",100.00%,"3,429",100.00%,"4,747",100.00%,"2,250",100.00%,"3,230",100.00%,"3,900",100.00%,"3,846",100.00%,"6,009",100.00%,"4,829",100.00%,"4,062",100.00%,"3,665",100.00%,"2,178",100.00%,"4,265",100.00%,"3,765",100.00%,"2,594",100.00%,"5,028",100.00%,"2,234",100.00%,"2,624",100.00%,"4,944",100.00%,"4,620",100.00%,"5,209",100.00%,"4,498",100.00%,"5,149",100.00%,"5,932",100.00%,"5,937",100.00%,"4,518",100.00%,"3,657",100.00%,"6,312",100.00%,"3,562",100.00%,"4,228",100.00%,"4,880",100.00%,"5,234",100.00%,"1,095",100.00%,"3,150",100.00%,"2,611",100.00%,"2,700",100.00%,"3,462",100.00%,"3,244",100.00%,"2,880",100.00%,"6,467",100.00%,"4,568",100.00%,"5,203",100.00%,"4,315",100.00%,"3,753",100.00%,"3,494",100.00%,"5,710",100.00%,"5,966",100.00%,"3,794",100.00%,"3,773",100.00%,"4,813",100.00%,"4,503",100.00%,"3,784",100.00%,"4,682",100.00%,"3,822",100.00%,"1,773",100.00%,"3,348",100.00%,"3,364",100.00%,"4,920",100.00%,"5,359",100.00%,"3,229",100.00%,"2,272",100.00%,"2,597",100.00%,"4,361",100.00%,"3,219",100.00%,"2,192",100.00%,"6,578",100.00%,"5,358",100.00%,"4,156",100.00%,"2,849",100.00%,"4,834",100.00%,"3,180",100.00%,"5,227",100.00%,"3,156",100.00%,"3,484",100.00%,"5,445",100.00%,"1,863",100.00%,"2,441",100.00%,"3,006",100.00%,"4,382",100.00%,"3,369",100.00%,"4,764",100.00%,"4,822",100.00%,"3,949",100.00%,"5,108",100.00%,"3,260",100.00%,"2,963",100.00%,"7,080",100.00%,"5,542",100.00%,"5,303",100.00%,"4,256",100.00%,"6,762",100.00%,5,100.00%
        One Race,"2,241",87.70%,"3,380",88.20%,"4,545",84.30%,"3,377",85.50%,"3,563",89.70%,"3,813",88.30%,"4,973",85.90%,"3,051",84.50%,"3,515",86.30%,"6,433",94.90%,"1,952",92.20%,"4,714",88.20%,"1,977",91.80%,"1,145",90.30%,"2,258",86.10%,"3,385",87.50%,"4,731",90.30%,"3,628",91.50%,"2,479",92.40%,"1,459",89.70%,"2,274",88.70%,"1,806",88.70%,"2,153",87.20%,"2,487",88.60%,"5,395",90.60%,"4,944",87.60%,"3,616",90.60%,"2,644",88.90%,"2,613",91.80%,"3,065",91.10%,"1,914",84.80%,"5,166",91.60%,"2,758",89.20%,"2,035",89.10%,"4,024",87.60%,"4,517",88.60%,"2,275",90.90%,"2,499",92.70%,"4,036",91.80%,"2,017",87.40%,"2,885",87.30%,"4,181",88.70%,"3,852",88.10%,"4,458",92.60%,"2,956",92.30%,"6,709",91.80%,"2,923",93.10%,"3,480",89.30%,"5,178",93.00%,"1,470",87.30%,"3,170",92.10%,"4,384",90.30%,"4,240",90.00%,"3,646",92.20%,"3,083",89.70%,"3,522",87.00%,"4,213",87.90%,"2,896",88.40%,"1,999",88.10%,"1,257",94.60%,"3,289",89.60%,"3,787",91.40%,79,79.80%,"1,817",84.90%,"2,141",90.20%,"3,156",89.90%,"2,976",91.00%,"4,633",93.70%,"5,378",92.20%,"6,789",92.20%,"9,692",93.70%,"4,983",95.20%,"5,899",97.00%,"1,234",95.70%,"4,721",94.10%,"4,042",93.10%,"5,906",88.20%,"3,056",87.90%,"2,653",84.70%,"4,460",89.10%,"5,095",89.20%,"2,554",87.60%,"3,791",86.70%,"2,245",86.20%,"1,278",88.10%,"3,170",86.00%,"2,397",88.80%,"2,274",89.40%,"4,115",87.30%,"6,572",88.80%,"2,782",85.90%,"3,407",88.20%,"2,998",87.40%,"4,224",89.00%,"1,716",76.30%,"2,743",84.90%,"3,134",80.40%,"3,009",78.20%,"5,023",83.60%,"3,862",80.00%,"3,277",80.70%,"2,894",79.00%,"1,749",80.30%,"3,436",80.60%,"3,040",80.70%,"2,122",81.80%,"4,123",82.00%,"1,885",84.40%,"2,110",80.40%,"4,408",89.20%,"3,941",85.30%,"3,881",74.50%,"3,865",85.90%,"3,780",73.40%,"4,404",74.20%,"4,440",74.80%,"3,257",72.10%,"2,731",74.70%,"4,634",73.40%,"2,602",73.00%,"3,192",75.50%,"3,681",75.40%,"3,921",74.90%,828,75.60%,"2,562",81.30%,"2,293",87.80%,"2,165",80.20%,"2,662",76.90%,"2,601",80.20%,"2,494",86.60%,"5,176",80.00%,"3,530",77.30%,"3,975",76.40%,"3,255",75.40%,"2,942",78.40%,"3,172",90.80%,"3,875",67.90%,"4,635",77.70%,"2,863",75.50%,"2,749",72.90%,"3,654",75.90%,"3,233",71.80%,"2,742",72.50%,"3,654",78.00%,"2,800",73.30%,"1,304",73.50%,"2,503",74.80%,"2,525",75.10%,"3,947",80.20%,"4,274",79.80%,"2,518",78.00%,"1,866",82.10%,"1,987",76.50%,"3,378",77.50%,"2,531",78.60%,"1,699",77.50%,"5,292",80.40%,"4,803",89.60%,"3,193",76.80%,"2,309",81.00%,"4,099",84.80%,"2,953",92.90%,"4,811",92.00%,"2,841",90.00%,"3,153",90.50%,"5,073",93.20%,"1,653",88.70%,"2,230",91.40%,"2,819",93.80%,"3,964",90.50%,"3,091",91.70%,"4,338",91.10%,"4,329",89.80%,"3,570",90.40%,"4,680",91.60%,"2,981",91.40%,"2,679",90.40%,"6,331",89.40%,"4,884",88.10%,"4,746",89.50%,"3,983",93.60%,"5,360",79.30%,0,0.00%
            White,617,24.20%,916,23.90%,"1,267",23.50%,"1,501",38.00%,858,21.60%,"1,224",28.40%,"1,557",26.90%,"1,181",32.70%,"1,768",43.40%,"1,514",22.30%,585,27.60%,"1,612",30.20%,405,18.80%,273,21.50%,"1,093",41.70%,"1,108",28.70%,"1,289",24.60%,997,25.10%,627,23.40%,439,27.00%,859,33.50%,"1,199",58.90%,"1,347",54.50%,"1,825",65.00%,"1,511",25.40%,"1,967",34.90%,"1,394",34.90%,972,32.70%,636,22.30%,"1,132",33.60%,"1,067",47.30%,880,15.60%,577,18.70%,703,30.80%,"1,400",30.50%,949,18.60%,494,19.70%,190,7.00%,481,10.90%,352,15.20%,"1,161",35.10%,838,17.80%,631,14.40%,822,17.10%,278,8.70%,"1,170",16.00%,193,6.10%,475,12.20%,377,6.80%,870,51.70%,561,16.30%,772,15.90%,398,8.50%,998,25.20%,408,11.90%,605,14.90%,692,14.40%,"1,905",58.20%,"1,073",47.30%,219,16.50%,573,15.60%,267,6.40%,41,41.40%,859,40.10%,"1,099",46.30%,"1,277",36.40%,"1,594",48.80%,"2,478",50.10%,"2,960",50.70%,"3,338",45.30%,"3,940",38.10%,"1,644",31.40%,954,15.70%,252,19.60%,"1,356",27.00%,"2,061",47.50%,"2,887",43.10%,"1,788",51.40%,"1,518",48.50%,"2,181",43.60%,"3,213",56.30%,"1,604",55.00%,"2,307",52.80%,"1,320",50.70%,737,50.80%,"1,716",46.50%,"1,311",48.60%,946,37.20%,"2,035",43.20%,"4,446",60.10%,"1,595",49.30%,"2,200",57.00%,"2,087",60.90%,"2,421",51.00%,"1,023",45.50%,"2,064",63.90%,"2,141",54.90%,"1,797",46.70%,"2,607",43.40%,"1,778",36.80%,"1,446",35.60%,"1,025",28.00%,911,41.80%,"1,451",34.00%,"1,379",36.60%,711,27.40%,"1,610",32.00%,542,24.30%,627,23.90%,"1,357",27.40%,"1,527",33.10%,"1,433",27.50%,"2,145",47.70%,"1,799",34.90%,"1,584",26.70%,"1,300",21.90%,"1,370",30.30%,"1,001",27.40%,"1,625",25.70%,"1,118",31.40%,959,22.70%,"1,115",22.80%,"1,232",23.50%,370,33.80%,676,21.50%,"1,304",49.90%,647,24.00%,"1,008",29.10%,751,23.20%,"1,322",45.90%,"1,683",26.00%,725,15.90%,984,18.90%,774,17.90%,584,15.60%,"1,473",42.20%,"1,256",22.00%,944,15.80%,740,19.50%,603,16.00%,908,18.90%,881,19.60%,725,19.20%,"1,360",29.00%,860,22.50%,395,22.30%,636,19.00%,606,18.00%,774,15.70%,"1,038",19.40%,633,19.60%,893,39.30%,511,19.70%,709,16.30%,541,16.80%,444,20.30%,"1,672",25.40%,"2,784",52.00%,"1,659",39.90%,"1,311",46.00%,"2,752",56.90%,"2,090",65.70%,"4,017",76.90%,"2,364",74.90%,"2,534",72.70%,"4,050",74.40%,"1,321",70.90%,"1,924",78.80%,"1,591",52.90%,"3,287",75.00%,"2,562",76.00%,"3,614",75.90%,"2,575",53.40%,"2,801",70.90%,"3,474",68.00%,"2,352",72.10%,"2,155",72.70%,"3,474",49.10%,"2,357",42.50%,"2,949",55.60%,934,21.90%,"1,306",19.30%,0,0.00%
            Black or African American,131,5.10%,271,7.10%,408,7.60%,178,4.50%,189,4.80%,266,6.20%,357,6.20%,209,5.80%,219,5.40%,324,4.80%,119,5.60%,295,5.50%,102,4.70%,297,23.40%,166,6.30%,280,7.20%,676,12.90%,548,13.80%,188,7.00%,96,5.90%,237,9.20%,100,4.90%,121,4.90%,98,3.50%,"1,240",20.80%,863,15.30%,412,10.30%,475,16.00%,273,9.60%,432,12.80%,159,7.00%,"1,199",21.30%,"1,148",37.10%,742,32.50%,"1,061",23.10%,"1,893",37.10%,"1,298",51.90%,"1,889",70.00%,"2,588",58.90%,772,33.40%,767,23.20%,"1,055",22.40%,"1,700",38.90%,"2,541",52.80%,"2,087",65.20%,"2,278",31.20%,"2,281",72.60%,"1,518",39.00%,"3,583",64.30%,79,4.70%,534,15.50%,"1,216",25.00%,"2,693",57.20%,604,15.30%,"1,591",46.30%,"1,525",37.70%,"1,956",40.80%,161,4.90%,255,11.20%,50,3.80%,"1,743",47.50%,"2,695",65.00%,3,3.00%,212,9.90%,73,3.10%,420,12.00%,187,5.70%,138,2.80%,162,2.80%,451,6.10%,278,2.70%,95,1.80%,151,2.50%,9,0.70%,172,3.40%,521,12.00%,904,13.50%,369,10.60%,318,10.20%,530,10.60%,501,8.80%,261,9.00%,371,8.50%,235,9.00%,156,10.80%,299,8.10%,381,14.10%,468,18.40%,706,15.00%,606,8.20%,395,12.20%,428,11.10%,249,7.30%,834,17.60%,59,2.60%,56,1.70%,75,1.90%,84,2.20%,509,8.50%,156,3.20%,116,2.90%,79,2.20%,38,1.70%,160,3.80%,156,4.10%,72,2.80%,136,2.70%,42,1.90%,87,3.30%,340,6.90%,238,5.20%,113,2.20%,307,6.80%,174,3.40%,168,2.80%,110,1.90%,107,2.40%,114,3.10%,148,2.30%,82,2.30%,144,3.40%,143,2.90%,292,5.60%,32,2.90%,107,3.40%,144,5.50%,87,3.20%,155,4.50%,76,2.30%,130,4.50%,320,4.90%,152,3.30%,114,2.20%,154,3.60%,118,3.10%,132,3.80%,226,4.00%,198,3.30%,128,3.40%,106,2.80%,135,2.80%,130,2.90%,105,2.80%,192,4.10%,109,2.90%,48,2.70%,136,4.10%,74,2.20%,204,4.10%,187,3.50%,77,2.40%,75,3.30%,91,3.50%,161,3.70%,110,3.40%,136,6.20%,264,4.00%,232,4.30%,223,5.40%,128,4.50%,209,4.30%,27,0.80%,104,2.00%,76,2.40%,64,1.80%,180,3.30%,81,4.30%,37,1.50%,634,21.10%,73,1.70%,72,2.10%,114,2.40%,735,15.20%,118,3.00%,43,0.80%,52,1.60%,74,2.50%,261,3.70%,257,4.60%,257,4.80%,267,6.30%,148,2.20%,0,0.00%
            American Indian and Alaska Native,33,1.30%,41,1.10%,49,0.90%,60,1.50%,45,1.10%,45,1.00%,40,0.70%,57,1.60%,23,0.60%,27,0.40%,30,1.40%,48,0.90%,21,1.00%,9,0.70%,19,0.70%,38,1.00%,38,0.70%,37,0.90%,21,0.80%,14,0.90%,19,0.70%,9,0.40%,1,0.00%,5,0.20%,53,0.90%,51,0.90%,36,0.90%,33,1.10%,8,0.30%,20,0.60%,6,0.30%,50,0.90%,16,0.50%,16,0.70%,39,0.80%,46,0.90%,32,1.30%,17,0.60%,46,1.00%,67,2.90%,32,1.00%,23,0.50%,23,0.50%,44,0.90%,8,0.20%,30,0.40%,17,0.50%,33,0.80%,49,0.90%,4,0.20%,32,0.90%,16,0.30%,16,0.30%,35,0.90%,32,0.90%,41,1.00%,51,1.10%,13,0.40%,13,0.60%,5,0.40%,26,0.70%,8,0.20%,0,0.00%,12,0.60%,2,0.10%,6,0.20%,7,0.20%,1,0.00%,12,0.20%,14,0.20%,11,0.10%,7,0.10%,9,0.10%,2,0.20%,6,0.10%,11,0.30%,48,0.70%,27,0.80%,26,0.80%,33,0.70%,38,0.70%,14,0.50%,24,0.50%,11,0.40%,15,1.00%,14,0.40%,9,0.30%,23,0.90%,27,0.60%,24,0.30%,34,1.10%,7,0.20%,17,0.50%,11,0.20%,19,0.80%,19,0.60%,22,0.60%,27,0.70%,28,0.50%,39,0.80%,48,1.20%,36,1.00%,27,1.20%,53,1.20%,38,1.00%,36,1.40%,61,1.20%,42,1.90%,19,0.70%,22,0.40%,32,0.70%,164,3.10%,21,0.50%,83,1.60%,117,2.00%,114,1.90%,51,1.10%,97,2.70%,61,1.00%,41,1.20%,83,2.00%,77,1.60%,59,1.10%,14,1.30%,71,2.30%,4,0.20%,66,2.40%,46,1.30%,91,2.80%,6,0.20%,115,1.80%,101,2.20%,184,3.50%,120,2.80%,115,3.10%,6,0.20%,68,1.20%,284,4.80%,123,3.20%,99,2.60%,119,2.50%,123,2.70%,102,2.70%,110,2.30%,104,2.70%,43,2.40%,111,3.30%,76,2.30%,123,2.50%,99,1.80%,105,3.30%,16,0.70%,75,2.90%,113,2.60%,56,1.70%,72,3.30%,101,1.50%,18,0.30%,40,1.00%,19,0.70%,32,0.70%,2,0.10%,0,0.00%,5,0.20%,3,0.10%,9,0.20%,5,0.30%,1,0.00%,3,0.10%,15,0.30%,0,0.00%,14,0.30%,23,0.50%,8,0.20%,3,0.10%,10,0.30%,6,0.20%,21,0.30%,25,0.50%,16,0.30%,6,0.10%,189,2.80%,0,0.00%
            Asian,871,34.10%,"1,234",32.20%,"1,052",19.50%,503,12.70%,"1,661",41.80%,"1,312",30.40%,"1,603",27.70%,496,13.70%,550,13.50%,"4,082",60.20%,905,42.70%,"1,637",30.60%,"1,195",55.50%,354,27.90%,450,17.10%,"1,075",27.80%,"2,058",39.30%,"1,556",39.20%,"1,487",55.40%,761,46.80%,925,36.10%,370,18.20%,540,21.90%,453,16.10%,"1,438",24.20%,"1,188",21.10%,"1,443",36.20%,538,18.10%,"1,505",52.90%,963,28.60%,316,14.00%,"2,090",37.00%,321,10.40%,237,10.40%,671,14.60%,680,13.30%,115,4.60%,75,2.80%,96,2.20%,56,2.40%,257,7.80%,"1,608",34.10%,819,18.70%,329,6.80%,41,1.30%,"2,528",34.60%,54,1.70%,765,19.60%,144,2.60%,452,26.90%,"1,483",43.10%,"1,577",32.50%,213,4.50%,"1,476",37.30%,342,10.00%,433,10.70%,307,6.40%,589,18.00%,317,14.00%,912,68.60%,113,3.10%,137,3.30%,13,13.10%,371,17.30%,843,35.50%,"1,042",29.70%,"1,057",32.30%,"1,892",38.30%,"2,116",36.30%,"2,632",35.70%,"5,202",50.30%,"3,151",60.20%,"4,660",76.60%,951,73.80%,"3,093",61.60%,"1,122",25.80%,"1,036",15.50%,351,10.10%,278,8.90%,"1,074",21.40%,619,10.80%,269,9.20%,383,8.80%,229,8.80%,107,7.40%,401,10.90%,269,10.00%,340,13.40%,282,6.00%,590,8.00%,241,7.40%,248,6.40%,191,5.60%,214,4.50%,126,5.60%,178,5.50%,179,4.60%,166,4.30%,237,3.90%,336,7.00%,148,3.60%,151,4.10%,61,2.80%,185,4.30%,340,9.00%,258,9.90%,697,13.90%,396,17.70%,495,18.90%,"2,107",42.60%,"1,270",27.50%,175,3.40%,992,22.10%,318,6.20%,217,3.70%,205,3.50%,169,3.70%,212,5.80%,269,4.30%,75,2.10%,289,6.80%,278,5.70%,400,7.60%,85,7.80%,707,22.40%,682,26.10%,67,2.50%,201,5.80%,137,4.20%,862,29.90%,410,6.30%,143,3.10%,162,3.10%,133,3.10%,38,1.00%,"1,459",41.80%,181,3.20%,162,2.70%,118,3.10%,99,2.60%,63,1.30%,183,4.10%,89,2.40%,350,7.50%,106,2.80%,71,4.00%,100,3.00%,112,3.30%,123,2.50%,150,2.80%,78,2.40%,157,6.90%,52,2.00%,88,2.00%,48,1.50%,218,9.90%,421,6.40%,"1,513",28.20%,345,8.30%,295,10.40%,470,9.70%,757,23.80%,586,11.20%,202,6.40%,417,12.00%,637,11.70%,145,7.80%,201,8.20%,288,9.60%,327,7.50%,316,9.40%,432,9.10%,242,5.00%,331,8.40%,"1,061",20.80%,367,11.30%,272,9.20%,"1,963",27.70%,"1,786",32.20%,959,18.10%,"2,502",58.80%,132,2.00%,0,0.00%
            Native Hawaiian and Other Pacific Islander,0,0.00%,5,0.10%,3,0.10%,1,0.00%,0,0.00%,3,0.10%,1,0.00%,0,0.00%,1,0.00%,0,0.00%,0,0.00%,0,0.00%,1,0.00%,0,0.00%,2,0.10%,1,0.00%,0,0.00%,5,0.10%,1,0.00%,0,0.00%,7,0.30%,2,0.10%,1,0.00%,2,0.10%,9,0.20%,0,0.00%,4,0.10%,7,0.20%,0,0.00%,5,0.10%,1,0.00%,9,0.20%,4,0.10%,7,0.30%,1,0.00%,5,0.10%,21,0.80%,2,0.10%,2,0.00%,1,0.00%,1,0.00%,3,0.10%,2,0.00%,1,0.00%,6,0.20%,3,0.00%,1,0.00%,2,0.10%,1,0.00%,0,0.00%,3,0.10%,5,0.10%,1,0.00%,3,0.10%,0,0.00%,1,0.00%,3,0.10%,1,0.00%,2,0.10%,0,0.00%,3,0.10%,1,0.00%,1,1.00%,0,0.00%,5,0.20%,1,0.00%,0,0.00%,0,0.00%,3,0.10%,0,0.00%,2,0.00%,0,0.00%,0,0.00%,2,0.20%,2,0.00%,5,0.10%,0,0.00%,0,0.00%,5,0.20%,8,0.20%,6,0.10%,1,0.00%,0,0.00%,1,0.00%,3,0.20%,0,0.00%,0,0.00%,0,0.00%,1,0.00%,3,0.00%,0,0.00%,0,0.00%,0,0.00%,2,0.00%,0,0.00%,0,0.00%,10,0.30%,2,0.10%,8,0.10%,2,0.00%,0,0.00%,2,0.10%,3,0.10%,0,0.00%,0,0.00%,3,0.10%,0,0.00%,0,0.00%,3,0.10%,0,0.00%,0,0.00%,0,0.00%,8,0.20%,1,0.00%,4,0.10%,3,0.10%,0,0.00%,2,0.10%,4,0.10%,3,0.10%,6,0.10%,2,0.00%,7,0.10%,0,0.00%,6,0.20%,4,0.20%,2,0.10%,0,0.00%,0,0.00%,0,0.00%,2,0.00%,4,0.10%,2,0.00%,7,0.20%,0,0.00%,0,0.00%,0,0.00%,5,0.10%,0,0.00%,3,0.10%,0,0.00%,0,0.00%,0,0.00%,0,0.00%,0,0.00%,0,0.00%,0,0.00%,3,0.10%,3,0.10%,6,0.10%,1,0.00%,0,0.00%,0,0.00%,5,0.10%,6,0.20%,0,0.00%,1,0.00%,1,0.00%,2,0.00%,0,0.00%,7,0.10%,2,0.10%,7,0.10%,2,0.10%,1,0.00%,3,0.10%,0,0.00%,0,0.00%,28,0.90%,4,0.10%,0,0.00%,1,0.00%,1,0.00%,8,0.20%,0,0.00%,0,0.00%,0,0.00%,0,0.00%,0,0.00%,2,0.00%,2,0.00%,5,0.10%,0,0.00%
            Some Other Race,589,23.10%,913,23.80%,"1,766",32.80%,"1,134",28.70%,810,20.40%,963,22.30%,"1,415",24.40%,"1,108",30.70%,954,23.40%,486,7.20%,313,14.80%,"1,122",21.00%,253,11.80%,212,16.70%,528,20.10%,883,22.80%,670,12.80%,485,12.20%,155,5.80%,149,9.20%,227,8.90%,126,6.20%,143,5.80%,104,3.70%,"1,144",19.20%,875,15.50%,327,8.20%,619,20.80%,191,6.70%,513,15.20%,365,16.20%,938,16.60%,692,22.40%,330,14.40%,852,18.50%,944,18.50%,315,12.60%,326,12.10%,823,18.70%,769,33.30%,667,20.20%,654,13.90%,677,15.50%,721,15.00%,536,16.70%,700,9.60%,377,12.00%,687,17.60%,"1,024",18.40%,65,3.90%,557,16.20%,798,16.40%,919,19.50%,530,13.40%,710,20.70%,917,22.70%,"1,204",25.10%,227,6.90%,339,14.90%,71,5.30%,831,22.60%,679,16.40%,21,21.20%,363,17.00%,119,5.00%,410,11.70%,131,4.00%,124,2.50%,125,2.10%,354,4.80%,259,2.50%,86,1.60%,125,2.10%,18,1.40%,92,1.80%,322,7.40%,"1,031",15.40%,521,15.00%,508,16.20%,634,12.70%,718,12.60%,405,13.90%,706,16.10%,449,17.20%,260,17.90%,740,20.10%,427,15.80%,497,19.50%,"1,064",22.60%,903,12.20%,517,16.00%,524,13.60%,454,13.20%,742,15.60%,489,21.70%,426,13.20%,707,18.10%,933,24.30%,"1,634",27.20%,"1,551",32.10%,"1,519",37.40%,"1,601",43.70%,709,32.60%,"1,587",37.20%,"1,127",29.90%,"1,042",40.20%,"1,619",32.20%,863,38.60%,879,33.50%,582,11.80%,874,18.90%,"1,996",38.30%,392,8.70%,"1,405",27.30%,"2,314",39.00%,"2,708",45.60%,"1,560",34.50%,"1,305",35.70%,"2,527",40.00%,"1,283",36.00%,"1,711",40.50%,"2,066",42.30%,"1,931",36.90%,327,29.90%,995,31.60%,155,5.90%,"1,296",48.00%,"1,252",36.20%,"1,546",47.70%,174,6.00%,"2,646",40.90%,"2,405",52.60%,"2,529",48.60%,"2,067",47.90%,"2,087",55.60%,102,2.90%,"2,144",37.50%,"3,042",51.00%,"1,754",46.20%,"1,839",48.70%,"2,429",50.50%,"1,916",42.50%,"1,721",45.50%,"1,642",35.10%,"1,621",42.40%,747,42.10%,"1,520",45.40%,"1,654",49.20%,"2,720",55.30%,"2,794",52.10%,"1,624",50.30%,725,31.90%,"1,258",48.40%,"2,302",52.80%,"1,770",55.00%,829,37.80%,"2,833",43.10%,255,4.80%,924,22.20%,556,19.50%,629,13.00%,75,2.40%,97,1.90%,192,6.10%,134,3.80%,194,3.60%,101,5.40%,67,2.70%,275,9.10%,258,5.90%,141,4.20%,163,3.40%,753,15.60%,304,7.70%,99,1.90%,200,6.10%,172,5.80%,612,8.60%,459,8.30%,563,10.60%,272,6.40%,"3,580",52.90%,0,0.00%
        Two or More Races,313,12.30%,454,11.80%,846,15.70%,571,14.50%,410,10.30%,504,11.70%,817,14.10%,558,15.50%,560,13.70%,345,5.10%,166,7.80%,631,11.80%,176,8.20%,123,9.70%,366,13.90%,482,12.50%,506,9.70%,337,8.50%,205,7.60%,168,10.30%,289,11.30%,230,11.30%,317,12.80%,319,11.40%,557,9.40%,699,12.40%,374,9.40%,330,11.10%,233,8.20%,300,8.90%,343,15.20%,476,8.40%,333,10.80%,250,10.90%,569,12.40%,583,11.40%,228,9.10%,198,7.30%,359,8.20%,292,12.60%,419,12.70%,532,11.30%,518,11.90%,357,7.40%,245,7.70%,598,8.20%,218,6.90%,417,10.70%,391,7.00%,213,12.70%,273,7.90%,473,9.70%,469,10.00%,308,7.80%,353,10.30%,525,13.00%,579,12.10%,380,11.60%,271,11.90%,72,5.40%,381,10.40%,356,8.60%,20,20.20%,324,15.10%,232,9.80%,354,10.10%,293,9.00%,313,6.30%,455,7.80%,575,7.80%,652,6.30%,251,4.80%,182,3.00%,55,4.30%,297,5.90%,301,6.90%,789,11.80%,421,12.10%,478,15.30%,548,10.90%,617,10.80%,362,12.40%,581,13.30%,358,13.80%,173,11.90%,518,14.00%,303,11.20%,269,10.60%,600,12.70%,826,11.20%,456,14.10%,456,11.80%,431,12.60%,523,11.00%,534,23.70%,487,15.10%,766,19.60%,837,21.80%,986,16.40%,967,20.00%,785,19.30%,771,21.00%,429,19.70%,829,19.40%,725,19.30%,472,18.20%,905,18.00%,349,15.60%,514,19.60%,536,10.80%,679,14.70%,"1,328",25.50%,633,14.10%,"1,369",26.60%,"1,528",25.80%,"1,497",25.20%,"1,261",27.90%,926,25.30%,"1,678",26.60%,960,27.00%,"1,036",24.50%,"1,199",24.60%,"1,313",25.10%,267,24.40%,588,18.70%,318,12.20%,535,19.80%,800,23.10%,643,19.80%,386,13.40%,"1,291",20.00%,"1,038",22.70%,"1,228",23.60%,"1,060",24.60%,811,21.60%,322,9.20%,"1,835",32.10%,"1,331",22.30%,931,24.50%,"1,024",27.10%,"1,159",24.10%,"1,270",28.20%,"1,042",27.50%,"1,028",22.00%,"1,022",26.70%,469,26.50%,845,25.20%,839,24.90%,973,19.80%,"1,085",20.20%,711,22.00%,406,17.90%,610,23.50%,983,22.50%,688,21.40%,493,22.50%,"1,286",19.60%,555,10.40%,963,23.20%,540,19.00%,735,15.20%,227,7.10%,416,8.00%,315,10.00%,331,9.50%,372,6.80%,210,11.30%,211,8.60%,187,6.20%,418,9.50%,278,8.30%,426,8.90%,493,10.20%,379,9.60%,428,8.40%,279,8.60%,284,9.60%,749,10.60%,658,11.90%,557,10.50%,273,6.40%,"1,402",20.70%,5,100.00%
TOTAL RACES TALLIED [1],,,,,,,,,,,,,,,,,,,,,,,,,,,,,,,,,,,,,,,,,,,,,,,,,,,,,,,,,,,,,,,,,,,,,,,,,,,,,,,,,,,,,,,,,,,,,,,,,,,,,,,,,,,,,,,,,,,,,,,,,,,,,,,,,,,,,,,,,,,,,,,,,,,,,,,,,,,,,,,,,,,,,,,,,,,,,,,,,,,,,,,,,,,,,,,,,,,,,,,,,,,,,,,,,,,,,,,,,,,,,,,,,,,,,,,,,,,,,,,,,,,,,,,,,,,,,,,,,,,,,,,,,,,,,,,,,,,,,,,,,,,,,,,,,,,,,,,,,,,,,,,,,,,,,,,,,,,,,,,,,,,,,,,,,,,,,,,,,,,,,,,,,,,,,,,,,,,,,,,,,,,,,,
    Total races tallied,"2,879",112.70%,"4,315",112.50%,"6,311",117.10%,"4,561",115.50%,"4,411",111.00%,"4,858",112.50%,"6,659",115.00%,"4,207",116.60%,"4,675",114.70%,"7,155",105.60%,"2,296",108.40%,"6,053",113.20%,"2,348",109.10%,"1,403",110.60%,"3,025",115.30%,"4,387",113.40%,"5,770",110.20%,"4,360",110.00%,"2,906",108.30%,"1,805",110.90%,"2,893",112.90%,"2,287",112.30%,"2,819",114.10%,"3,158",112.50%,"6,553",110.10%,"6,377",113.00%,"4,384",109.90%,"3,341",112.30%,"3,108",109.20%,"3,677",109.30%,"2,649",117.40%,"6,169",109.30%,"3,466",112.10%,"2,558",111.90%,"5,223",113.70%,"5,715",112.10%,"2,752",109.90%,"2,924",108.40%,"4,810",109.40%,"2,642",114.40%,"3,783",114.50%,"5,285",112.10%,"4,938",113.00%,"5,214",108.30%,"3,480",108.70%,"7,962",109.00%,"3,375",107.40%,"4,352",111.70%,"5,991",107.60%,"1,919",114.00%,"3,740",108.60%,"5,382",110.80%,"5,206",110.60%,"4,301",108.80%,"3,817",111.10%,"4,611",113.90%,"5,439",113.50%,"3,686",112.50%,"2,572",113.30%,"1,411",106.20%,"4,092",111.50%,"4,518",109.10%,124,125.30%,"2,501",116.80%,"2,619",110.40%,"3,919",111.70%,"3,577",109.40%,"5,273",106.60%,"6,323",108.40%,"7,987",108.50%,"11,036",106.70%,"5,507",105.20%,"6,282",103.30%,"1,349",104.70%,"5,348",106.60%,"4,667",107.50%,"7,533",112.50%,"3,924",112.90%,"3,628",115.90%,"5,603",111.90%,"6,378",111.70%,"3,311",113.50%,"5,003",114.40%,"3,005",115.40%,"1,632",112.50%,"4,237",114.90%,"3,023",112.00%,"2,824",111.00%,"5,372",113.90%,"8,270",111.80%,"3,725",115.00%,"4,344",112.50%,"3,899",113.70%,"5,310",111.90%,"2,799",124.40%,"3,735",115.60%,"4,701",120.50%,"4,736",123.10%,"7,026",116.90%,"5,834",120.80%,"4,887",120.30%,"4,457",121.60%,"2,636",121.00%,"5,130",120.30%,"4,520",120.10%,"3,090",119.10%,"5,990",119.10%,"2,599",116.30%,"3,190",121.60%,"5,523",111.70%,"5,341",115.60%,"6,587",126.50%,"5,170",114.90%,"6,595",128.10%,"7,533",127.00%,"7,498",126.30%,"5,812",128.60%,"4,621",126.40%,"8,059",127.70%,"4,571",128.30%,"5,326",126.00%,"6,152",126.10%,"6,585",125.80%,"1,374",125.50%,"3,775",119.80%,"2,938",112.50%,"3,275",121.30%,"4,307",124.40%,"3,914",120.70%,"3,284",114.00%,"7,823",121.00%,"5,665",124.00%,"6,473",124.40%,"5,426",125.70%,"4,604",122.70%,"3,842",110.00%,"7,601",133.10%,"7,363",123.40%,"4,777",125.90%,"4,850",128.50%,"6,012",124.90%,"5,831",129.50%,"4,861",128.50%,"5,766",123.20%,"4,879",127.70%,"2,272",128.10%,"4,220",126.00%,"4,259",126.60%,"5,941",120.80%,"6,482",121.00%,"3,960",122.60%,"2,714",119.50%,"3,231",124.40%,"5,414",124.10%,"3,959",123.00%,"2,720",124.10%,"7,943",120.80%,"5,956",111.20%,"5,186",124.80%,"3,421",120.10%,"5,618",116.20%,"3,423",107.60%,"5,664",108.40%,"3,483",110.40%,"3,835",110.10%,"5,826",107.00%,"2,087",112.00%,"2,670",109.40%,"3,206",106.70%,"4,821",110.00%,"3,684",109.30%,"5,207",109.30%,"5,345",110.80%,"4,334",109.70%,"5,554",108.70%,"3,564",109.30%,"3,264",110.20%,"7,864",111.10%,"6,274",113.20%,"5,886",111.00%,"4,547",106.80%,"8,239",121.80%,14,280.00%
        White alone or in combination with one or more other races,866,33.90%,"1,282",33.40%,"1,939",36.00%,"1,984",50.30%,"1,138",28.60%,"1,627",37.70%,"2,228",38.50%,"1,653",45.80%,"2,243",55.00%,"1,789",26.40%,713,33.70%,"2,112",39.50%,512,23.80%,366,28.90%,"1,390",53.00%,"1,484",38.40%,"1,724",32.90%,"1,265",31.90%,779,29.00%,580,35.60%,"1,099",42.90%,"1,398",68.70%,"1,635",66.20%,"2,128",75.80%,"1,920",32.30%,"2,543",45.10%,"1,696",42.50%,"1,227",41.30%,828,29.10%,"1,364",40.50%,"1,362",60.30%,"1,187",21.00%,773,25.00%,868,38.00%,"1,800",39.20%,"1,342",26.30%,649,25.90%,336,12.50%,714,16.20%,572,24.80%,"1,507",45.60%,"1,198",25.40%,993,22.70%,"1,054",21.90%,432,13.50%,"1,611",22.00%,306,9.70%,698,17.90%,600,10.80%,"1,063",63.20%,746,21.70%,"1,047",21.60%,666,14.10%,"1,216",30.80%,622,18.10%,932,23.00%,"1,084",22.60%,"2,248",68.60%,"1,321",58.20%,279,21.00%,829,22.60%,475,11.50%,48,48.50%,"1,143",53.40%,"1,288",54.30%,"1,568",44.70%,"1,866",57.10%,"2,764",55.90%,"3,381",58.00%,"3,832",52.00%,"4,548",44.00%,"1,877",35.90%,"1,121",18.40%,299,23.20%,"1,606",32.00%,"2,316",53.30%,"3,549",53.00%,"2,118",60.90%,"1,906",60.90%,"2,661",53.10%,"3,767",65.90%,"1,923",65.90%,"2,798",64.00%,"1,633",62.70%,876,60.40%,"2,142",58.10%,"1,564",57.90%,"1,159",45.60%,"2,545",54.00%,"5,143",69.50%,"1,971",60.90%,"2,588",67.00%,"2,475",72.20%,"2,849",60.00%,"1,507",67.00%,"2,517",77.90%,"2,840",72.80%,"2,557",66.50%,"3,533",58.80%,"2,688",55.70%,"2,155",53.10%,"1,707",46.60%,"1,297",59.60%,"2,202",51.60%,"2,031",53.90%,"1,136",43.80%,"2,421",48.20%,861,38.50%,"1,085",41.30%,"1,830",37.00%,"2,133",46.20%,"2,638",50.60%,"2,719",60.40%,"3,055",59.30%,"2,986",50.30%,"2,660",44.80%,"2,504",55.40%,"1,829",50.00%,"3,175",50.30%,"1,987",55.80%,"1,895",44.80%,"2,174",44.50%,"2,370",45.30%,598,54.60%,"1,187",37.70%,"1,601",61.30%,"1,089",40.30%,"1,705",49.20%,"1,334",41.10%,"1,685",58.50%,"2,818",43.60%,"1,641",35.90%,"2,022",38.90%,"1,702",39.40%,"1,271",33.90%,"1,776",50.80%,"2,879",50.40%,"2,065",34.60%,"1,580",41.60%,"1,489",39.50%,"1,920",39.90%,"2,032",45.10%,"1,635",43.20%,"2,247",48.00%,"1,729",45.20%,827,46.60%,"1,343",40.10%,"1,320",39.20%,"1,578",32.10%,"1,928",36.00%,"1,160",35.90%,"1,200",52.80%,940,36.20%,"1,472",33.80%,"1,082",33.60%,822,37.50%,"2,757",41.90%,"3,314",61.90%,"2,516",60.50%,"1,810",63.50%,"3,422",70.80%,"2,305",72.50%,"4,420",84.60%,"2,658",84.20%,"2,845",81.70%,"4,402",80.80%,"1,509",81.00%,"2,115",86.60%,"1,761",58.60%,"3,669",83.70%,"2,814",83.50%,"4,027",84.50%,"2,982",61.80%,"3,158",80.00%,"3,874",75.80%,"2,611",80.10%,"2,416",81.50%,"4,175",59.00%,"2,973",53.60%,"3,452",65.10%,"1,157",27.20%,"2,536",37.50%,3,60.00%
        Black or African American alone or in combination with one or more other races,201,7.90%,361,9.40%,619,11.50%,265,6.70%,296,7.50%,397,9.20%,564,9.70%,312,8.60%,352,8.60%,417,6.20%,154,7.30%,461,8.60%,155,7.20%,336,26.50%,254,9.70%,433,11.20%,802,15.30%,652,16.40%,226,8.40%,135,8.30%,308,12.00%,151,7.40%,191,7.70%,166,5.90%,"1,429",24.00%,"1,041",18.40%,520,13.00%,595,20.00%,338,11.90%,536,15.90%,255,11.30%,"1,381",24.50%,"1,332",43.10%,857,37.50%,"1,273",27.70%,"2,118",41.50%,"1,412",56.40%,"1,982",73.50%,"2,782",63.30%,859,37.20%,920,27.80%,"1,251",26.50%,"1,929",44.10%,"2,680",55.70%,"2,236",69.90%,"2,510",34.40%,"2,401",76.40%,"1,681",43.10%,"3,810",68.40%,123,7.30%,638,18.50%,"1,439",29.60%,"2,934",62.30%,706,17.90%,"1,716",49.90%,"1,740",43.00%,"2,206",46.00%,227,6.90%,307,13.50%,65,4.90%,"1,932",52.60%,"2,874",69.40%,15,15.20%,285,13.30%,124,5.20%,527,15.00%,233,7.10%,190,3.80%,237,4.10%,573,7.80%,385,3.70%,140,2.70%,183,3.00%,22,1.70%,244,4.90%,604,13.90%,"1,104",16.50%,471,13.50%,453,14.50%,683,13.60%,623,10.90%,329,11.30%,520,11.90%,342,13.10%,217,15.00%,474,12.90%,472,17.50%,546,21.50%,843,17.90%,825,11.20%,512,15.80%,539,14.00%,340,9.90%,994,20.90%,110,4.90%,93,2.90%,150,3.80%,186,4.80%,586,9.80%,229,4.70%,213,5.20%,170,4.60%,77,3.50%,227,5.30%,215,5.70%,91,3.50%,243,4.80%,74,3.30%,146,5.60%,424,8.60%,339,7.30%,227,4.40%,383,8.50%,316,6.10%,307,5.20%,235,4.00%,232,5.10%,218,6.00%,298,4.70%,183,5.10%,257,6.10%,288,5.90%,466,8.90%,69,6.30%,186,5.90%,168,6.40%,175,6.50%,253,7.30%,152,4.70%,172,6.00%,501,7.70%,276,6.00%,282,5.40%,290,6.70%,221,5.90%,174,5.00%,412,7.20%,326,5.50%,220,5.80%,234,6.20%,261,5.40%,270,6.00%,208,5.50%,348,7.40%,257,6.70%,90,5.10%,221,6.60%,173,5.10%,363,7.40%,381,7.10%,157,4.90%,133,5.90%,168,6.50%,320,7.30%,269,8.40%,271,12.40%,530,8.10%,302,5.60%,380,9.10%,202,7.10%,323,6.70%,51,1.60%,154,2.90%,111,3.50%,109,3.10%,213,3.90%,108,5.80%,71,2.90%,653,21.70%,132,3.00%,118,3.50%,164,3.40%,871,18.10%,158,4.00%,99,1.90%,90,2.80%,110,3.70%,355,5.00%,371,6.70%,330,6.20%,332,7.80%,300,4.40%,4,80.00%
        American Indian and Alaska Native alone or in combination with one or more other races,54,2.10%,83,2.20%,114,2.10%,103,2.60%,95,2.40%,72,1.70%,100,1.70%,104,2.90%,71,1.70%,63,0.90%,57,2.70%,115,2.20%,48,2.20%,29,2.30%,48,1.80%,87,2.20%,68,1.30%,75,1.90%,61,2.30%,22,1.40%,61,2.40%,39,1.90%,28,1.10%,28,1.00%,121,2.00%,94,1.70%,57,1.40%,72,2.40%,29,1.00%,43,1.30%,38,1.70%,98,1.70%,61,2.00%,44,1.90%,108,2.40%,124,2.40%,61,2.40%,51,1.90%,103,2.30%,110,4.80%,80,2.40%,75,1.60%,79,1.80%,97,2.00%,27,0.80%,83,1.10%,64,2.00%,81,2.10%,107,1.90%,20,1.20%,54,1.60%,81,1.70%,82,1.70%,75,1.90%,72,2.10%,104,2.60%,106,2.20%,35,1.10%,42,1.90%,9,0.70%,71,1.90%,35,0.80%,4,4.00%,33,1.50%,27,1.10%,42,1.20%,20,0.60%,4,0.10%,32,0.50%,54,0.70%,53,0.50%,24,0.50%,19,0.30%,10,0.80%,31,0.60%,33,0.80%,97,1.40%,65,1.90%,59,1.90%,94,1.90%,111,1.90%,48,1.60%,75,1.70%,53,2.00%,30,2.10%,46,1.20%,43,1.60%,51,2.00%,96,2.00%,70,0.90%,64,2.00%,31,0.80%,49,1.40%,60,1.30%,44,2.00%,47,1.50%,62,1.60%,95,2.50%,76,1.30%,76,1.60%,87,2.10%,79,2.20%,57,2.60%,144,3.40%,68,1.80%,96,3.70%,139,2.80%,56,2.50%,74,2.80%,70,1.40%,72,1.60%,244,4.70%,55,1.20%,146,2.80%,206,3.50%,203,3.40%,108,2.40%,146,4.00%,154,2.40%,81,2.30%,148,3.50%,175,3.60%,124,2.40%,31,2.80%,119,3.80%,13,0.50%,103,3.80%,86,2.50%,122,3.80%,25,0.90%,188,2.90%,163,3.60%,271,5.20%,184,4.30%,192,5.10%,34,1.00%,169,3.00%,426,7.10%,195,5.10%,171,4.50%,194,4.00%,194,4.30%,185,4.90%,184,3.90%,175,4.60%,62,3.50%,202,6.00%,170,5.10%,198,4.00%,160,3.00%,235,7.30%,91,4.00%,211,8.10%,235,5.40%,111,3.40%,103,4.70%,165,2.50%,49,0.90%,111,2.70%,59,2.10%,79,1.60%,24,0.80%,21,0.40%,31,1.00%,18,0.50%,24,0.40%,26,1.40%,27,1.10%,18,0.60%,53,1.20%,39,1.20%,35,0.70%,56,1.20%,29,0.70%,32,0.60%,38,1.20%,24,0.80%,54,0.80%,71,1.30%,57,1.10%,24,0.60%,289,4.30%,2,40.00%
        Asian alone or in combination with one or more other races,894,35.00%,"1,263",32.90%,"1,107",20.50%,577,14.60%,"1,725",43.40%,"1,371",31.80%,"1,672",28.90%,540,15.00%,598,14.70%,"4,144",61.10%,926,43.70%,"1,708",32.00%,"1,256",58.30%,374,29.50%,490,18.70%,"1,122",29.00%,"2,179",41.60%,"1,650",41.60%,"1,541",57.40%,791,48.60%,963,37.60%,429,21.10%,615,24.90%,554,19.70%,"1,537",25.80%,"1,290",22.90%,"1,506",37.70%,577,19.40%,"1,544",54.30%,"1,001",29.70%,378,16.70%,"2,172",38.50%,363,11.70%,273,11.90%,742,16.20%,743,14.60%,143,5.70%,91,3.40%,137,3.10%,83,3.60%,297,9.00%,"1,709",36.30%,867,19.80%,383,8.00%,51,1.60%,"2,660",36.40%,79,2.50%,857,22.00%,170,3.10%,525,31.20%,"1,530",44.40%,"1,633",33.60%,257,5.50%,"1,523",38.50%,411,12.00%,480,11.90%,359,7.50%,701,21.40%,384,16.90%,943,71.00%,155,4.20%,170,4.10%,15,15.20%,427,19.90%,906,38.20%,"1,112",31.70%,"1,167",35.70%,"1,979",40.00%,"2,257",38.70%,"2,793",37.90%,"5,384",52.00%,"3,230",61.70%,"4,729",77.80%,967,75.00%,"3,170",63.20%,"1,157",26.60%,"1,131",16.90%,410,11.80%,314,10.00%,"1,113",22.20%,672,11.80%,299,10.30%,443,10.10%,251,9.60%,127,8.80%,435,11.80%,283,10.50%,366,14.40%,328,7.00%,652,8.80%,280,8.60%,288,7.50%,221,6.40%,253,5.30%,147,6.50%,211,6.50%,231,5.90%,206,5.40%,277,4.60%,357,7.40%,171,4.20%,168,4.60%,89,4.10%,208,4.90%,373,9.90%,277,10.70%,743,14.80%,424,19.00%,509,19.40%,"2,170",43.90%,"1,308",28.30%,211,4.10%,"1,055",23.50%,356,6.90%,248,4.20%,236,4.00%,216,4.80%,226,6.20%,304,4.80%,111,3.10%,309,7.30%,309,6.30%,433,8.30%,103,9.40%,750,23.80%,730,28.00%,87,3.20%,245,7.10%,162,5.00%,911,31.60%,443,6.90%,182,4.00%,189,3.60%,156,3.60%,46,1.20%,"1,524",43.60%,210,3.70%,193,3.20%,135,3.60%,132,3.50%,98,2.00%,218,4.80%,132,3.50%,383,8.20%,121,3.20%,84,4.70%,117,3.50%,134,4.00%,148,3.00%,175,3.30%,90,2.80%,185,8.10%,62,2.40%,115,2.60%,68,2.10%,238,10.90%,472,7.20%,"1,588",29.60%,396,9.50%,340,11.90%,560,11.60%,838,26.40%,704,13.50%,259,8.20%,492,14.10%,705,12.90%,192,10.30%,268,11.00%,349,11.60%,399,9.10%,389,11.50%,500,10.50%,304,6.30%,378,9.60%,"1,200",23.50%,421,12.90%,322,10.90%,"2,045",28.90%,"1,849",33.40%,"1,004",18.90%,"2,552",60.00%,159,2.40%,3,60.00%
        Native Hawaiian and Other Pacific Islander alone or in combination with one or more other races,0,0.00%,11,0.30%,19,0.40%,12,0.30%,8,0.20%,12,0.30%,8,0.10%,10,0.30%,8,0.20%,9,0.10%,4,0.20%,15,0.30%,6,0.30%,3,0.20%,16,0.60%,12,0.30%,10,0.20%,15,0.40%,9,0.30%,2,0.10%,22,0.90%,5,0.20%,13,0.50%,3,0.10%,21,0.40%,12,0.20%,11,0.30%,17,0.60%,1,0.00%,5,0.10%,7,0.30%,27,0.50%,13,0.40%,14,0.60%,11,0.20%,20,0.40%,25,1.00%,7,0.30%,12,0.30%,6,0.30%,2,0.10%,15,0.30%,5,0.10%,17,0.40%,10,0.30%,5,0.10%,15,0.50%,18,0.50%,23,0.40%,1,0.10%,11,0.30%,34,0.70%,15,0.30%,11,0.30%,13,0.40%,19,0.50%,7,0.10%,5,0.20%,6,0.30%,2,0.20%,7,0.20%,18,0.40%,2,2.00%,9,0.40%,11,0.50%,17,0.50%,1,0.00%,9,0.20%,11,0.20%,15,0.20%,14,0.10%,9,0.20%,1,0.00%,4,0.30%,8,0.20%,13,0.30%,11,0.20%,20,0.60%,18,0.60%,8,0.20%,10,0.20%,7,0.20%,17,0.40%,5,0.20%,6,0.40%,8,0.20%,5,0.20%,2,0.10%,22,0.50%,10,0.10%,7,0.20%,9,0.20%,11,0.30%,6,0.10%,8,0.40%,4,0.10%,19,0.50%,17,0.40%,15,0.20%,13,0.30%,6,0.10%,13,0.40%,8,0.40%,3,0.10%,8,0.20%,7,0.30%,8,0.20%,2,0.10%,5,0.20%,18,0.40%,6,0.10%,5,0.10%,12,0.30%,7,0.10%,15,0.30%,15,0.30%,2,0.00%,6,0.20%,5,0.10%,17,0.50%,10,0.20%,16,0.30%,24,0.50%,7,0.60%,13,0.40%,6,0.20%,10,0.40%,8,0.20%,10,0.30%,3,0.10%,16,0.20%,9,0.20%,9,0.20%,12,0.30%,5,0.10%,8,0.20%,3,0.10%,23,0.40%,2,0.10%,7,0.20%,2,0.00%,6,0.10%,6,0.20%,6,0.10%,2,0.10%,3,0.20%,3,0.10%,18,0.50%,18,0.40%,7,0.10%,13,0.40%,13,0.60%,5,0.20%,21,0.50%,14,0.40%,0,0.00%,2,0.00%,9,0.20%,7,0.20%,7,0.20%,12,0.20%,3,0.10%,9,0.20%,7,0.20%,8,0.20%,10,0.20%,3,0.20%,8,0.30%,34,1.10%,12,0.30%,5,0.10%,7,0.10%,3,0.10%,12,0.30%,4,0.10%,2,0.10%,1,0.00%,9,0.10%,5,0.10%,11,0.20%,10,0.20%,11,0.20%,1,20.00%
        Some Other Race alone or in combination with one or more other races,864,33.80%,"1,315",34.30%,"2,513",46.60%,"1,620",41.00%,"1,149",28.90%,"1,379",31.90%,"2,087",36.00%,"1,588",44.00%,"1,403",34.40%,733,10.80%,442,20.90%,"1,642",30.70%,371,17.20%,295,23.30%,827,31.50%,"1,249",32.30%,987,18.80%,703,17.70%,290,10.80%,275,16.90%,440,17.20%,265,13.00%,337,13.60%,279,9.90%,"1,525",25.60%,"1,397",24.80%,594,14.90%,853,28.70%,368,12.90%,728,21.60%,609,27.00%,"1,304",23.10%,924,29.90%,502,22.00%,"1,289",28.10%,"1,368",26.80%,462,18.50%,457,16.90%,"1,062",24.20%,"1,012",43.80%,977,29.60%,"1,037",22.00%,"1,065",24.40%,983,20.40%,724,22.60%,"1,093",15.00%,510,16.20%,"1,017",26.10%,"1,281",23.00%,187,11.10%,761,22.10%,"1,148",23.60%,"1,252",26.60%,770,19.50%,983,28.60%,"1,336",33.00%,"1,677",35.00%,470,14.30%,512,22.60%,113,8.50%,"1,098",29.90%,946,22.80%,40,40.40%,604,28.20%,263,11.10%,653,18.60%,290,8.90%,327,6.60%,405,6.90%,720,9.80%,652,6.30%,227,4.30%,229,3.80%,47,3.60%,289,5.80%,544,12.50%,"1,641",24.50%,840,24.20%,878,28.00%,"1,044",20.80%,"1,195",20.90%,705,24.20%,"1,150",26.30%,721,27.70%,376,25.90%,"1,132",30.70%,656,24.30%,700,27.50%,"1,538",32.60%,"1,570",21.20%,891,27.50%,889,23.00%,803,23.40%,"1,148",24.20%,983,43.70%,863,26.70%,"1,399",35.90%,"1,675",43.60%,"2,539",42.30%,"2,471",51.20%,"2,255",55.50%,"2,320",63.30%,"1,108",50.90%,"2,346",55.00%,"1,825",48.50%,"1,483",57.20%,"2,436",48.40%,"1,182",52.90%,"1,371",52.20%,"1,011",20.40%,"1,483",32.10%,"3,262",62.60%,946,21.00%,"2,715",52.70%,"3,771",63.60%,"4,149",69.90%,"2,750",60.90%,"2,196",60.00%,"4,123",65.30%,"2,192",61.50%,"2,707",64.00%,"3,190",65.40%,"3,168",60.50%,566,51.70%,"1,520",48.30%,420,16.10%,"1,811",67.10%,"2,010",58.10%,"2,134",65.80%,488,16.90%,"3,857",59.60%,"3,394",74.30%,"3,700",71.10%,"3,082",71.40%,"2,869",76.40%,326,9.30%,"3,928",68.80%,"4,330",72.60%,"2,645",69.70%,"2,817",74.70%,"3,537",73.50%,"3,111",69.10%,"2,695",71.20%,"2,598",55.50%,"2,595",67.90%,"1,206",68.00%,"2,334",69.70%,"2,444",72.70%,"3,636",73.90%,"3,831",71.50%,"2,305",71.40%,"1,092",48.10%,"1,845",71.00%,"3,251",74.50%,"2,415",75.00%,"1,286",58.70%,"4,017",61.10%,694,13.00%,"1,776",42.70%,"1,003",35.20%,"1,222",25.30%,202,6.40%,356,6.80%,417,13.20%,363,10.40%,472,8.70%,249,13.40%,181,7.40%,391,13.00%,556,12.70%,319,9.50%,474,9.90%,"1,129",23.40%,599,15.20%,345,6.80%,402,12.30%,391,13.20%,"1,226",17.30%,"1,005",18.10%,"1,032",19.50%,472,11.10%,"4,944",73.10%,1,20.00%
HISPANIC OR LATINO,,,,,,,,,,,,,,,,,,,,,,,,,,,,,,,,,,,,,,,,,,,,,,,,,,,,,,,,,,,,,,,,,,,,,,,,,,,,,,,,,,,,,,,,,,,,,,,,,,,,,,,,,,,,,,,,,,,,,,,,,,,,,,,,,,,,,,,,,,,,,,,,,,,,,,,,,,,,,,,,,,,,,,,,,,,,,,,,,,,,,,,,,,,,,,,,,,,,,,,,,,,,,,,,,,,,,,,,,,,,,,,,,,,,,,,,,,,,,,,,,,,,,,,,,,,,,,,,,,,,,,,,,,,,,,,,,,,,,,,,,,,,,,,,,,,,,,,,,,,,,,,,,,,,,,,,,,,,,,,,,,,,,,,,,,,,,,,,,,,,,,,,,,,,,,,,,,,,,,,,,,,,,,
    Total population,"2,554",100.00%,"3,834",100.00%,"5,391",100.00%,"3,948",100.00%,"3,973",100.00%,"4,317",100.00%,"5,790",100.00%,"3,609",100.00%,"4,075",100.00%,"6,778",100.00%,"2,118",100.00%,"5,345",100.00%,"2,153",100.00%,"1,268",100.00%,"2,624",100.00%,"3,867",100.00%,"5,237",100.00%,"3,965",100.00%,"2,684",100.00%,"1,627",100.00%,"2,563",100.00%,"2,036",100.00%,"2,470",100.00%,"2,806",100.00%,"5,952",100.00%,"5,643",100.00%,"3,990",100.00%,"2,974",100.00%,"2,846",100.00%,"3,365",100.00%,"2,257",100.00%,"5,642",100.00%,"3,091",100.00%,"2,285",100.00%,"4,593",100.00%,"5,100",100.00%,"2,503",100.00%,"2,697",100.00%,"4,395",100.00%,"2,309",100.00%,"3,304",100.00%,"4,713",100.00%,"4,370",100.00%,"4,815",100.00%,"3,201",100.00%,"7,307",100.00%,"3,141",100.00%,"3,897",100.00%,"5,569",100.00%,"1,683",100.00%,"3,443",100.00%,"4,857",100.00%,"4,709",100.00%,"3,954",100.00%,"3,436",100.00%,"4,047",100.00%,"4,792",100.00%,"3,276",100.00%,"2,270",100.00%,"1,329",100.00%,"3,670",100.00%,"4,143",100.00%,99,100.00%,"2,141",100.00%,"2,373",100.00%,"3,510",100.00%,"3,269",100.00%,"4,946",100.00%,"5,833",100.00%,"7,364",100.00%,"10,344",100.00%,"5,234",100.00%,"6,081",100.00%,"1,289",100.00%,"5,018",100.00%,"4,343",100.00%,"6,695",100.00%,"3,477",100.00%,"3,131",100.00%,"5,008",100.00%,"5,712",100.00%,"2,916",100.00%,"4,372",100.00%,"2,603",100.00%,"1,451",100.00%,"3,688",100.00%,"2,700",100.00%,"2,543",100.00%,"4,715",100.00%,"7,398",100.00%,"3,238",100.00%,"3,863",100.00%,"3,429",100.00%,"4,747",100.00%,"2,250",100.00%,"3,230",100.00%,"3,900",100.00%,"3,846",100.00%,"6,009",100.00%,"4,829",100.00%,"4,062",100.00%,"3,665",100.00%,"2,178",100.00%,"4,265",100.00%,"3,765",100.00%,"2,594",100.00%,"5,028",100.00%,"2,234",100.00%,"2,624",100.00%,"4,944",100.00%,"4,620",100.00%,"5,209",100.00%,"4,498",100.00%,"5,149",100.00%,"5,932",100.00%,"5,937",100.00%,"4,518",100.00%,"3,657",100.00%,"6,312",100.00%,"3,562",100.00%,"4,228",100.00%,"4,880",100.00%,"5,234",100.00%,"1,095",100.00%,"3,150",100.00%,"2,611",100.00%,"2,700",100.00%,"3,462",100.00%,"3,244",100.00%,"2,880",100.00%,"6,467",100.00%,"4,568",100.00%,"5,203",100.00%,"4,315",100.00%,"3,753",100.00%,"3,494",100.00%,"5,710",100.00%,"5,966",100.00%,"3,794",100.00%,"3,773",100.00%,"4,813",100.00%,"4,503",100.00%,"3,784",100.00%,"4,682",100.00%,"3,822",100.00%,"1,773",100.00%,"3,348",100.00%,"3,364",100.00%,"4,920",100.00%,"5,359",100.00%,"3,229",100.00%,"2,272",100.00%,"2,597",100.00%,"4,361",100.00%,"3,219",100.00%,"2,192",100.00%,"6,578",100.00%,"5,358",100.00%,"4,156",100.00%,"2,849",100.00%,"4,834",100.00%,"3,180",100.00%,"5,227",100.00%,"3,156",100.00%,"3,484",100.00%,"5,445",100.00%,"1,863",100.00%,"2,441",100.00%,"3,006",100.00%,"4,382",100.00%,"3,369",100.00%,"4,764",100.00%,"4,822",100.00%,"3,949",100.00%,"5,108",100.00%,"3,260",100.00%,"2,963",100.00%,"7,080",100.00%,"5,542",100.00%,"5,303",100.00%,"4,256",100.00%,"6,762",100.00%,5,100.00%
        Hispanic or Latino (of any race),"1,059",41.50%,"1,590",41.50%,"2,954",54.80%,"1,910",48.40%,"1,372",34.50%,"1,677",38.80%,"2,450",42.30%,"1,864",51.60%,"1,562",38.30%,896,13.20%,519,24.50%,"1,889",35.30%,464,21.60%,395,31.20%,962,36.70%,"1,505",38.90%,"1,128",21.50%,850,21.40%,329,12.30%,300,18.40%,523,20.40%,337,16.60%,383,15.50%,359,12.80%,"1,721",28.90%,"1,594",28.20%,708,17.70%,990,33.30%,381,13.40%,841,25.00%,709,31.40%,"1,487",26.40%,"1,080",34.90%,620,27.10%,"1,455",31.70%,"1,559",30.60%,552,22.10%,661,24.50%,"1,316",29.90%,"1,219",52.80%,"1,182",35.80%,"1,122",23.80%,"1,203",27.50%,"1,272",26.40%,912,28.50%,"1,085",14.80%,678,21.60%,995,25.50%,"1,535",27.60%,154,9.20%,809,23.50%,"1,210",24.90%,"1,501",31.90%,909,23.00%,"1,054",30.70%,"1,431",35.40%,"1,855",38.70%,514,15.70%,657,28.90%,83,6.20%,"1,461",39.80%,"1,080",26.10%,61,61.60%,805,37.60%,315,13.30%,772,22.00%,297,9.10%,351,7.10%,400,6.90%,748,10.20%,670,6.50%,217,4.10%,232,3.80%,41,3.20%,286,5.70%,708,16.30%,"1,998",29.80%,995,28.60%,"1,070",34.20%,"1,303",26.00%,"1,451",25.40%,847,29.00%,"1,440",32.90%,911,35.00%,492,33.90%,"1,373",37.20%,777,28.80%,848,33.30%,"1,887",40.00%,"1,940",26.20%,"1,201",37.10%,"1,164",30.10%,988,28.80%,"1,416",29.80%,"1,042",46.30%,"1,000",31.00%,"1,470",37.70%,"1,729",45.00%,"2,533",42.20%,"2,397",49.60%,"2,371",58.40%,"2,377",64.90%,"1,150",52.80%,"2,537",59.50%,"1,859",49.40%,"1,619",62.40%,"2,531",50.30%,"1,279",57.30%,"1,507",57.40%,985,19.90%,"1,457",31.50%,"4,026",77.30%,"1,208",26.90%,"3,191",62.00%,"4,562",76.90%,"4,835",81.40%,"3,294",72.90%,"2,728",74.60%,"4,781",75.70%,"2,872",80.60%,"3,184",75.30%,"3,772",77.30%,"3,845",73.50%,685,62.60%,"1,917",60.90%,513,19.60%,"2,282",84.50%,"2,500",72.20%,"2,573",79.30%,509,17.70%,"4,553",70.40%,"3,835",84.00%,"4,465",85.80%,"3,668",85.00%,"3,400",90.60%,352,10.10%,"4,819",84.40%,"5,242",87.90%,"3,236",85.30%,"3,310",87.70%,"4,284",89.00%,"3,772",83.80%,"3,250",85.90%,"3,184",68.00%,"3,176",83.10%,"1,526",86.10%,"2,873",85.80%,"2,955",87.80%,"4,214",85.70%,"4,552",84.90%,"2,746",85.00%,"1,344",59.20%,"2,295",88.40%,"3,899",89.40%,"2,884",89.60%,"1,578",72.00%,"4,667",70.90%,755,14.10%,"2,152",51.80%,"1,181",41.50%,"1,577",32.60%,200,6.30%,334,6.40%,507,16.10%,431,12.40%,566,10.40%,327,17.60%,218,8.90%,359,11.90%,727,16.60%,418,12.40%,610,12.80%,"1,709",35.40%,743,18.80%,358,7.00%,541,16.60%,494,16.70%,"1,561",22.00%,"1,244",22.40%,"1,362",25.70%,533,12.50%,"6,035",89.20%,2,40.00%
        Not Hispanic or Latino,"1,495",58.50%,"2,244",58.50%,"2,437",45.20%,"2,038",51.60%,"2,601",65.50%,"2,640",61.20%,"3,340",57.70%,"1,745",48.40%,"2,513",61.70%,"5,882",86.80%,"1,599",75.50%,"3,456",64.70%,"1,689",78.40%,873,68.80%,"1,662",63.30%,"2,362",61.10%,"4,109",78.50%,"3,115",78.60%,"2,355",87.70%,"1,327",81.60%,"2,040",79.60%,"1,699",83.40%,"2,087",84.50%,"2,447",87.20%,"4,231",71.10%,"4,049",71.80%,"3,282",82.30%,"1,984",66.70%,"2,465",86.60%,"2,524",75.00%,"1,548",68.60%,"4,155",73.60%,"2,011",65.10%,"1,665",72.90%,"3,138",68.30%,"3,541",69.40%,"1,951",77.90%,"2,036",75.50%,"3,079",70.10%,"1,090",47.20%,"2,122",64.20%,"3,591",76.20%,"3,167",72.50%,"3,543",73.60%,"2,289",71.50%,"6,222",85.20%,"2,463",78.40%,"2,902",74.50%,"4,034",72.40%,"1,529",90.80%,"2,634",76.50%,"3,647",75.10%,"3,208",68.10%,"3,045",77.00%,"2,382",69.30%,"2,616",64.60%,"2,937",61.30%,"2,762",84.30%,"1,613",71.10%,"1,246",93.80%,"2,209",60.20%,"3,063",73.90%,38,38.40%,"1,336",62.40%,"2,058",86.70%,"2,738",78.00%,"2,972",90.90%,"4,595",92.90%,"5,433",93.10%,"6,616",89.80%,"9,674",93.50%,"5,017",95.90%,"5,849",96.20%,"1,248",96.80%,"4,732",94.30%,"3,635",83.70%,"4,697",70.20%,"2,482",71.40%,"2,061",65.80%,"3,705",74.00%,"4,261",74.60%,"2,069",71.00%,"2,932",67.10%,"1,692",65.00%,959,66.10%,"2,315",62.80%,"1,923",71.20%,"1,695",66.70%,"2,828",60.00%,"5,458",73.80%,"2,037",62.90%,"2,699",69.90%,"2,441",71.20%,"3,331",70.20%,"1,208",53.70%,"2,230",69.00%,"2,430",62.30%,"2,117",55.00%,"3,476",57.80%,"2,432",50.40%,"1,691",41.60%,"1,288",35.10%,"1,028",47.20%,"1,728",40.50%,"1,906",50.60%,975,37.60%,"2,497",49.70%,955,42.70%,"1,117",42.60%,"3,959",80.10%,"3,163",68.50%,"1,183",22.70%,"3,290",73.10%,"1,958",38.00%,"1,370",23.10%,"1,102",18.60%,"1,224",27.10%,929,25.40%,"1,531",24.30%,690,19.40%,"1,044",24.70%,"1,108",22.70%,"1,389",26.50%,410,37.40%,"1,233",39.10%,"2,098",80.40%,418,15.50%,962,27.80%,671,20.70%,"2,371",82.30%,"1,914",29.60%,733,16.00%,738,14.20%,647,15.00%,353,9.40%,"3,142",89.90%,891,15.60%,724,12.10%,558,14.70%,463,12.30%,529,11.00%,731,16.20%,534,14.10%,"1,498",32.00%,646,16.90%,247,13.90%,475,14.20%,409,12.20%,706,14.30%,807,15.10%,483,15.00%,928,40.80%,302,11.60%,462,10.60%,335,10.40%,614,28.00%,"1,911",29.10%,"4,603",85.90%,"2,004",48.20%,"1,668",58.50%,"3,257",67.40%,"2,980",93.70%,"4,893",93.60%,"2,649",83.90%,"3,053",87.60%,"4,879",89.60%,"1,536",82.40%,"2,223",91.10%,"2,647",88.10%,"3,655",83.40%,"2,951",87.60%,"4,154",87.20%,"3,113",64.60%,"3,206",81.20%,"4,750",93.00%,"2,719",83.40%,"2,469",83.30%,"5,519",78.00%,"4,298",77.60%,"3,941",74.30%,"3,723",87.50%,727,10.80%,3,60.00%
HISPANIC OR LATINO BY RACE,,,,,,,,,,,,,,,,,,,,,,,,,,,,,,,,,,,,,,,,,,,,,,,,,,,,,,,,,,,,,,,,,,,,,,,,,,,,,,,,,,,,,,,,,,,,,,,,,,,,,,,,,,,,,,,,,,,,,,,,,,,,,,,,,,,,,,,,,,,,,,,,,,,,,,,,,,,,,,,,,,,,,,,,,,,,,,,,,,,,,,,,,,,,,,,,,,,,,,,,,,,,,,,,,,,,,,,,,,,,,,,,,,,,,,,,,,,,,,,,,,,,,,,,,,,,,,,,,,,,,,,,,,,,,,,,,,,,,,,,,,,,,,,,,,,,,,,,,,,,,,,,,,,,,,,,,,,,,,,,,,,,,,,,,,,,,,,,,,,,,,,,,,,,,,,,,,,,,,,,,,,,,,
    Total population,"2,554",100.00%,"3,834",100.00%,"5,391",100.00%,"3,948",100.00%,"3,973",100.00%,"4,317",100.00%,"5,790",100.00%,"3,609",100.00%,"4,075",100.00%,"6,778",100.00%,"2,118",100.00%,"5,345",100.00%,"2,153",100.00%,"1,268",100.00%,"2,624",100.00%,"3,867",100.00%,"5,237",100.00%,"3,965",100.00%,"2,684",100.00%,"1,627",100.00%,"2,563",100.00%,"2,036",100.00%,"2,470",100.00%,"2,806",100.00%,"5,952",100.00%,"5,643",100.00%,"3,990",100.00%,"2,974",100.00%,"2,846",100.00%,"3,365",100.00%,"2,257",100.00%,"5,642",100.00%,"3,091",100.00%,"2,285",100.00%,"4,593",100.00%,"5,100",100.00%,"2,503",100.00%,"2,697",100.00%,"4,395",100.00%,"2,309",100.00%,"3,304",100.00%,"4,713",100.00%,"4,370",100.00%,"4,815",100.00%,"3,201",100.00%,"7,307",100.00%,"3,141",100.00%,"3,897",100.00%,"5,569",100.00%,"1,683",100.00%,"3,443",100.00%,"4,857",100.00%,"4,709",100.00%,"3,954",100.00%,"3,436",100.00%,"4,047",100.00%,"4,792",100.00%,"3,276",100.00%,"2,270",100.00%,"1,329",100.00%,"3,670",100.00%,"4,143",100.00%,99,100.00%,"2,141",100.00%,"2,373",100.00%,"3,510",100.00%,"3,269",100.00%,"4,946",100.00%,"5,833",100.00%,"7,364",100.00%,"10,344",100.00%,"5,234",100.00%,"6,081",100.00%,"1,289",100.00%,"5,018",100.00%,"4,343",100.00%,"6,695",100.00%,"3,477",100.00%,"3,131",100.00%,"5,008",100.00%,"5,712",100.00%,"2,916",100.00%,"4,372",100.00%,"2,603",100.00%,"1,451",100.00%,"3,688",100.00%,"2,700",100.00%,"2,543",100.00%,"4,715",100.00%,"7,398",100.00%,"3,238",100.00%,"3,863",100.00%,"3,429",100.00%,"4,747",100.00%,"2,250",100.00%,"3,230",100.00%,"3,900",100.00%,"3,846",100.00%,"6,009",100.00%,"4,829",100.00%,"4,062",100.00%,"3,665",100.00%,"2,178",100.00%,"4,265",100.00%,"3,765",100.00%,"2,594",100.00%,"5,028",100.00%,"2,234",100.00%,"2,624",100.00%,"4,944",100.00%,"4,620",100.00%,"5,209",100.00%,"4,498",100.00%,"5,149",100.00%,"5,932",100.00%,"5,937",100.00%,"4,518",100.00%,"3,657",100.00%,"6,312",100.00%,"3,562",100.00%,"4,228",100.00%,"4,880",100.00%,"5,234",100.00%,"1,095",100.00%,"3,150",100.00%,"2,611",100.00%,"2,700",100.00%,"3,462",100.00%,"3,244",100.00%,"2,880",100.00%,"6,467",100.00%,"4,568",100.00%,"5,203",100.00%,"4,315",100.00%,"3,753",100.00%,"3,494",100.00%,"5,710",100.00%,"5,966",100.00%,"3,794",100.00%,"3,773",100.00%,"4,813",100.00%,"4,503",100.00%,"3,784",100.00%,"4,682",100.00%,"3,822",100.00%,"1,773",100.00%,"3,348",100.00%,"3,364",100.00%,"4,920",100.00%,"5,359",100.00%,"3,229",100.00%,"2,272",100.00%,"2,597",100.00%,"4,361",100.00%,"3,219",100.00%,"2,192",100.00%,"6,578",100.00%,"5,358",100.00%,"4,156",100.00%,"2,849",100.00%,"4,834",100.00%,"3,180",100.00%,"5,227",100.00%,"3,156",100.00%,"3,484",100.00%,"5,445",100.00%,"1,863",100.00%,"2,441",100.00%,"3,006",100.00%,"4,382",100.00%,"3,369",100.00%,"4,764",100.00%,"4,822",100.00%,"3,949",100.00%,"5,108",100.00%,"3,260",100.00%,"2,963",100.00%,"7,080",100.00%,"5,542",100.00%,"5,303",100.00%,"4,256",100.00%,"6,762",100.00%,5,100.00%
        Hispanic or Latino,"1,059",41.50%,"1,590",41.50%,"2,954",54.80%,"1,910",48.40%,"1,372",34.50%,"1,677",38.80%,"2,450",42.30%,"1,864",51.60%,"1,562",38.30%,896,13.20%,519,24.50%,"1,889",35.30%,464,21.60%,395,31.20%,962,36.70%,"1,505",38.90%,"1,128",21.50%,850,21.40%,329,12.30%,300,18.40%,523,20.40%,337,16.60%,383,15.50%,359,12.80%,"1,721",28.90%,"1,594",28.20%,708,17.70%,990,33.30%,381,13.40%,841,25.00%,709,31.40%,"1,487",26.40%,"1,080",34.90%,620,27.10%,"1,455",31.70%,"1,559",30.60%,552,22.10%,661,24.50%,"1,316",29.90%,"1,219",52.80%,"1,182",35.80%,"1,122",23.80%,"1,203",27.50%,"1,272",26.40%,912,28.50%,"1,085",14.80%,678,21.60%,995,25.50%,"1,535",27.60%,154,9.20%,809,23.50%,"1,210",24.90%,"1,501",31.90%,909,23.00%,"1,054",30.70%,"1,431",35.40%,"1,855",38.70%,514,15.70%,657,28.90%,83,6.20%,"1,461",39.80%,"1,080",26.10%,61,61.60%,805,37.60%,315,13.30%,772,22.00%,297,9.10%,351,7.10%,400,6.90%,748,10.20%,670,6.50%,217,4.10%,232,3.80%,41,3.20%,286,5.70%,708,16.30%,"1,998",29.80%,995,28.60%,"1,070",34.20%,"1,303",26.00%,"1,451",25.40%,847,29.00%,"1,440",32.90%,911,35.00%,492,33.90%,"1,373",37.20%,777,28.80%,848,33.30%,"1,887",40.00%,"1,940",26.20%,"1,201",37.10%,"1,164",30.10%,988,28.80%,"1,416",29.80%,"1,042",46.30%,"1,000",31.00%,"1,470",37.70%,"1,729",45.00%,"2,533",42.20%,"2,397",49.60%,"2,371",58.40%,"2,377",64.90%,"1,150",52.80%,"2,537",59.50%,"1,859",49.40%,"1,619",62.40%,"2,531",50.30%,"1,279",57.30%,"1,507",57.40%,985,19.90%,"1,457",31.50%,"4,026",77.30%,"1,208",26.90%,"3,191",62.00%,"4,562",76.90%,"4,835",81.40%,"3,294",72.90%,"2,728",74.60%,"4,781",75.70%,"2,872",80.60%,"3,184",75.30%,"3,772",77.30%,"3,845",73.50%,685,62.60%,"1,917",60.90%,513,19.60%,"2,282",84.50%,"2,500",72.20%,"2,573",79.30%,509,17.70%,"4,553",70.40%,"3,835",84.00%,"4,465",85.80%,"3,668",85.00%,"3,400",90.60%,352,10.10%,"4,819",84.40%,"5,242",87.90%,"3,236",85.30%,"3,310",87.70%,"4,284",89.00%,"3,772",83.80%,"3,250",85.90%,"3,184",68.00%,"3,176",83.10%,"1,526",86.10%,"2,873",85.80%,"2,955",87.80%,"4,214",85.70%,"4,552",84.90%,"2,746",85.00%,"1,344",59.20%,"2,295",88.40%,"3,899",89.40%,"2,884",89.60%,"1,578",72.00%,"4,667",70.90%,755,14.10%,"2,152",51.80%,"1,181",41.50%,"1,577",32.60%,200,6.30%,334,6.40%,507,16.10%,431,12.40%,566,10.40%,327,17.60%,218,8.90%,359,11.90%,727,16.60%,418,12.40%,610,12.80%,"1,709",35.40%,743,18.80%,358,7.00%,541,16.60%,494,16.70%,"1,561",22.00%,"1,244",22.40%,"1,362",25.70%,533,12.50%,"6,035",89.20%,2,40.00%
            White alone,162,6.30%,214,5.60%,408,7.60%,252,6.40%,192,4.80%,267,6.20%,320,5.50%,226,6.30%,186,4.60%,173,2.60%,83,3.90%,253,4.70%,92,4.30%,85,6.70%,174,6.60%,208,5.40%,132,2.50%,108,2.70%,39,1.50%,37,2.30%,59,2.30%,80,3.90%,69,2.80%,107,3.80%,287,4.80%,237,4.20%,119,3.00%,116,3.90%,48,1.70%,118,3.50%,97,4.30%,208,3.70%,116,3.80%,98,4.30%,165,3.60%,185,3.60%,60,2.40%,77,2.90%,154,3.50%,92,4.00%,159,4.80%,128,2.70%,170,3.90%,157,3.30%,90,2.80%,166,2.30%,70,2.20%,133,3.40%,160,2.90%,25,1.50%,76,2.20%,152,3.10%,203,4.30%,121,3.10%,151,4.40%,211,5.20%,233,4.90%,91,2.80%,113,5.00%,7,0.50%,199,5.40%,112,2.70%,21,21.20%,158,7.40%,68,2.90%,153,4.40%,50,1.50%,83,1.70%,98,1.70%,149,2.00%,133,1.30%,49,0.90%,49,0.80%,9,0.70%,65,1.30%,166,3.80%,314,4.70%,161,4.60%,172,5.50%,227,4.50%,214,3.70%,131,4.50%,234,5.40%,156,6.00%,82,5.70%,224,6.10%,125,4.60%,92,3.60%,283,6.00%,339,4.60%,242,7.50%,220,5.70%,176,5.10%,223,4.70%,163,7.20%,191,5.90%,241,6.20%,231,6.00%,308,5.10%,281,5.80%,325,8.00%,260,7.10%,157,7.20%,351,8.20%,225,6.00%,200,7.70%,319,6.30%,182,8.10%,195,7.40%,151,3.10%,126,2.70%,609,11.70%,299,6.60%,405,7.90%,630,10.60%,590,9.90%,497,11.00%,415,11.30%,639,10.10%,606,17.00%,372,8.80%,506,10.40%,528,10.10%,104,9.50%,292,9.30%,126,4.80%,366,13.60%,441,12.70%,351,10.80%,81,2.80%,627,9.70%,345,7.60%,565,10.90%,438,10.20%,375,10.00%,71,2.00%,757,13.30%,576,9.70%,469,12.40%,377,10.00%,584,12.10%,496,11.00%,402,10.60%,500,10.70%,462,12.10%,264,14.90%,446,13.30%,387,11.50%,423,8.60%,568,10.60%,318,9.80%,222,9.80%,337,13.00%,471,10.80%,375,11.60%,183,8.30%,519,7.90%,142,2.70%,336,8.10%,169,5.90%,322,6.70%,43,1.40%,83,1.60%,123,3.90%,115,3.30%,141,2.60%,80,4.30%,59,2.40%,52,1.70%,174,4.00%,109,3.20%,160,3.40%,386,8.00%,168,4.30%,91,1.80%,145,4.40%,125,4.20%,335,4.70%,230,4.20%,305,5.80%,84,2.00%,838,12.40%,0,0.00%
            Black or African American alone,26,1.00%,53,1.40%,88,1.60%,37,0.90%,43,1.10%,69,1.60%,71,1.20%,40,1.10%,41,1.00%,46,0.70%,12,0.60%,50,0.90%,13,0.60%,16,1.30%,18,0.70%,66,1.70%,52,1.00%,52,1.30%,12,0.40%,9,0.60%,19,0.70%,10,0.50%,17,0.70%,8,0.30%,94,1.60%,49,0.90%,28,0.70%,47,1.60%,16,0.60%,37,1.10%,32,1.40%,113,2.00%,72,2.30%,36,1.60%,64,1.40%,134,2.60%,34,1.40%,126,4.70%,151,3.40%,60,2.60%,55,1.70%,64,1.40%,88,2.00%,165,3.40%,92,2.90%,74,1.00%,105,3.30%,61,1.60%,160,2.90%,0,0.00%,57,1.70%,55,1.10%,121,2.60%,62,1.60%,72,2.10%,75,1.90%,134,2.80%,16,0.50%,44,1.90%,5,0.40%,148,4.00%,95,2.30%,0,0.00%,41,1.90%,4,0.20%,22,0.60%,3,0.10%,5,0.10%,12,0.20%,34,0.50%,24,0.20%,2,0.00%,6,0.10%,0,0.00%,6,0.10%,36,0.80%,86,1.30%,35,1.00%,40,1.30%,36,0.70%,45,0.80%,29,1.00%,53,1.20%,44,1.70%,17,1.20%,25,0.70%,39,1.40%,59,2.30%,84,1.80%,74,1.00%,59,1.80%,53,1.40%,32,0.90%,85,1.80%,11,0.50%,21,0.70%,23,0.60%,26,0.70%,17,0.30%,33,0.70%,25,0.60%,20,0.50%,10,0.50%,35,0.80%,21,0.60%,18,0.70%,17,0.30%,10,0.40%,26,1.00%,18,0.40%,50,1.10%,27,0.50%,26,0.60%,41,0.80%,56,0.90%,46,0.80%,43,1.00%,53,1.40%,41,0.60%,42,1.20%,31,0.70%,63,1.30%,113,2.20%,6,0.50%,50,1.60%,13,0.50%,44,1.60%,37,1.10%,25,0.80%,4,0.10%,63,1.00%,43,0.90%,59,1.10%,43,1.00%,58,1.50%,10,0.30%,103,1.80%,83,1.40%,40,1.10%,34,0.90%,85,1.80%,39,0.90%,48,1.30%,66,1.40%,43,1.10%,21,1.20%,33,1.00%,44,1.30%,80,1.60%,82,1.50%,34,1.10%,36,1.60%,40,1.50%,101,2.30%,53,1.60%,50,2.30%,96,1.50%,8,0.10%,48,1.20%,16,0.60%,35,0.70%,3,0.10%,3,0.10%,14,0.40%,15,0.40%,11,0.20%,14,0.80%,2,0.10%,11,0.40%,17,0.40%,14,0.40%,25,0.50%,207,4.30%,14,0.40%,0,0.00%,20,0.60%,8,0.30%,29,0.40%,33,0.60%,41,0.80%,17,0.40%,80,1.20%,0,0.00%
            American Indian and Alaska Native alone,33,1.30%,34,0.90%,38,0.70%,56,1.40%,26,0.70%,35,0.80%,31,0.50%,47,1.30%,23,0.60%,12,0.20%,17,0.80%,42,0.80%,7,0.30%,7,0.60%,15,0.60%,20,0.50%,19,0.40%,22,0.60%,19,0.70%,8,0.50%,13,0.50%,5,0.20%,0,0.00%,4,0.10%,33,0.60%,26,0.50%,14,0.40%,9,0.30%,4,0.10%,20,0.60%,4,0.20%,45,0.80%,12,0.40%,13,0.60%,24,0.50%,30,0.60%,26,1.00%,13,0.50%,27,0.60%,62,2.70%,31,0.90%,13,0.30%,12,0.30%,40,0.80%,8,0.20%,17,0.20%,4,0.10%,11,0.30%,22,0.40%,0,0.00%,19,0.60%,14,0.30%,8,0.20%,24,0.60%,13,0.40%,22,0.50%,24,0.50%,8,0.20%,13,0.60%,3,0.20%,19,0.50%,8,0.20%,0,0.00%,11,0.50%,2,0.10%,6,0.20%,3,0.10%,1,0.00%,5,0.10%,3,0.00%,8,0.10%,1,0.00%,1,0.00%,2,0.20%,0,0.00%,7,0.20%,27,0.40%,23,0.70%,25,0.80%,22,0.40%,30,0.50%,8,0.30%,22,0.50%,10,0.40%,11,0.80%,13,0.40%,8,0.30%,23,0.90%,25,0.50%,16,0.20%,31,1.00%,6,0.20%,13,0.40%,9,0.20%,16,0.70%,19,0.60%,16,0.40%,27,0.70%,21,0.30%,30,0.60%,48,1.20%,36,1.00%,23,1.10%,53,1.20%,30,0.80%,34,1.30%,55,1.10%,40,1.80%,18,0.70%,13,0.30%,32,0.70%,162,3.10%,14,0.30%,72,1.40%,114,1.90%,110,1.90%,48,1.10%,95,2.60%,59,0.90%,39,1.10%,75,1.80%,67,1.40%,51,1.00%,13,1.20%,64,2.00%,3,0.10%,66,2.40%,40,1.20%,91,2.80%,1,0.00%,103,1.60%,98,2.10%,176,3.40%,119,2.80%,114,3.00%,3,0.10%,64,1.10%,283,4.70%,113,3.00%,97,2.60%,115,2.40%,108,2.40%,98,2.60%,100,2.10%,99,2.60%,39,2.20%,95,2.80%,74,2.20%,115,2.30%,91,1.70%,105,3.30%,15,0.70%,72,2.80%,108,2.50%,53,1.60%,70,3.20%,94,1.40%,9,0.20%,35,0.80%,19,0.70%,31,0.60%,2,0.10%,0,0.00%,5,0.20%,1,0.00%,9,0.20%,5,0.30%,1,0.00%,0,0.00%,12,0.30%,0,0.00%,6,0.10%,19,0.40%,7,0.20%,3,0.10%,7,0.20%,1,0.00%,17,0.20%,17,0.30%,8,0.20%,3,0.10%,186,2.80%,0,0.00%
            Asian alone,7,0.30%,1,0.00%,9,0.20%,7,0.20%,7,0.20%,2,0.00%,1,0.00%,8,0.20%,9,0.20%,8,0.10%,1,0.00%,3,0.10%,4,0.20%,0,0.00%,1,0.00%,5,0.10%,4,0.10%,1,0.00%,5,0.20%,4,0.20%,16,0.60%,6,0.30%,2,0.10%,5,0.20%,2,0.00%,7,0.10%,9,0.20%,2,0.10%,1,0.00%,15,0.40%,4,0.20%,13,0.20%,3,0.10%,10,0.40%,10,0.20%,10,0.20%,10,0.40%,1,0.00%,6,0.10%,11,0.50%,4,0.10%,13,0.30%,14,0.30%,1,0.00%,3,0.10%,21,0.30%,4,0.10%,16,0.40%,1,0.00%,3,0.20%,11,0.30%,28,0.60%,7,0.10%,17,0.40%,4,0.10%,8,0.20%,5,0.10%,3,0.10%,0,0.00%,3,0.20%,7,0.20%,7,0.20%,0,0.00%,5,0.20%,3,0.10%,6,0.20%,7,0.20%,14,0.30%,5,0.10%,6,0.10%,13,0.10%,0,0.00%,3,0.00%,0,0.00%,3,0.10%,3,0.10%,14,0.20%,2,0.10%,5,0.20%,4,0.10%,9,0.20%,2,0.10%,12,0.30%,2,0.10%,2,0.10%,3,0.10%,1,0.00%,3,0.10%,5,0.10%,11,0.10%,9,0.30%,11,0.30%,5,0.10%,11,0.20%,7,0.30%,7,0.20%,0,0.00%,13,0.30%,7,0.10%,7,0.10%,11,0.30%,8,0.20%,5,0.20%,2,0.00%,6,0.20%,1,0.00%,8,0.20%,2,0.10%,3,0.10%,2,0.00%,4,0.10%,2,0.00%,9,0.20%,25,0.50%,15,0.30%,14,0.20%,8,0.20%,7,0.20%,4,0.10%,2,0.10%,9,0.20%,7,0.10%,10,0.20%,5,0.50%,5,0.20%,6,0.20%,2,0.10%,9,0.30%,6,0.20%,2,0.10%,6,0.10%,5,0.10%,5,0.10%,2,0.00%,2,0.10%,6,0.20%,7,0.10%,11,0.20%,1,0.00%,8,0.20%,3,0.10%,6,0.10%,9,0.20%,8,0.20%,8,0.20%,4,0.20%,1,0.00%,5,0.10%,3,0.10%,11,0.20%,4,0.10%,3,0.10%,11,0.40%,5,0.10%,5,0.20%,5,0.20%,15,0.20%,4,0.10%,9,0.20%,9,0.30%,7,0.10%,4,0.10%,2,0.00%,2,0.10%,2,0.10%,6,0.10%,2,0.10%,5,0.20%,0,0.00%,5,0.10%,4,0.10%,3,0.10%,12,0.20%,1,0.00%,10,0.20%,3,0.10%,2,0.10%,22,0.30%,15,0.30%,4,0.10%,2,0.00%,8,0.10%,0,0.00%
            Native Hawaiian and Other Pacific Islander alone,0,0.00%,5,0.10%,0,0.00%,0,0.00%,0,0.00%,3,0.10%,1,0.00%,0,0.00%,1,0.00%,0,0.00%,0,0.00%,0,0.00%,1,0.00%,0,0.00%,0,0.00%,0,0.00%,0,0.00%,5,0.10%,1,0.00%,0,0.00%,5,0.20%,2,0.10%,1,0.00%,1,0.00%,0,0.00%,0,0.00%,0,0.00%,3,0.10%,0,0.00%,0,0.00%,1,0.00%,0,0.00%,3,0.10%,1,0.00%,1,0.00%,1,0.00%,11,0.40%,0,0.00%,1,0.00%,0,0.00%,0,0.00%,0,0.00%,1,0.00%,0,0.00%,6,0.20%,3,0.00%,1,0.00%,2,0.10%,1,0.00%,0,0.00%,0,0.00%,0,0.00%,0,0.00%,0,0.00%,0,0.00%,1,0.00%,3,0.10%,1,0.00%,1,0.00%,0,0.00%,3,0.10%,1,0.00%,1,1.00%,0,0.00%,0,0.00%,1,0.00%,0,0.00%,0,0.00%,2,0.00%,0,0.00%,0,0.00%,0,0.00%,0,0.00%,0,0.00%,1,0.00%,0,0.00%,0,0.00%,0,0.00%,4,0.10%,2,0.00%,0,0.00%,0,0.00%,0,0.00%,1,0.00%,2,0.10%,0,0.00%,0,0.00%,0,0.00%,1,0.00%,3,0.00%,0,0.00%,0,0.00%,0,0.00%,0,0.00%,0,0.00%,0,0.00%,1,0.00%,0,0.00%,0,0.00%,0,0.00%,0,0.00%,0,0.00%,3,0.10%,0,0.00%,0,0.00%,3,0.10%,0,0.00%,0,0.00%,3,0.10%,0,0.00%,0,0.00%,0,0.00%,0,0.00%,1,0.00%,4,0.10%,0,0.00%,0,0.00%,1,0.00%,4,0.10%,1,0.00%,6,0.10%,2,0.00%,7,0.10%,0,0.00%,6,0.20%,1,0.00%,2,0.10%,0,0.00%,0,0.00%,0,0.00%,1,0.00%,4,0.10%,0,0.00%,6,0.10%,0,0.00%,0,0.00%,0,0.00%,4,0.10%,0,0.00%,1,0.00%,0,0.00%,0,0.00%,0,0.00%,0,0.00%,0,0.00%,0,0.00%,0,0.00%,3,0.10%,3,0.10%,4,0.10%,0,0.00%,0,0.00%,0,0.00%,5,0.10%,5,0.20%,0,0.00%,0,0.00%,0,0.00%,1,0.00%,0,0.00%,2,0.00%,2,0.10%,2,0.00%,0,0.00%,0,0.00%,0,0.00%,0,0.00%,0,0.00%,0,0.00%,2,0.00%,0,0.00%,0,0.00%,1,0.00%,0,0.00%,0,0.00%,0,0.00%,0,0.00%,0,0.00%,0,0.00%,0,0.00%,1,0.00%,2,0.00%,0,0.00%
            Some Other Race alone,554,21.70%,882,23.00%,"1,680",31.20%,"1,092",27.70%,764,19.20%,905,21.00%,"1,341",23.20%,"1,062",29.40%,886,21.70%,423,6.20%,284,13.40%,"1,053",19.70%,232,10.80%,197,15.50%,484,18.40%,842,21.80%,614,11.70%,450,11.30%,138,5.10%,135,8.30%,200,7.80%,110,5.40%,129,5.20%,87,3.10%,986,16.60%,788,14.00%,286,7.20%,584,19.60%,158,5.60%,462,13.70%,343,15.20%,794,14.10%,663,21.40%,297,13.00%,773,16.80%,819,16.10%,276,11.00%,310,11.50%,751,17.10%,756,32.70%,637,19.30%,557,11.80%,568,13.00%,663,13.80%,524,16.40%,493,6.70%,359,11.40%,519,13.30%,946,17.00%,29,1.70%,459,13.30%,659,13.60%,857,18.20%,470,11.90%,580,16.90%,765,18.90%,"1,041",21.70%,195,6.00%,314,13.80%,29,2.20%,811,22.10%,627,15.10%,21,21.20%,355,16.60%,105,4.40%,361,10.30%,100,3.10%,94,1.90%,88,1.50%,255,3.50%,180,1.70%,53,1.00%,95,1.60%,7,0.50%,63,1.30%,297,6.80%,961,14.40%,469,13.50%,480,15.30%,598,11.90%,663,11.60%,386,13.20%,668,15.30%,435,16.70%,245,16.90%,708,19.20%,395,14.60%,469,18.40%,"1,020",21.60%,840,11.40%,478,14.80%,509,13.20%,431,12.60%,707,14.90%,434,19.30%,383,11.90%,643,16.50%,806,21.00%,"1,467",24.40%,"1,373",28.40%,"1,384",34.10%,"1,441",39.30%,637,29.20%,"1,419",33.30%,"1,011",26.90%,960,37.00%,"1,454",28.90%,780,34.90%,824,31.40%,457,9.20%,773,16.70%,"1,953",37.50%,353,7.80%,"1,362",26.50%,"2,272",38.30%,"2,637",44.40%,"1,522",33.70%,"1,269",34.70%,"2,455",38.90%,"1,259",35.30%,"1,687",39.90%,"1,991",40.80%,"1,876",35.80%,314,28.70%,958,30.40%,131,5.00%,"1,281",47.40%,"1,219",35.20%,"1,496",46.10%,142,4.90%,"2,557",39.50%,"2,347",51.40%,"2,490",47.90%,"2,043",47.30%,"2,059",54.90%,80,2.30%,"2,102",36.80%,"2,994",50.20%,"1,728",45.50%,"1,814",48.10%,"2,387",49.60%,"1,896",42.10%,"1,694",44.80%,"1,556",33.20%,"1,584",41.40%,737,41.60%,"1,496",44.70%,"1,637",48.70%,"2,666",54.20%,"2,748",51.30%,"1,598",49.50%,708,31.20%,"1,243",47.90%,"2,262",51.90%,"1,733",53.80%,810,37.00%,"2,775",42.20%,219,4.10%,878,21.10%,531,18.60%,604,12.50%,47,1.50%,54,1.00%,161,5.10%,115,3.30%,163,3.00%,85,4.60%,56,2.30%,202,6.70%,230,5.20%,123,3.70%,138,2.90%,726,15.10%,284,7.20%,77,1.50%,181,5.60%,146,4.90%,571,8.10%,419,7.60%,548,10.30%,246,5.80%,"3,541",52.40%,0,0.00%
            Two or More Races,277,10.80%,401,10.50%,731,13.60%,466,11.80%,340,8.60%,396,9.20%,685,11.80%,481,13.30%,416,10.20%,234,3.50%,122,5.80%,488,9.10%,115,5.30%,90,7.10%,270,10.30%,364,9.40%,307,5.90%,212,5.30%,115,4.30%,107,6.60%,211,8.20%,124,6.10%,165,6.70%,147,5.20%,319,5.40%,487,8.60%,252,6.30%,229,7.70%,154,5.40%,189,5.60%,228,10.10%,314,5.60%,211,6.80%,165,7.20%,418,9.10%,380,7.50%,135,5.40%,134,5.00%,226,5.10%,238,10.30%,296,9.00%,347,7.40%,350,8.00%,246,5.10%,189,5.90%,311,4.30%,135,4.30%,253,6.50%,245,4.40%,97,5.80%,187,5.40%,302,6.20%,305,6.50%,215,5.40%,234,6.80%,349,8.60%,415,8.70%,200,6.10%,172,7.60%,36,2.70%,274,7.50%,230,5.60%,18,18.20%,235,11.00%,133,5.60%,223,6.40%,134,4.10%,154,3.10%,190,3.30%,301,4.10%,312,3.00%,112,2.10%,78,1.30%,23,1.80%,148,2.90%,199,4.60%,596,8.90%,305,8.80%,344,11.00%,414,8.30%,490,8.60%,291,10.00%,451,10.30%,263,10.10%,133,9.20%,400,10.80%,209,7.70%,202,7.90%,469,9.90%,657,8.90%,382,11.80%,365,9.40%,331,9.70%,381,8.00%,411,18.30%,379,11.70%,546,14.00%,626,16.30%,713,11.90%,673,13.90%,578,14.20%,612,16.70%,315,14.50%,677,15.90%,566,15.00%,403,15.50%,678,13.50%,265,11.90%,438,16.70%,344,7.00%,472,10.20%,"1,273",24.40%,507,11.30%,"1,285",25.00%,"1,471",24.80%,"1,438",24.20%,"1,176",26.00%,888,24.30%,"1,579",25.00%,923,25.90%,"1,004",23.70%,"1,136",23.30%,"1,260",24.10%,243,22.20%,542,17.20%,233,8.90%,521,19.30%,754,21.80%,604,18.60%,279,9.70%,"1,196",18.50%,993,21.70%,"1,170",22.50%,"1,017",23.60%,792,21.10%,182,5.20%,"1,786",31.30%,"1,291",21.60%,885,23.30%,979,25.90%,"1,110",23.10%,"1,227",27.20%,999,26.40%,954,20.40%,980,25.60%,461,26.00%,802,24.00%,805,23.90%,924,18.80%,"1,048",19.60%,687,21.30%,360,15.80%,592,22.80%,947,21.70%,660,20.50%,460,21.00%,"1,168",17.80%,373,7.00%,845,20.30%,437,15.30%,576,11.90%,99,3.10%,190,3.60%,202,6.40%,183,5.30%,236,4.30%,141,7.60%,95,3.90%,94,3.10%,287,6.50%,168,5.00%,278,5.80%,358,7.40%,269,6.80%,177,3.50%,185,5.70%,212,7.20%,587,8.30%,530,9.60%,456,8.60%,180,4.20%,"1,380",20.40%,2,40.00%
        Not Hispanic or Latino,"1,495",58.50%,"2,244",58.50%,"2,437",45.20%,"2,038",51.60%,"2,601",65.50%,"2,640",61.20%,"3,340",57.70%,"1,745",48.40%,"2,513",61.70%,"5,882",86.80%,"1,599",75.50%,"3,456",64.70%,"1,689",78.40%,873,68.80%,"1,662",63.30%,"2,362",61.10%,"4,109",78.50%,"3,115",78.60%,"2,355",87.70%,"1,327",81.60%,"2,040",79.60%,"1,699",83.40%,"2,087",84.50%,"2,447",87.20%,"4,231",71.10%,"4,049",71.80%,"3,282",82.30%,"1,984",66.70%,"2,465",86.60%,"2,524",75.00%,"1,548",68.60%,"4,155",73.60%,"2,011",65.10%,"1,665",72.90%,"3,138",68.30%,"3,541",69.40%,"1,951",77.90%,"2,036",75.50%,"3,079",70.10%,"1,090",47.20%,"2,122",64.20%,"3,591",76.20%,"3,167",72.50%,"3,543",73.60%,"2,289",71.50%,"6,222",85.20%,"2,463",78.40%,"2,902",74.50%,"4,034",72.40%,"1,529",90.80%,"2,634",76.50%,"3,647",75.10%,"3,208",68.10%,"3,045",77.00%,"2,382",69.30%,"2,616",64.60%,"2,937",61.30%,"2,762",84.30%,"1,613",71.10%,"1,246",93.80%,"2,209",60.20%,"3,063",73.90%,38,38.40%,"1,336",62.40%,"2,058",86.70%,"2,738",78.00%,"2,972",90.90%,"4,595",92.90%,"5,433",93.10%,"6,616",89.80%,"9,674",93.50%,"5,017",95.90%,"5,849",96.20%,"1,248",96.80%,"4,732",94.30%,"3,635",83.70%,"4,697",70.20%,"2,482",71.40%,"2,061",65.80%,"3,705",74.00%,"4,261",74.60%,"2,069",71.00%,"2,932",67.10%,"1,692",65.00%,959,66.10%,"2,315",62.80%,"1,923",71.20%,"1,695",66.70%,"2,828",60.00%,"5,458",73.80%,"2,037",62.90%,"2,699",69.90%,"2,441",71.20%,"3,331",70.20%,"1,208",53.70%,"2,230",69.00%,"2,430",62.30%,"2,117",55.00%,"3,476",57.80%,"2,432",50.40%,"1,691",41.60%,"1,288",35.10%,"1,028",47.20%,"1,728",40.50%,"1,906",50.60%,975,37.60%,"2,497",49.70%,955,42.70%,"1,117",42.60%,"3,959",80.10%,"3,163",68.50%,"1,183",22.70%,"3,290",73.10%,"1,958",38.00%,"1,370",23.10%,"1,102",18.60%,"1,224",27.10%,929,25.40%,"1,531",24.30%,690,19.40%,"1,044",24.70%,"1,108",22.70%,"1,389",26.50%,410,37.40%,"1,233",39.10%,"2,098",80.40%,418,15.50%,962,27.80%,671,20.70%,"2,371",82.30%,"1,914",29.60%,733,16.00%,738,14.20%,647,15.00%,353,9.40%,"3,142",89.90%,891,15.60%,724,12.10%,558,14.70%,463,12.30%,529,11.00%,731,16.20%,534,14.10%,"1,498",32.00%,646,16.90%,247,13.90%,475,14.20%,409,12.20%,706,14.30%,807,15.10%,483,15.00%,928,40.80%,302,11.60%,462,10.60%,335,10.40%,614,28.00%,"1,911",29.10%,"4,603",85.90%,"2,004",48.20%,"1,668",58.50%,"3,257",67.40%,"2,980",93.70%,"4,893",93.60%,"2,649",83.90%,"3,053",87.60%,"4,879",89.60%,"1,536",82.40%,"2,223",91.10%,"2,647",88.10%,"3,655",83.40%,"2,951",87.60%,"4,154",87.20%,"3,113",64.60%,"3,206",81.20%,"4,750",93.00%,"2,719",83.40%,"2,469",83.30%,"5,519",78.00%,"4,298",77.60%,"3,941",74.30%,"3,723",87.50%,727,10.80%,3,60.00%
            White alone,455,17.80%,702,18.30%,859,15.90%,"1,249",31.60%,666,16.80%,957,22.20%,"1,237",21.40%,955,26.50%,"1,582",38.80%,"1,341",19.80%,502,23.70%,"1,359",25.40%,313,14.50%,188,14.80%,919,35.00%,900,23.30%,"1,157",22.10%,889,22.40%,588,21.90%,402,24.70%,800,31.20%,"1,119",55.00%,"1,278",51.70%,"1,718",61.20%,"1,224",20.60%,"1,730",30.70%,"1,275",32.00%,856,28.80%,588,20.70%,"1,014",30.10%,970,43.00%,672,11.90%,461,14.90%,605,26.50%,"1,235",26.90%,764,15.00%,434,17.30%,113,4.20%,327,7.40%,260,11.30%,"1,002",30.30%,710,15.10%,461,10.50%,665,13.80%,188,5.90%,"1,004",13.70%,123,3.90%,342,8.80%,217,3.90%,845,50.20%,485,14.10%,620,12.80%,195,4.10%,877,22.20%,257,7.50%,394,9.70%,459,9.60%,"1,814",55.40%,960,42.30%,212,16.00%,374,10.20%,155,3.70%,20,20.20%,701,32.70%,"1,031",43.40%,"1,124",32.00%,"1,544",47.20%,"2,395",48.40%,"2,862",49.10%,"3,189",43.30%,"3,807",36.80%,"1,595",30.50%,905,14.90%,243,18.90%,"1,291",25.70%,"1,895",43.60%,"2,573",38.40%,"1,627",46.80%,"1,346",43.00%,"1,954",39.00%,"2,999",52.50%,"1,473",50.50%,"2,073",47.40%,"1,164",44.70%,655,45.10%,"1,492",40.50%,"1,186",43.90%,854,33.60%,"1,752",37.20%,"4,107",55.50%,"1,353",41.80%,"1,980",51.30%,"1,911",55.70%,"2,198",46.30%,860,38.20%,"1,873",58.00%,"1,900",48.70%,"1,566",40.70%,"2,299",38.30%,"1,497",31.00%,"1,121",27.60%,765,20.90%,754,34.60%,"1,100",25.80%,"1,154",30.70%,511,19.70%,"1,291",25.70%,360,16.10%,432,16.50%,"1,206",24.40%,"1,401",30.30%,824,15.80%,"1,846",41.00%,"1,394",27.10%,954,16.10%,710,12.00%,873,19.30%,586,16.00%,986,15.60%,512,14.40%,587,13.90%,609,12.50%,704,13.50%,266,24.30%,384,12.20%,"1,178",45.10%,281,10.40%,567,16.40%,400,12.30%,"1,241",43.10%,"1,056",16.30%,380,8.30%,419,8.10%,336,7.80%,209,5.60%,"1,402",40.10%,499,8.70%,368,6.20%,271,7.10%,226,6.00%,324,6.70%,385,8.50%,323,8.50%,860,18.40%,398,10.40%,131,7.40%,190,5.70%,219,6.50%,351,7.10%,470,8.80%,315,9.80%,671,29.50%,174,6.70%,238,5.50%,166,5.20%,261,11.90%,"1,153",17.50%,"2,642",49.30%,"1,323",31.80%,"1,142",40.10%,"2,430",50.30%,"2,047",64.40%,"3,934",75.30%,"2,241",71.00%,"2,419",69.40%,"3,909",71.80%,"1,241",66.60%,"1,865",76.40%,"1,539",51.20%,"3,113",71.00%,"2,453",72.80%,"3,454",72.50%,"2,189",45.40%,"2,633",66.70%,"3,383",66.20%,"2,207",67.70%,"2,030",68.50%,"3,139",44.30%,"2,127",38.40%,"2,644",49.90%,850,20.00%,468,6.90%,0,0.00%
            Black or African American alone,105,4.10%,218,5.70%,320,5.90%,141,3.60%,146,3.70%,197,4.60%,286,4.90%,169,4.70%,178,4.40%,278,4.10%,107,5.10%,245,4.60%,89,4.10%,281,22.20%,148,5.60%,214,5.50%,624,11.90%,496,12.50%,176,6.60%,87,5.30%,218,8.50%,90,4.40%,104,4.20%,90,3.20%,"1,146",19.30%,814,14.40%,384,9.60%,428,14.40%,257,9.00%,395,11.70%,127,5.60%,"1,086",19.20%,"1,076",34.80%,706,30.90%,997,21.70%,"1,759",34.50%,"1,264",50.50%,"1,763",65.40%,"2,437",55.40%,712,30.80%,712,21.50%,991,21.00%,"1,612",36.90%,"2,376",49.30%,"1,995",62.30%,"2,204",30.20%,"2,176",69.30%,"1,457",37.40%,"3,423",61.50%,79,4.70%,477,13.90%,"1,161",23.90%,"2,572",54.60%,542,13.70%,"1,519",44.20%,"1,450",35.80%,"1,822",38.00%,145,4.40%,211,9.30%,45,3.40%,"1,595",43.50%,"2,600",62.80%,3,3.00%,171,8.00%,69,2.90%,398,11.30%,184,5.60%,133,2.70%,150,2.60%,417,5.70%,254,2.50%,93,1.80%,145,2.40%,9,0.70%,166,3.30%,485,11.20%,818,12.20%,334,9.60%,278,8.90%,494,9.90%,456,8.00%,232,8.00%,318,7.30%,191,7.30%,139,9.60%,274,7.40%,342,12.70%,409,16.10%,622,13.20%,532,7.20%,336,10.40%,375,9.70%,217,6.30%,749,15.80%,48,2.10%,35,1.10%,52,1.30%,58,1.50%,492,8.20%,123,2.50%,91,2.20%,59,1.60%,28,1.30%,125,2.90%,135,3.60%,54,2.10%,119,2.40%,32,1.40%,61,2.30%,322,6.50%,188,4.10%,86,1.70%,281,6.20%,133,2.60%,112,1.90%,64,1.10%,64,1.40%,61,1.70%,107,1.70%,40,1.10%,113,2.70%,80,1.60%,179,3.40%,26,2.40%,57,1.80%,131,5.00%,43,1.60%,118,3.40%,51,1.60%,126,4.40%,257,4.00%,109,2.40%,55,1.10%,111,2.60%,60,1.60%,122,3.50%,123,2.20%,115,1.90%,88,2.30%,72,1.90%,50,1.00%,91,2.00%,57,1.50%,126,2.70%,66,1.70%,27,1.50%,103,3.10%,30,0.90%,124,2.50%,105,2.00%,43,1.30%,39,1.70%,51,2.00%,60,1.40%,57,1.80%,86,3.90%,168,2.60%,224,4.20%,175,4.20%,112,3.90%,174,3.60%,24,0.80%,101,1.90%,62,2.00%,49,1.40%,169,3.10%,67,3.60%,35,1.40%,623,20.70%,56,1.30%,58,1.70%,89,1.90%,528,10.90%,104,2.60%,43,0.80%,32,1.00%,66,2.20%,232,3.30%,224,4.00%,216,4.10%,250,5.90%,68,1.00%,0,0.00%
            American Indian and Alaska Native alone,0,0.00%,7,0.20%,11,0.20%,4,0.10%,19,0.50%,10,0.20%,9,0.20%,10,0.30%,0,0.00%,15,0.20%,13,0.60%,6,0.10%,14,0.70%,2,0.20%,4,0.20%,18,0.50%,19,0.40%,15,0.40%,2,0.10%,6,0.40%,6,0.20%,4,0.20%,1,0.00%,1,0.00%,20,0.30%,25,0.40%,22,0.60%,24,0.80%,4,0.10%,0,0.00%,2,0.10%,5,0.10%,4,0.10%,3,0.10%,15,0.30%,16,0.30%,6,0.20%,4,0.10%,19,0.40%,5,0.20%,1,0.00%,10,0.20%,11,0.30%,4,0.10%,0,0.00%,13,0.20%,13,0.40%,22,0.60%,27,0.50%,4,0.20%,13,0.40%,2,0.00%,8,0.20%,11,0.30%,19,0.60%,19,0.50%,27,0.60%,5,0.20%,0,0.00%,2,0.20%,7,0.20%,0,0.00%,0,0.00%,1,0.00%,0,0.00%,0,0.00%,4,0.10%,0,0.00%,7,0.10%,11,0.10%,3,0.00%,6,0.10%,8,0.10%,0,0.00%,6,0.10%,4,0.10%,21,0.30%,4,0.10%,1,0.00%,11,0.20%,8,0.10%,6,0.20%,2,0.00%,1,0.00%,4,0.30%,1,0.00%,1,0.00%,0,0.00%,2,0.00%,8,0.10%,3,0.10%,1,0.00%,4,0.10%,2,0.00%,3,0.10%,0,0.00%,6,0.20%,0,0.00%,7,0.10%,9,0.20%,0,0.00%,0,0.00%,4,0.20%,0,0.00%,8,0.20%,2,0.10%,6,0.10%,2,0.10%,1,0.00%,9,0.20%,0,0.00%,2,0.00%,7,0.20%,11,0.20%,3,0.10%,4,0.10%,3,0.10%,2,0.10%,2,0.00%,2,0.10%,8,0.20%,10,0.20%,8,0.20%,1,0.10%,7,0.20%,1,0.00%,0,0.00%,6,0.20%,0,0.00%,5,0.20%,12,0.20%,3,0.10%,8,0.20%,1,0.00%,1,0.00%,3,0.10%,4,0.10%,1,0.00%,10,0.30%,2,0.10%,4,0.10%,15,0.30%,4,0.10%,10,0.20%,5,0.10%,4,0.20%,16,0.50%,2,0.10%,8,0.20%,8,0.10%,0,0.00%,1,0.00%,3,0.10%,5,0.10%,3,0.10%,2,0.10%,7,0.10%,9,0.20%,5,0.10%,0,0.00%,1,0.00%,0,0.00%,0,0.00%,0,0.00%,2,0.10%,0,0.00%,0,0.00%,0,0.00%,3,0.10%,3,0.10%,0,0.00%,8,0.20%,4,0.10%,1,0.00%,0,0.00%,3,0.10%,5,0.20%,4,0.10%,8,0.10%,8,0.20%,3,0.10%,3,0.00%,0,0.00%
            Asian alone,864,33.80%,"1,233",32.20%,"1,043",19.30%,496,12.60%,"1,654",41.60%,"1,310",30.30%,"1,602",27.70%,488,13.50%,541,13.30%,"4,074",60.10%,904,42.70%,"1,634",30.60%,"1,191",55.30%,354,27.90%,449,17.10%,"1,070",27.70%,"2,054",39.20%,"1,555",39.20%,"1,482",55.20%,757,46.50%,909,35.50%,364,17.90%,538,21.80%,448,16.00%,"1,436",24.10%,"1,181",20.90%,"1,434",35.90%,536,18.00%,"1,504",52.80%,948,28.20%,312,13.80%,"2,077",36.80%,318,10.30%,227,9.90%,661,14.40%,670,13.10%,105,4.20%,74,2.70%,90,2.00%,45,1.90%,253,7.70%,"1,595",33.80%,805,18.40%,328,6.80%,38,1.20%,"2,507",34.30%,50,1.60%,749,19.20%,143,2.60%,449,26.70%,"1,472",42.80%,"1,549",31.90%,206,4.40%,"1,459",36.90%,338,9.80%,425,10.50%,302,6.30%,586,17.90%,317,14.00%,909,68.40%,106,2.90%,130,3.10%,13,13.10%,366,17.10%,840,35.40%,"1,036",29.50%,"1,050",32.10%,"1,878",38.00%,"2,111",36.20%,"2,626",35.70%,"5,189",50.20%,"3,151",60.20%,"4,657",76.60%,951,73.80%,"3,090",61.60%,"1,119",25.80%,"1,022",15.30%,349,10.00%,273,8.70%,"1,070",21.40%,610,10.70%,267,9.20%,371,8.50%,227,8.70%,105,7.20%,398,10.80%,268,9.90%,337,13.30%,277,5.90%,579,7.80%,232,7.20%,237,6.10%,186,5.40%,203,4.30%,119,5.30%,171,5.30%,179,4.60%,153,4.00%,230,3.80%,329,6.80%,137,3.40%,143,3.90%,56,2.60%,183,4.30%,334,8.90%,257,9.90%,689,13.70%,394,17.60%,492,18.80%,"2,105",42.60%,"1,266",27.40%,173,3.30%,983,21.90%,293,5.70%,202,3.40%,191,3.20%,161,3.60%,205,5.60%,265,4.20%,73,2.00%,280,6.60%,271,5.60%,390,7.50%,80,7.30%,702,22.30%,676,25.90%,65,2.40%,192,5.50%,131,4.00%,860,29.90%,404,6.20%,138,3.00%,157,3.00%,131,3.00%,36,1.00%,"1,453",41.60%,174,3.00%,151,2.50%,117,3.10%,91,2.40%,60,1.20%,177,3.90%,80,2.10%,342,7.30%,98,2.60%,67,3.80%,99,3.00%,107,3.20%,120,2.40%,139,2.60%,74,2.30%,154,6.80%,41,1.60%,83,1.90%,43,1.30%,213,9.70%,406,6.20%,"1,509",28.20%,336,8.10%,286,10.00%,463,9.60%,753,23.70%,584,11.20%,200,6.30%,415,11.90%,631,11.60%,143,7.70%,196,8.00%,288,9.60%,322,7.30%,312,9.30%,429,9.00%,230,4.80%,330,8.40%,"1,051",20.60%,364,11.20%,270,9.10%,"1,941",27.40%,"1,771",32.00%,955,18.00%,"2,500",58.70%,124,1.80%,0,0.00%
            Native Hawaiian and Other Pacific Islander alone,0,0.00%,0,0.00%,3,0.10%,1,0.00%,0,0.00%,0,0.00%,0,0.00%,0,0.00%,0,0.00%,0,0.00%,0,0.00%,0,0.00%,0,0.00%,0,0.00%,2,0.10%,1,0.00%,0,0.00%,0,0.00%,0,0.00%,0,0.00%,2,0.10%,0,0.00%,0,0.00%,1,0.00%,9,0.20%,0,0.00%,4,0.10%,4,0.10%,0,0.00%,5,0.10%,0,0.00%,9,0.20%,1,0.00%,6,0.30%,0,0.00%,4,0.10%,10,0.40%,2,0.10%,1,0.00%,1,0.00%,1,0.00%,3,0.10%,1,0.00%,1,0.00%,0,0.00%,0,0.00%,0,0.00%,0,0.00%,0,0.00%,0,0.00%,3,0.10%,5,0.10%,1,0.00%,3,0.10%,0,0.00%,0,0.00%,0,0.00%,0,0.00%,1,0.00%,0,0.00%,0,0.00%,0,0.00%,0,0.00%,0,0.00%,5,0.20%,0,0.00%,0,0.00%,0,0.00%,1,0.00%,0,0.00%,2,0.00%,0,0.00%,0,0.00%,2,0.20%,1,0.00%,5,0.10%,0,0.00%,0,0.00%,1,0.00%,6,0.10%,6,0.10%,1,0.00%,0,0.00%,0,0.00%,1,0.10%,0,0.00%,0,0.00%,0,0.00%,0,0.00%,0,0.00%,0,0.00%,0,0.00%,0,0.00%,2,0.00%,0,0.00%,0,0.00%,9,0.20%,2,0.10%,8,0.10%,2,0.00%,0,0.00%,2,0.10%,0,0.00%,0,0.00%,0,0.00%,0,0.00%,0,0.00%,0,0.00%,0,0.00%,0,0.00%,0,0.00%,0,0.00%,8,0.20%,0,0.00%,0,0.00%,3,0.10%,0,0.00%,1,0.00%,0,0.00%,2,0.10%,0,0.00%,0,0.00%,0,0.00%,0,0.00%,0,0.00%,3,0.10%,0,0.00%,0,0.00%,0,0.00%,0,0.00%,1,0.00%,0,0.00%,2,0.00%,1,0.00%,0,0.00%,0,0.00%,0,0.00%,1,0.00%,0,0.00%,2,0.10%,0,0.00%,0,0.00%,0,0.00%,0,0.00%,0,0.00%,0,0.00%,0,0.00%,0,0.00%,0,0.00%,2,0.00%,1,0.00%,0,0.00%,0,0.00%,0,0.00%,1,0.00%,0,0.00%,1,0.00%,1,0.00%,1,0.00%,0,0.00%,5,0.10%,0,0.00%,5,0.10%,2,0.10%,1,0.00%,3,0.10%,0,0.00%,0,0.00%,28,0.90%,2,0.00%,0,0.00%,1,0.00%,0,0.00%,8,0.20%,0,0.00%,0,0.00%,0,0.00%,0,0.00%,0,0.00%,2,0.00%,1,0.00%,3,0.00%,0,0.00%
            Some Other Race alone,35,1.40%,31,0.80%,86,1.60%,42,1.10%,46,1.20%,58,1.30%,74,1.30%,46,1.30%,68,1.70%,63,0.90%,29,1.40%,69,1.30%,21,1.00%,15,1.20%,44,1.70%,41,1.10%,56,1.10%,35,0.90%,17,0.60%,14,0.90%,27,1.10%,16,0.80%,14,0.60%,17,0.60%,158,2.70%,87,1.50%,41,1.00%,35,1.20%,33,1.20%,51,1.50%,22,1.00%,144,2.60%,29,0.90%,33,1.40%,79,1.70%,125,2.50%,39,1.60%,16,0.60%,72,1.60%,13,0.60%,30,0.90%,97,2.10%,109,2.50%,58,1.20%,12,0.40%,207,2.80%,18,0.60%,168,4.30%,78,1.40%,36,2.10%,98,2.80%,139,2.90%,62,1.30%,60,1.50%,130,3.80%,152,3.80%,163,3.40%,32,1.00%,25,1.10%,42,3.20%,20,0.50%,52,1.30%,0,0.00%,8,0.40%,14,0.60%,49,1.40%,31,0.90%,30,0.60%,37,0.60%,99,1.30%,79,0.80%,33,0.60%,30,0.50%,11,0.90%,29,0.60%,25,0.60%,70,1.00%,52,1.50%,28,0.90%,36,0.70%,55,1.00%,19,0.70%,38,0.90%,14,0.50%,15,1.00%,32,0.90%,32,1.20%,28,1.10%,44,0.90%,63,0.90%,39,1.20%,15,0.40%,23,0.70%,35,0.70%,55,2.40%,43,1.30%,64,1.60%,127,3.30%,167,2.80%,178,3.70%,135,3.30%,160,4.40%,72,3.30%,168,3.90%,116,3.10%,82,3.20%,165,3.30%,83,3.70%,55,2.10%,125,2.50%,101,2.20%,43,0.80%,39,0.90%,43,0.80%,42,0.70%,71,1.20%,38,0.80%,36,1.00%,72,1.10%,24,0.70%,24,0.60%,75,1.50%,55,1.10%,13,1.20%,37,1.20%,24,0.90%,15,0.60%,33,1.00%,50,1.50%,32,1.10%,89,1.40%,58,1.30%,39,0.70%,24,0.60%,28,0.70%,22,0.60%,42,0.70%,48,0.80%,26,0.70%,25,0.70%,42,0.90%,20,0.40%,27,0.70%,86,1.80%,37,1.00%,10,0.60%,24,0.70%,17,0.50%,54,1.10%,46,0.90%,26,0.80%,17,0.70%,15,0.60%,40,0.90%,37,1.10%,19,0.90%,58,0.90%,36,0.70%,46,1.10%,25,0.90%,25,0.50%,28,0.90%,43,0.80%,31,1.00%,19,0.50%,31,0.60%,16,0.90%,11,0.50%,73,2.40%,28,0.60%,18,0.50%,25,0.50%,27,0.60%,20,0.50%,22,0.40%,19,0.60%,26,0.90%,41,0.60%,40,0.70%,15,0.30%,26,0.60%,39,0.60%,0,0.00%
            Two or More Races,36,1.40%,53,1.40%,115,2.10%,105,2.70%,70,1.80%,108,2.50%,132,2.30%,77,2.10%,144,3.50%,111,1.60%,44,2.10%,143,2.70%,61,2.80%,33,2.60%,96,3.70%,118,3.10%,199,3.80%,125,3.20%,90,3.40%,61,3.70%,78,3.00%,106,5.20%,152,6.20%,172,6.10%,238,4.00%,212,3.80%,122,3.10%,101,3.40%,79,2.80%,111,3.30%,115,5.10%,162,2.90%,122,3.90%,85,3.70%,151,3.30%,203,4.00%,93,3.70%,64,2.40%,133,3.00%,54,2.30%,123,3.70%,185,3.90%,168,3.80%,111,2.30%,56,1.70%,287,3.90%,83,2.60%,164,4.20%,146,2.60%,116,6.90%,86,2.50%,171,3.50%,164,3.50%,93,2.40%,119,3.50%,176,4.30%,164,3.40%,180,5.50%,99,4.40%,36,2.70%,107,2.90%,126,3.00%,2,2.00%,89,4.20%,99,4.20%,131,3.70%,159,4.90%,159,3.20%,265,4.50%,274,3.70%,340,3.30%,139,2.70%,104,1.70%,32,2.50%,149,3.00%,102,2.30%,193,2.90%,116,3.30%,134,4.30%,134,2.70%,127,2.20%,71,2.40%,130,3.00%,95,3.60%,40,2.80%,118,3.20%,94,3.50%,67,2.60%,131,2.80%,169,2.30%,74,2.30%,91,2.40%,100,2.90%,142,3.00%,123,5.50%,108,3.30%,220,5.60%,211,5.50%,273,4.50%,294,6.10%,207,5.10%,159,4.30%,114,5.20%,152,3.60%,159,4.20%,69,2.70%,227,4.50%,84,3.80%,76,2.90%,192,3.90%,207,4.50%,55,1.10%,126,2.80%,84,1.60%,57,1.00%,59,1.00%,85,1.90%,38,1.00%,99,1.60%,37,1.00%,32,0.80%,63,1.30%,53,1.00%,24,2.20%,46,1.50%,85,3.30%,14,0.50%,46,1.30%,39,1.20%,107,3.70%,95,1.50%,45,1.00%,58,1.10%,43,1.00%,19,0.50%,140,4.00%,49,0.90%,40,0.70%,46,1.20%,45,1.20%,49,1.00%,43,1.00%,43,1.10%,74,1.60%,42,1.10%,8,0.50%,43,1.30%,34,1.00%,49,1.00%,37,0.70%,24,0.70%,46,2.00%,18,0.70%,36,0.80%,28,0.90%,33,1.50%,118,1.80%,182,3.40%,118,2.80%,103,3.60%,159,3.30%,128,4.00%,226,4.30%,113,3.60%,148,4.20%,136,2.50%,69,3.70%,116,4.80%,93,3.10%,131,3.00%,110,3.30%,148,3.10%,135,2.80%,110,2.80%,251,4.90%,94,2.90%,72,2.40%,162,2.30%,128,2.30%,101,1.90%,93,2.20%,22,0.30%,3,60.00%
RELATIONSHIP,,,,,,,,,,,,,,,,,,,,,,,,,,,,,,,,,,,,,,,,,,,,,,,,,,,,,,,,,,,,,,,,,,,,,,,,,,,,,,,,,,,,,,,,,,,,,,,,,,,,,,,,,,,,,,,,,,,,,,,,,,,,,,,,,,,,,,,,,,,,,,,,,,,,,,,,,,,,,,,,,,,,,,,,,,,,,,,,,,,,,,,,,,,,,,,,,,,,,,,,,,,,,,,,,,,,,,,,,,,,,,,,,,,,,,,,,,,,,,,,,,,,,,,,,,,,,,,,,,,,,,,,,,,,,,,,,,,,,,,,,,,,,,,,,,,,,,,,,,,,,,,,,,,,,,,,,,,,,,,,,,,,,,,,,,,,,,,,,,,,,,,,,,,,,,,,,,,,,,,,,,,,,,
    Total population,"2,554",100.00%,"3,834",100.00%,"5,391",100.00%,"3,948",100.00%,"3,973",100.00%,"4,317",100.00%,"5,790",100.00%,"3,609",100.00%,"4,075",100.00%,"6,778",100.00%,"2,118",100.00%,"5,345",100.00%,"2,153",100.00%,"1,268",100.00%,"2,624",100.00%,"3,867",100.00%,"5,237",100.00%,"3,965",100.00%,"2,684",100.00%,"1,627",100.00%,"2,563",100.00%,"2,036",100.00%,"2,470",100.00%,"2,806",100.00%,"5,952",100.00%,"5,643",100.00%,"3,990",100.00%,"2,974",100.00%,"2,846",100.00%,"3,365",100.00%,"2,257",100.00%,"5,642",100.00%,"3,091",100.00%,"2,285",100.00%,"4,593",100.00%,"5,100",100.00%,"2,503",100.00%,"2,697",100.00%,"4,395",100.00%,"2,309",100.00%,"3,304",100.00%,"4,713",100.00%,"4,370",100.00%,"4,815",100.00%,"3,201",100.00%,"7,307",100.00%,"3,141",100.00%,"3,897",100.00%,"5,569",100.00%,"1,683",100.00%,"3,443",100.00%,"4,857",100.00%,"4,709",100.00%,"3,954",100.00%,"3,436",100.00%,"4,047",100.00%,"4,792",100.00%,"3,276",100.00%,"2,270",100.00%,"1,329",100.00%,"3,670",100.00%,"4,143",100.00%,99,100.00%,"2,141",100.00%,"2,373",100.00%,"3,510",100.00%,"3,269",100.00%,"4,946",100.00%,"5,833",100.00%,"7,364",100.00%,"10,344",100.00%,"5,234",100.00%,"6,081",100.00%,"1,289",100.00%,"5,018",100.00%,"4,343",100.00%,"6,695",100.00%,"3,477",100.00%,"3,131",100.00%,"5,008",100.00%,"5,712",100.00%,"2,916",100.00%,"4,372",100.00%,"2,603",100.00%,"1,451",100.00%,"3,688",100.00%,"2,700",100.00%,"2,543",100.00%,"4,715",100.00%,"7,398",100.00%,"3,238",100.00%,"3,863",100.00%,"3,429",100.00%,"4,747",100.00%,"2,250",100.00%,"3,230",100.00%,"3,900",100.00%,"3,846",100.00%,"6,009",100.00%,"4,829",100.00%,"4,062",100.00%,"3,665",100.00%,"2,178",100.00%,"4,265",100.00%,"3,765",100.00%,"2,594",100.00%,"5,028",100.00%,"2,234",100.00%,"2,624",100.00%,"4,944",100.00%,"4,620",100.00%,"5,209",100.00%,"4,498",100.00%,"5,149",100.00%,"5,932",100.00%,"5,937",100.00%,"4,518",100.00%,"3,657",100.00%,"6,312",100.00%,"3,562",100.00%,"4,228",100.00%,"4,880",100.00%,"5,234",100.00%,"1,095",100.00%,"3,150",100.00%,"2,611",100.00%,"2,700",100.00%,"3,462",100.00%,"3,244",100.00%,"2,880",100.00%,"6,467",100.00%,"4,568",100.00%,"5,203",100.00%,"4,315",100.00%,"3,753",100.00%,"3,494",100.00%,"5,710",100.00%,"5,966",100.00%,"3,794",100.00%,"3,773",100.00%,"4,813",100.00%,"4,503",100.00%,"3,784",100.00%,"4,682",100.00%,"3,822",100.00%,"1,773",100.00%,"3,348",100.00%,"3,364",100.00%,"4,920",100.00%,"5,359",100.00%,"3,229",100.00%,"2,272",100.00%,"2,597",100.00%,"4,361",100.00%,"3,219",100.00%,"2,192",100.00%,"6,578",100.00%,"5,358",100.00%,"4,156",100.00%,"2,849",100.00%,"4,834",100.00%,"3,180",100.00%,"5,227",100.00%,"3,156",100.00%,"3,484",100.00%,"5,445",100.00%,"1,863",100.00%,"2,441",100.00%,"3,006",100.00%,"4,382",100.00%,"3,369",100.00%,"4,764",100.00%,"4,822",100.00%,"3,949",100.00%,"5,108",100.00%,"3,260",100.00%,"2,963",100.00%,"7,080",100.00%,"5,542",100.00%,"5,303",100.00%,"4,256",100.00%,"6,762",100.00%,5,100.00%
        In households,"2,540",99.50%,"3,829",99.90%,"5,391",100.00%,"3,948",100.00%,"3,973",100.00%,"4,317",100.00%,"5,790",100.00%,"3,602",99.80%,"4,075",100.00%,"6,760",99.70%,"2,118",100.00%,"5,339",99.90%,"2,153",100.00%,"1,268",100.00%,"2,491",94.90%,"3,855",99.70%,"5,212",99.50%,"3,965",100.00%,"2,661",99.10%,"1,627",100.00%,"2,553",99.60%,"2,030",99.70%,"2,470",100.00%,"2,799",99.80%,"5,678",95.40%,"5,256",93.10%,"3,766",94.40%,"2,950",99.20%,"2,846",100.00%,"3,357",99.80%,"2,257",100.00%,"5,629",99.80%,"3,079",99.60%,"2,274",99.50%,"4,545",99.00%,"5,066",99.30%,"2,492",99.60%,"2,697",100.00%,"4,373",99.50%,"2,309",100.00%,"3,279",99.20%,"4,704",99.80%,"4,365",99.90%,"4,637",96.30%,"3,198",99.90%,"6,953",95.20%,"3,122",99.40%,"3,897",100.00%,"5,564",99.90%,"1,677",99.60%,"3,388",98.40%,"4,734",97.50%,"4,698",99.80%,"3,952",99.90%,"3,396",98.80%,"3,916",96.80%,"4,783",99.80%,"3,276",100.00%,"2,264",99.70%,"1,329",100.00%,"3,657",99.60%,"4,110",99.20%,99,100.00%,"2,055",96.00%,"2,370",99.90%,"3,300",94.00%,"3,118",95.40%,"4,941",99.90%,"5,833",100.00%,"7,312",99.30%,"10,344",100.00%,"5,234",100.00%,"6,081",100.00%,"1,289",100.00%,"5,018",100.00%,"4,233",97.50%,"6,689",99.90%,"3,477",100.00%,"3,126",99.80%,"4,999",99.80%,"5,658",99.10%,"2,916",100.00%,"4,364",99.80%,"2,603",100.00%,"1,429",98.50%,"3,681",99.80%,"2,688",99.60%,"2,543",100.00%,"4,715",100.00%,"7,398",100.00%,"3,236",99.90%,"3,813",98.70%,"3,429",100.00%,"4,743",99.90%,"2,250",100.00%,"3,206",99.30%,"3,842",98.50%,"3,841",99.90%,"4,978",82.80%,"4,822",99.90%,"3,955",97.40%,"3,657",99.80%,"2,178",100.00%,"4,249",99.60%,"3,725",98.90%,"2,594",100.00%,"5,028",100.00%,"2,234",100.00%,"2,624",100.00%,"4,929",99.70%,"4,620",100.00%,"5,209",100.00%,"4,308",95.80%,"4,994",97.00%,"5,932",100.00%,"5,932",99.90%,"4,508",99.80%,"3,657",100.00%,"6,312",100.00%,"3,562",100.00%,"4,228",100.00%,"4,880",100.00%,"5,162",98.60%,933,85.20%,"3,150",100.00%,"2,611",100.00%,"2,700",100.00%,"3,462",100.00%,"3,232",99.60%,"2,880",100.00%,"6,467",100.00%,"4,568",100.00%,"5,203",100.00%,"4,241",98.30%,"3,750",99.90%,"3,494",100.00%,"5,710",100.00%,"5,966",100.00%,"3,786",99.80%,"3,773",100.00%,"4,773",99.20%,"4,503",100.00%,"3,760",99.40%,"4,485",95.80%,"3,815",99.80%,"1,773",100.00%,"3,338",99.70%,"3,352",99.60%,"4,767",96.90%,"5,346",99.80%,"3,229",100.00%,"2,272",100.00%,"2,597",100.00%,"4,361",100.00%,"3,213",99.80%,"2,179",99.40%,"6,569",99.90%,"5,358",100.00%,"4,156",100.00%,"2,849",100.00%,"4,834",100.00%,"3,173",99.80%,"5,075",97.10%,"3,156",100.00%,"3,484",100.00%,"5,206",95.60%,"1,861",99.90%,"2,410",98.70%,"1,591",52.90%,"4,352",99.30%,"3,318",98.50%,"4,728",99.20%,"4,816",99.90%,"3,909",99.00%,"5,108",100.00%,"3,255",99.80%,"2,931",98.90%,"7,079",100.00%,"5,542",100.00%,"4,841",91.30%,"4,256",100.00%,"6,756",99.90%,5,100.00%
            Householder,857,33.60%,"1,329",34.70%,"2,074",38.50%,"1,586",40.20%,"1,409",35.50%,"1,571",36.40%,"2,219",38.30%,"1,419",39.30%,"1,727",42.40%,"2,905",42.90%,782,36.90%,"2,042",38.20%,803,37.30%,531,41.90%,"1,119",42.60%,"1,553",40.20%,"1,889",36.10%,"1,535",38.70%,"1,347",50.20%,698,42.90%,"1,210",47.20%,"1,038",51.00%,"1,199",48.50%,"1,349",48.10%,"1,906",32.00%,"2,302",40.80%,"1,527",38.30%,"1,301",43.70%,"1,555",54.60%,"1,310",38.90%,"1,082",47.90%,"1,859",32.90%,"1,271",41.10%,896,39.20%,"1,831",39.90%,"1,804",35.40%,"1,035",41.40%,"1,086",40.30%,"1,600",36.40%,878,38.00%,"1,442",43.60%,"1,679",35.60%,"1,461",33.40%,"1,788",37.10%,"1,152",36.00%,"2,707",37.00%,"1,095",34.90%,"1,361",34.90%,"2,009",36.10%,757,45.00%,"1,170",34.00%,"1,700",35.00%,"1,723",36.60%,"1,399",35.40%,"1,224",35.60%,"1,516",37.50%,"1,749",36.50%,"1,622",49.50%,"1,053",46.40%,422,31.80%,"1,426",38.90%,"1,400",33.80%,31,31.30%,973,45.40%,"1,175",49.50%,"1,559",44.40%,"1,387",42.40%,"2,613",52.80%,"2,814",48.20%,"3,762",51.10%,"5,359",51.80%,"2,633",50.30%,"2,883",47.40%,670,52.00%,"2,332",46.50%,"2,059",47.40%,"2,610",39.00%,"1,244",35.80%,"1,186",37.90%,"1,963",39.20%,"2,302",40.30%,"1,455",49.90%,"1,606",36.70%,"1,004",38.60%,528,36.40%,"1,363",37.00%,"1,274",47.20%,921,36.20%,"1,706",36.20%,"2,706",36.60%,"1,283",39.60%,"1,442",37.30%,"1,332",38.80%,"1,918",40.40%,917,40.80%,"1,136",35.20%,"1,396",35.80%,"1,356",35.30%,"1,955",32.50%,"1,719",35.60%,"1,307",32.20%,"1,207",32.90%,749,34.40%,"1,510",35.40%,"1,405",37.30%,889,34.30%,"1,850",36.80%,764,34.20%,938,35.70%,"2,496",50.50%,"2,050",44.40%,"1,877",36.00%,"2,339",52.00%,"2,152",41.80%,"2,133",36.00%,"1,918",32.30%,"1,434",31.70%,"1,110",30.40%,"2,156",34.20%,"1,799",50.50%,"1,393",32.90%,"1,669",34.20%,"2,058",39.30%,366,33.40%,"1,054",33.50%,"1,395",53.40%,918,34.00%,"1,534",44.30%,"1,075",33.10%,"1,485",51.60%,"2,676",41.40%,"1,723",37.70%,"1,825",35.10%,"1,573",36.50%,"1,250",33.30%,"1,755",50.20%,"2,521",44.20%,"1,980",33.20%,"1,357",35.80%,"1,254",33.20%,"1,614",33.50%,"1,672",37.10%,"1,387",36.70%,"1,766",37.70%,"1,335",34.90%,612,34.50%,"1,144",34.20%,"1,239",36.80%,"1,639",33.30%,"1,813",33.80%,"1,141",35.30%,"1,023",45.00%,936,36.00%,"1,429",32.80%,"1,076",33.40%,871,39.70%,"2,546",38.70%,"2,679",50.00%,"1,909",45.90%,"1,219",42.80%,"2,178",45.10%,"1,402",44.10%,"2,368",45.30%,"1,455",46.10%,"1,545",44.30%,"2,417",44.40%,935,50.20%,"1,201",49.20%,749,24.90%,"2,185",49.90%,"1,716",50.90%,"2,300",48.30%,"2,246",46.60%,"2,076",52.60%,"2,272",44.50%,"1,708",52.40%,"1,580",53.30%,"2,791",39.40%,"2,429",43.80%,"1,827",34.50%,"1,808",42.50%,"2,371",35.10%,3,60.00%
            Opposite-sex spouse,381,14.90%,590,15.40%,678,12.60%,565,14.30%,640,16.10%,636,14.70%,860,14.90%,482,13.40%,578,14.20%,"1,250",18.40%,324,15.30%,806,15.10%,336,15.60%,132,10.40%,327,12.50%,511,13.20%,708,13.50%,567,14.30%,405,15.10%,265,16.30%,366,14.30%,320,15.70%,406,16.40%,531,18.90%,762,12.80%,778,13.80%,591,14.80%,366,12.30%,516,18.10%,423,12.60%,332,14.70%,740,13.10%,295,9.50%,299,13.10%,592,12.90%,565,11.10%,271,10.80%,209,7.70%,425,9.70%,240,10.40%,382,11.60%,656,13.90%,508,11.60%,446,9.30%,300,9.40%,"1,122",15.40%,263,8.40%,476,12.20%,447,8.00%,364,21.60%,500,14.50%,607,12.50%,385,8.20%,620,15.70%,321,9.30%,407,10.10%,543,11.30%,537,16.40%,306,13.50%,182,13.70%,276,7.50%,337,8.10%,10,10.10%,271,12.70%,433,18.20%,452,12.90%,612,18.70%,956,19.30%,"1,319",22.60%,"1,454",19.70%,"1,901",18.40%,"1,050",20.10%,"1,101",18.10%,207,16.10%,884,17.60%,456,10.50%,"1,014",15.10%,559,16.10%,465,14.90%,863,17.20%,963,16.90%,411,14.10%,631,14.40%,391,15.00%,205,14.10%,562,15.20%,357,13.20%,381,15.00%,669,14.20%,"1,229",16.60%,449,13.90%,622,16.10%,569,16.60%,636,13.40%,395,17.60%,668,20.70%,702,18.00%,650,16.90%,843,14.00%,817,16.90%,629,15.50%,526,14.40%,344,15.80%,628,14.70%,612,16.30%,347,13.40%,732,14.60%,287,12.80%,347,13.20%,825,16.70%,712,15.40%,739,14.20%,824,18.30%,738,14.30%,817,13.80%,842,14.20%,652,14.40%,526,14.40%,881,14.00%,404,11.30%,570,13.50%,666,13.60%,679,13.00%,148,13.50%,455,14.40%,500,19.10%,352,13.00%,436,12.60%,394,12.10%,566,19.70%,870,13.50%,569,12.50%,670,12.90%,510,11.80%,446,11.90%,772,22.10%,817,14.30%,736,12.30%,500,13.20%,431,11.40%,562,11.70%,604,13.40%,464,12.30%,568,12.10%,442,11.60%,212,12.00%,382,11.40%,388,11.50%,537,10.90%,674,12.60%,375,11.60%,319,14.00%,299,11.50%,481,11.00%,361,11.20%,259,11.80%,862,13.10%,"1,111",20.70%,562,13.50%,445,15.60%,811,16.80%,651,20.50%,"1,163",22.20%,477,15.10%,709,20.40%,892,16.40%,268,14.40%,397,16.30%,211,7.00%,580,13.20%,453,13.40%,741,15.60%,422,8.80%,543,13.80%,947,18.50%,396,12.10%,313,10.60%,"1,341",18.90%,"1,099",19.80%,814,15.30%,929,21.80%,830,12.30%,0,0.00%
            Same-sex spouse,4,0.20%,9,0.20%,19,0.40%,14,0.40%,12,0.30%,12,0.30%,14,0.20%,19,0.50%,14,0.30%,10,0.10%,9,0.40%,14,0.30%,5,0.20%,7,0.60%,10,0.40%,15,0.40%,26,0.50%,7,0.20%,16,0.60%,1,0.10%,15,0.60%,14,0.70%,25,1.00%,25,0.90%,13,0.20%,25,0.40%,23,0.60%,8,0.30%,9,0.30%,1,0.00%,27,1.20%,11,0.20%,12,0.40%,11,0.50%,19,0.40%,7,0.10%,8,0.30%,8,0.30%,23,0.50%,5,0.20%,16,0.50%,10,0.20%,9,0.20%,3,0.10%,6,0.20%,25,0.30%,2,0.10%,6,0.20%,11,0.20%,7,0.40%,8,0.20%,18,0.40%,6,0.10%,14,0.40%,9,0.30%,1,0.00%,13,0.30%,37,1.10%,22,1.00%,3,0.20%,11,0.30%,8,0.20%,0,0.00%,13,0.60%,17,0.70%,21,0.60%,25,0.80%,26,0.50%,41,0.70%,49,0.70%,85,0.80%,32,0.60%,21,0.30%,6,0.50%,38,0.80%,29,0.70%,18,0.30%,5,0.10%,6,0.20%,4,0.10%,12,0.20%,2,0.10%,8,0.20%,8,0.30%,2,0.10%,11,0.30%,10,0.40%,5,0.20%,3,0.10%,15,0.20%,3,0.10%,10,0.30%,8,0.20%,10,0.20%,2,0.10%,8,0.20%,3,0.10%,4,0.10%,6,0.10%,5,0.10%,5,0.10%,3,0.10%,3,0.10%,4,0.10%,14,0.40%,9,0.30%,10,0.20%,3,0.10%,7,0.30%,27,0.50%,6,0.10%,11,0.20%,49,1.10%,28,0.50%,21,0.40%,17,0.30%,10,0.20%,7,0.20%,5,0.10%,6,0.20%,12,0.30%,11,0.20%,8,0.20%,8,0.70%,7,0.20%,28,1.10%,12,0.40%,14,0.40%,7,0.20%,33,1.10%,29,0.40%,17,0.40%,28,0.50%,15,0.30%,11,0.30%,19,0.50%,21,0.40%,24,0.40%,5,0.10%,10,0.30%,12,0.20%,16,0.40%,8,0.20%,21,0.40%,11,0.30%,8,0.50%,13,0.40%,2,0.10%,9,0.20%,6,0.10%,4,0.10%,13,0.60%,7,0.30%,10,0.20%,3,0.10%,7,0.30%,26,0.40%,26,0.50%,25,0.60%,13,0.50%,26,0.50%,12,0.40%,16,0.30%,8,0.30%,3,0.10%,12,0.20%,2,0.10%,9,0.40%,6,0.20%,19,0.40%,15,0.40%,22,0.50%,3,0.10%,7,0.20%,27,0.50%,18,0.60%,9,0.30%,14,0.20%,22,0.40%,12,0.20%,17,0.40%,15,0.20%,0,0.00%
            Opposite-sex unmarried partner,55,2.20%,81,2.10%,152,2.80%,130,3.30%,86,2.20%,98,2.30%,132,2.30%,129,3.60%,165,4.00%,75,1.10%,36,1.70%,124,2.30%,36,1.70%,29,2.30%,111,4.20%,125,3.20%,108,2.10%,69,1.70%,136,5.10%,24,1.50%,67,2.60%,129,6.30%,149,6.00%,153,5.50%,94,1.60%,120,2.10%,93,2.30%,61,2.10%,124,4.40%,88,2.60%,124,5.50%,120,2.10%,101,3.30%,68,3.00%,103,2.20%,135,2.60%,72,2.90%,58,2.20%,98,2.20%,79,3.40%,158,4.80%,99,2.10%,85,1.90%,96,2.00%,83,2.60%,121,1.70%,76,2.40%,87,2.20%,159,2.90%,46,2.70%,40,1.20%,89,1.80%,128,2.70%,68,1.70%,63,1.80%,73,1.80%,120,2.50%,188,5.70%,95,4.20%,16,1.20%,79,2.20%,92,2.20%,2,2.00%,67,3.10%,133,5.60%,135,3.80%,121,3.70%,438,8.90%,275,4.70%,330,4.50%,717,6.90%,234,4.50%,164,2.70%,74,5.70%,153,3.00%,249,5.70%,144,2.20%,73,2.10%,77,2.50%,129,2.60%,125,2.20%,55,1.90%,128,2.90%,55,2.10%,30,2.10%,90,2.40%,64,2.40%,60,2.40%,120,2.50%,141,1.90%,93,2.90%,101,2.60%,75,2.20%,116,2.40%,56,2.50%,59,1.80%,65,1.70%,71,1.80%,121,2.00%,133,2.80%,97,2.40%,77,2.10%,41,1.90%,76,1.80%,110,2.90%,65,2.50%,96,1.90%,53,2.40%,63,2.40%,262,5.30%,206,4.50%,119,2.30%,150,3.30%,146,2.80%,136,2.30%,122,2.10%,87,1.90%,80,2.20%,121,1.90%,61,1.70%,115,2.70%,131,2.70%,136,2.60%,17,1.60%,77,2.40%,66,2.50%,61,2.30%,116,3.40%,69,2.10%,94,3.30%,190,2.90%,146,3.20%,137,2.60%,116,2.70%,123,3.30%,137,3.90%,122,2.10%,195,3.30%,130,3.40%,120,3.20%,144,3.00%,144,3.20%,125,3.30%,142,3.00%,108,2.80%,64,3.60%,108,3.20%,103,3.10%,160,3.30%,158,2.90%,99,3.10%,94,4.10%,93,3.60%,123,2.80%,90,2.80%,81,3.70%,223,3.40%,214,4.00%,129,3.10%,66,2.30%,151,3.10%,149,4.70%,274,5.20%,102,3.20%,198,5.70%,322,5.90%,76,4.10%,114,4.70%,89,3.00%,192,4.40%,185,5.50%,244,5.10%,222,4.60%,221,5.60%,228,4.50%,208,6.40%,141,4.80%,145,2.00%,118,2.10%,75,1.40%,105,2.50%,183,2.70%,0,0.00%
            Same-sex unmarried partner,2,0.10%,2,0.10%,10,0.20%,13,0.30%,3,0.10%,17,0.40%,13,0.20%,17,0.50%,29,0.70%,12,0.20%,3,0.10%,17,0.30%,1,0.00%,6,0.50%,6,0.20%,17,0.40%,9,0.20%,6,0.20%,2,0.10%,1,0.10%,5,0.20%,16,0.80%,14,0.60%,24,0.90%,11,0.20%,15,0.30%,11,0.30%,12,0.40%,13,0.50%,7,0.20%,18,0.80%,8,0.10%,8,0.30%,5,0.20%,12,0.30%,13,0.30%,7,0.30%,6,0.20%,13,0.30%,3,0.10%,24,0.70%,13,0.30%,10,0.20%,3,0.10%,7,0.20%,15,0.20%,1,0.00%,4,0.10%,4,0.10%,6,0.40%,2,0.10%,12,0.20%,8,0.20%,7,0.20%,5,0.10%,12,0.30%,8,0.20%,15,0.50%,16,0.70%,0,0.00%,6,0.20%,14,0.30%,0,0.00%,11,0.50%,18,0.80%,23,0.70%,15,0.50%,37,0.70%,27,0.50%,23,0.30%,68,0.70%,20,0.40%,10,0.20%,2,0.20%,12,0.20%,2,0.00%,16,0.20%,5,0.10%,0,0.00%,10,0.20%,7,0.10%,4,0.10%,10,0.20%,4,0.20%,4,0.30%,5,0.10%,11,0.40%,1,0.00%,6,0.10%,12,0.20%,5,0.20%,3,0.10%,6,0.20%,5,0.10%,4,0.20%,3,0.10%,0,0.00%,3,0.10%,7,0.10%,10,0.20%,6,0.10%,0,0.00%,3,0.10%,5,0.10%,7,0.20%,7,0.30%,4,0.10%,7,0.30%,2,0.10%,27,0.50%,21,0.50%,2,0.00%,18,0.40%,13,0.30%,16,0.30%,2,0.00%,1,0.00%,4,0.10%,2,0.00%,4,0.10%,7,0.20%,10,0.20%,14,0.30%,2,0.20%,2,0.10%,21,0.80%,3,0.10%,13,0.40%,3,0.10%,19,0.70%,18,0.30%,3,0.10%,9,0.20%,1,0.00%,3,0.10%,9,0.30%,8,0.10%,8,0.10%,1,0.00%,0,0.00%,4,0.10%,5,0.10%,8,0.20%,15,0.30%,8,0.20%,0,0.00%,5,0.10%,2,0.10%,8,0.20%,2,0.00%,6,0.20%,5,0.20%,4,0.20%,2,0.00%,3,0.10%,3,0.10%,21,0.30%,26,0.50%,13,0.30%,2,0.10%,21,0.40%,18,0.60%,13,0.20%,4,0.10%,8,0.20%,18,0.30%,2,0.10%,7,0.30%,7,0.20%,15,0.30%,10,0.30%,11,0.20%,11,0.20%,11,0.30%,17,0.30%,12,0.40%,15,0.50%,7,0.10%,8,0.10%,10,0.20%,7,0.20%,12,0.20%,0,0.00%
            Child [2],761,29.80%,"1,116",29.10%,"1,515",28.10%,"1,003",25.40%,"1,142",28.70%,"1,232",28.50%,"1,641",28.30%,941,26.10%,870,21.30%,"1,559",23.00%,591,27.90%,"1,392",26.00%,558,25.90%,320,25.20%,556,21.20%,"1,021",26.40%,"1,528",29.20%,"1,232",31.10%,340,12.70%,323,19.90%,549,21.40%,296,14.50%,398,16.10%,536,19.10%,"1,869",31.40%,"1,320",23.40%,902,22.60%,770,25.90%,410,14.40%,"1,014",30.10%,459,20.30%,"1,865",33.10%,898,29.10%,681,29.80%,"1,348",29.30%,"1,679",32.90%,683,27.30%,884,32.80%,"1,417",32.20%,728,31.50%,790,23.90%,"1,448",30.70%,"1,482",33.90%,"1,540",32.00%,"1,140",35.60%,"2,076",28.40%,"1,117",35.60%,"1,336",34.30%,"2,010",36.10%,418,24.80%,"1,125",32.70%,"1,464",30.10%,"1,667",35.40%,"1,298",32.80%,"1,198",34.90%,"1,298",32.10%,"1,594",33.30%,522,15.90%,551,24.30%,366,27.50%,"1,442",39.30%,"1,625",39.20%,36,36.40%,482,22.50%,334,14.10%,621,17.70%,640,19.60%,568,11.50%,"1,059",18.20%,"1,234",16.80%,"1,269",12.30%,790,15.10%,772,12.70%,92,7.10%,787,15.70%,670,15.40%,"2,097",31.30%,"1,225",35.20%,"1,013",32.40%,"1,432",28.60%,"1,696",29.70%,704,24.10%,"1,461",33.40%,865,33.20%,530,36.50%,"1,219",33.10%,688,25.50%,861,33.90%,"1,660",35.20%,"2,432",32.90%,"1,065",32.90%,"1,184",30.60%,"1,059",30.90%,"1,593",33.60%,630,28.00%,"1,025",31.70%,"1,172",30.10%,"1,233",32.10%,"1,476",24.60%,"1,469",30.40%,"1,324",32.60%,"1,236",33.70%,737,33.80%,"1,285",30.10%,"1,029",27.30%,767,29.60%,"1,526",30.40%,669,29.90%,766,29.20%,691,14.00%,885,19.20%,"1,461",28.00%,672,14.90%,"1,166",22.60%,"1,637",27.60%,"1,798",30.30%,"1,501",33.20%,"1,215",33.20%,"2,066",32.70%,890,25.00%,"1,276",30.20%,"1,545",31.70%,"1,442",27.60%,232,21.20%,964,30.60%,417,16.00%,839,31.10%,866,25.00%,"1,037",32.00%,490,17.00%,"1,604",24.80%,"1,297",28.40%,"1,549",29.80%,"1,251",29.00%,"1,182",31.50%,603,17.30%,"1,363",23.90%,"1,875",31.40%,"1,146",30.20%,"1,231",32.60%,"1,508",31.30%,"1,287",28.60%,"1,087",28.70%,"1,226",26.20%,"1,190",31.10%,538,30.30%,"1,017",30.40%,952,28.30%,"1,538",31.30%,"1,715",32.00%,"1,052",32.60%,519,22.80%,800,30.80%,"1,487",34.10%,"1,071",33.30%,632,28.80%,"1,846",28.10%,996,18.60%,"1,005",24.20%,708,24.90%,"1,060",21.90%,711,22.40%,"1,097",21.00%,692,21.90%,747,21.40%,878,16.10%,377,20.20%,420,17.20%,234,7.80%,671,15.30%,511,15.20%,906,19.00%,"1,215",25.20%,504,12.80%,992,19.40%,427,13.10%,420,14.20%,"2,077",29.30%,"1,411",25.50%,"1,427",26.90%,962,22.60%,"2,055",30.40%,2,40.00%
                Under 18 years,513,20.10%,646,16.80%,922,17.10%,619,15.70%,740,18.60%,793,18.40%,"1,094",18.90%,627,17.40%,601,14.70%,"1,098",16.20%,409,19.30%,863,16.10%,361,16.80%,190,15.00%,337,12.80%,649,16.80%,"1,077",20.60%,888,22.40%,221,8.20%,223,13.70%,393,15.30%,225,11.10%,318,12.90%,460,16.40%,"1,278",21.50%,856,15.20%,585,14.70%,501,16.80%,350,12.30%,737,21.90%,328,14.50%,"1,139",20.20%,550,17.80%,452,19.80%,898,19.60%,"1,079",21.20%,430,17.20%,590,21.90%,844,19.20%,442,19.10%,527,16.00%,905,19.20%,876,20.00%,969,20.10%,729,22.80%,"1,325",18.10%,666,21.20%,790,20.30%,"1,279",23.00%,336,20.00%,576,16.70%,788,16.20%,935,19.90%,763,19.30%,699,20.30%,798,19.70%,883,18.40%,410,12.50%,390,17.20%,214,16.10%,938,25.60%,"1,008",24.30%,27,27.30%,298,13.90%,273,11.50%,428,12.20%,535,16.40%,539,10.90%,979,16.80%,"1,062",14.40%,"1,138",11.00%,717,13.70%,676,11.10%,72,5.60%,697,13.90%,512,11.80%,"1,359",20.30%,760,21.90%,620,19.80%,919,18.40%,"1,016",17.80%,409,14.00%,907,20.70%,501,19.20%,339,23.40%,779,21.10%,452,16.70%,581,22.80%,"1,113",23.60%,"1,492",20.20%,720,22.20%,722,18.70%,589,17.20%,"1,014",21.40%,367,16.30%,579,17.90%,618,15.80%,730,19.00%,847,14.10%,934,19.30%,793,19.50%,767,20.90%,443,20.30%,764,17.90%,632,16.80%,449,17.30%,924,18.40%,429,19.20%,497,18.90%,494,10.00%,598,12.90%,841,16.10%,499,11.10%,632,12.30%,982,16.60%,"1,071",18.00%,837,18.50%,669,18.30%,"1,155",18.30%,481,13.50%,733,17.30%,887,18.20%,778,14.90%,135,12.30%,559,17.70%,307,11.80%,572,21.20%,538,15.50%,650,20.00%,385,13.40%,"1,048",16.20%,871,19.10%,930,17.90%,773,17.90%,726,19.30%,497,14.20%,781,13.70%,"1,245",20.90%,708,18.70%,775,20.50%,934,19.40%,773,17.20%,616,16.30%,795,17.00%,699,18.30%,368,20.80%,658,19.70%,578,17.20%,998,20.30%,"1,026",19.10%,660,20.40%,323,14.20%,503,19.40%,979,22.40%,683,21.20%,390,17.80%,"1,224",18.60%,770,14.40%,635,15.30%,480,16.80%,689,14.30%,619,19.50%,"1,011",19.30%,536,17.00%,669,19.20%,783,14.40%,291,15.60%,347,14.20%,209,7.00%,496,11.30%,408,12.10%,755,15.80%,833,17.30%,403,10.20%,934,18.30%,356,10.90%,314,10.60%,"1,252",17.70%,930,16.80%,705,13.30%,788,18.50%,"1,331",19.70%,2,40.00%
            Grandchild,55,2.20%,77,2.00%,142,2.60%,65,1.60%,68,1.70%,100,2.30%,100,1.70%,59,1.60%,48,1.20%,64,0.90%,40,1.90%,97,1.80%,24,1.10%,38,3.00%,38,1.40%,72,1.90%,110,2.10%,62,1.60%,14,0.50%,9,0.60%,21,0.80%,11,0.50%,15,0.60%,8,0.30%,142,2.40%,51,0.90%,46,1.20%,52,1.70%,9,0.30%,41,1.20%,32,1.40%,155,2.70%,77,2.50%,50,2.20%,72,1.60%,164,3.20%,67,2.70%,98,3.60%,144,3.30%,79,3.40%,93,2.80%,130,2.80%,122,2.80%,159,3.30%,114,3.60%,153,2.10%,188,6.00%,140,3.60%,234,4.20%,8,0.50%,106,3.10%,102,2.10%,203,4.30%,70,1.80%,134,3.90%,88,2.20%,207,4.30%,21,0.60%,33,1.50%,42,3.20%,135,3.70%,167,4.00%,2,2.00%,31,1.40%,12,0.50%,20,0.60%,11,0.30%,2,0.00%,3,0.10%,27,0.40%,30,0.30%,11,0.20%,16,0.30%,3,0.20%,18,0.40%,44,1.00%,123,1.80%,69,2.00%,63,2.00%,84,1.70%,61,1.10%,42,1.40%,105,2.40%,45,1.70%,26,1.80%,56,1.50%,25,0.90%,52,2.00%,66,1.40%,124,1.70%,32,1.00%,55,1.40%,80,2.30%,112,2.40%,30,1.30%,42,1.30%,91,2.30%,76,2.00%,69,1.10%,78,1.60%,84,2.10%,79,2.20%,54,2.50%,93,2.20%,84,2.20%,46,1.80%,93,1.80%,30,1.30%,33,1.30%,41,0.80%,51,1.10%,83,1.60%,14,0.30%,108,2.10%,148,2.50%,106,1.80%,98,2.20%,98,2.70%,129,2.00%,60,1.70%,85,2.00%,114,2.30%,120,2.30%,25,2.30%,80,2.50%,22,0.80%,63,2.30%,50,1.40%,69,2.10%,14,0.50%,112,1.70%,73,1.60%,125,2.40%,91,2.10%,91,2.40%,7,0.20%,123,2.20%,137,2.30%,64,1.70%,71,1.90%,122,2.50%,93,2.10%,77,2.00%,82,1.80%,116,3.00%,50,2.80%,91,2.70%,66,2.00%,123,2.50%,155,2.90%,66,2.00%,34,1.50%,69,2.70%,146,3.30%,116,3.60%,46,2.10%,159,2.40%,14,0.30%,61,1.50%,37,1.30%,39,0.80%,19,0.60%,2,0.00%,14,0.40%,8,0.20%,16,0.30%,15,0.80%,5,0.20%,2,0.10%,17,0.40%,13,0.40%,23,0.50%,108,2.20%,13,0.30%,6,0.10%,10,0.30%,3,0.10%,114,1.60%,57,1.00%,119,2.20%,9,0.20%,111,1.60%,0,0.00%
                Under 18 years,41,1.60%,68,1.80%,122,2.30%,54,1.40%,54,1.40%,79,1.80%,71,1.20%,49,1.40%,36,0.90%,45,0.70%,32,1.50%,74,1.40%,23,1.10%,28,2.20%,22,0.80%,57,1.50%,88,1.70%,49,1.20%,13,0.50%,5,0.30%,20,0.80%,10,0.50%,15,0.60%,7,0.20%,117,2.00%,28,0.50%,40,1.00%,34,1.10%,7,0.20%,32,1.00%,23,1.00%,103,1.80%,60,1.90%,33,1.40%,56,1.20%,125,2.50%,53,2.10%,75,2.80%,105,2.40%,42,1.80%,75,2.30%,94,2.00%,87,2.00%,121,2.50%,65,2.00%,117,1.60%,132,4.20%,104,2.70%,162,2.90%,6,0.40%,75,2.20%,72,1.50%,144,3.10%,45,1.10%,103,3.00%,57,1.40%,153,3.20%,14,0.40%,26,1.10%,37,2.80%,111,3.00%,128,3.10%,2,2.00%,25,1.20%,5,0.20%,19,0.50%,10,0.30%,1,0.00%,2,0.00%,23,0.30%,25,0.20%,10,0.20%,13,0.20%,2,0.20%,15,0.30%,36,0.80%,102,1.50%,57,1.60%,43,1.40%,67,1.30%,47,0.80%,28,1.00%,78,1.80%,29,1.10%,20,1.40%,40,1.10%,18,0.70%,48,1.90%,61,1.30%,98,1.30%,24,0.70%,42,1.10%,71,2.10%,92,1.90%,23,1.00%,31,1.00%,72,1.80%,48,1.20%,45,0.70%,51,1.10%,65,1.60%,61,1.70%,46,2.10%,69,1.60%,74,2.00%,35,1.30%,62,1.20%,19,0.90%,26,1.00%,31,0.60%,33,0.70%,68,1.30%,14,0.30%,66,1.30%,122,2.10%,88,1.50%,82,1.80%,79,2.20%,110,1.70%,43,1.20%,66,1.60%,88,1.80%,93,1.80%,21,1.90%,63,2.00%,16,0.60%,49,1.80%,43,1.20%,49,1.50%,10,0.30%,90,1.40%,66,1.40%,90,1.70%,74,1.70%,74,2.00%,6,0.20%,85,1.50%,110,1.80%,51,1.30%,58,1.50%,102,2.10%,71,1.60%,55,1.50%,67,1.40%,96,2.50%,40,2.30%,78,2.30%,58,1.70%,101,2.10%,136,2.50%,54,1.70%,27,1.20%,60,2.30%,127,2.90%,93,2.90%,38,1.70%,121,1.80%,10,0.20%,42,1.00%,20,0.70%,26,0.50%,11,0.30%,1,0.00%,12,0.40%,6,0.20%,13,0.20%,10,0.50%,5,0.20%,2,0.10%,9,0.20%,10,0.30%,18,0.40%,75,1.60%,12,0.30%,5,0.10%,6,0.20%,3,0.10%,84,1.20%,41,0.70%,75,1.40%,9,0.20%,95,1.40%,0,0.00%
            Other relatives,269,10.50%,383,10.00%,460,8.50%,245,6.20%,381,9.60%,381,8.80%,460,7.90%,311,8.60%,255,6.30%,396,5.80%,186,8.80%,430,8.00%,156,7.20%,91,7.20%,116,4.40%,272,7.00%,416,7.90%,238,6.00%,154,5.70%,91,5.60%,172,6.70%,69,3.40%,66,2.70%,39,1.40%,479,8.00%,366,6.50%,254,6.40%,175,5.90%,78,2.70%,270,8.00%,55,2.40%,576,10.20%,222,7.20%,162,7.10%,377,8.20%,469,9.20%,202,8.10%,235,8.70%,388,8.80%,174,7.50%,164,5.00%,450,9.50%,485,11.10%,398,8.30%,280,8.70%,545,7.50%,272,8.70%,385,9.90%,490,8.80%,50,3.00%,340,9.90%,557,11.50%,407,8.60%,376,9.50%,321,9.30%,401,9.90%,360,7.50%,92,2.80%,91,4.00%,185,13.90%,217,5.90%,323,7.80%,8,8.10%,64,3.00%,73,3.10%,192,5.50%,68,2.10%,81,1.60%,131,2.20%,136,1.80%,177,1.70%,113,2.20%,159,2.60%,27,2.10%,133,2.70%,116,2.70%,473,7.10%,233,6.70%,225,7.20%,337,6.70%,367,6.40%,183,6.30%,313,7.20%,150,5.80%,76,5.20%,249,6.80%,165,6.10%,201,7.90%,370,7.80%,512,6.90%,212,6.50%,275,7.10%,231,6.70%,269,5.70%,169,7.50%,207,6.40%,307,7.90%,321,8.30%,340,5.70%,353,7.30%,324,8.00%,339,9.20%,191,8.80%,429,10.10%,291,7.70%,221,8.50%,364,7.20%,183,8.20%,173,6.60%,188,3.80%,279,6.00%,557,10.70%,175,3.90%,438,8.50%,586,9.90%,753,12.70%,524,11.60%,445,12.20%,733,11.60%,250,7.00%,542,12.80%,558,11.40%,514,9.80%,100,9.10%,376,11.90%,99,3.80%,298,11.00%,282,8.10%,395,12.20%,122,4.20%,605,9.40%,479,10.50%,558,10.70%,453,10.50%,428,11.40%,106,3.00%,479,8.40%,659,11.00%,404,10.60%,413,10.90%,472,9.80%,430,9.50%,396,10.50%,353,7.50%,406,10.60%,201,11.30%,358,10.70%,389,11.60%,491,10.00%,598,11.20%,338,10.50%,160,7.00%,243,9.40%,489,11.20%,353,11.00%,189,8.60%,580,8.80%,156,2.90%,247,5.90%,170,6.00%,257,5.30%,91,2.90%,44,0.80%,81,2.60%,51,1.50%,72,1.30%,52,2.80%,48,2.00%,34,1.10%,106,2.40%,105,3.10%,90,1.90%,158,3.30%,102,2.60%,118,2.30%,86,2.60%,83,2.80%,426,6.00%,279,5.00%,355,6.70%,210,4.90%,722,10.70%,0,0.00%
            Nonrelatives,156,6.10%,242,6.30%,341,6.30%,327,8.30%,232,5.80%,270,6.30%,351,6.10%,225,6.20%,389,9.50%,489,7.20%,147,6.90%,417,7.80%,234,10.90%,114,9.00%,208,7.90%,269,7.00%,418,8.00%,249,6.30%,247,9.20%,215,13.20%,148,5.80%,137,6.70%,198,8.00%,134,4.80%,402,6.80%,279,4.90%,319,8.00%,205,6.90%,132,4.60%,203,6.00%,128,5.70%,295,5.20%,195,6.30%,102,4.50%,191,4.20%,230,4.50%,147,5.90%,113,4.20%,265,6.00%,123,5.30%,210,6.40%,219,4.60%,203,4.60%,204,4.20%,116,3.60%,189,2.60%,108,3.40%,102,2.60%,200,3.60%,21,1.20%,97,2.80%,185,3.80%,171,3.60%,100,2.50%,121,3.50%,120,3.00%,189,3.90%,242,7.40%,97,4.30%,113,8.50%,65,1.80%,144,3.50%,10,10.10%,143,6.70%,175,7.40%,277,7.90%,239,7.30%,220,4.40%,164,2.80%,297,4.00%,738,7.10%,351,6.70%,955,15.70%,208,16.10%,661,13.20%,608,14.00%,194,2.90%,64,1.80%,91,2.90%,177,3.50%,125,2.20%,60,2.10%,102,2.30%,81,3.10%,28,1.90%,126,3.40%,94,3.50%,61,2.40%,115,2.40%,227,3.10%,94,2.90%,121,3.10%,69,2.00%,84,1.80%,47,2.10%,58,1.80%,106,2.70%,127,3.30%,161,2.70%,238,4.90%,179,4.40%,190,5.20%,56,2.60%,219,5.10%,173,4.60%,243,9.40%,353,7.00%,238,10.70%,295,11.20%,372,7.50%,410,8.90%,360,6.90%,67,1.50%,205,4.00%,438,7.40%,374,6.30%,201,4.40%,172,4.70%,219,3.50%,88,2.50%,228,5.40%,176,3.60%,191,3.60%,35,3.20%,135,4.30%,63,2.40%,154,5.70%,151,4.40%,183,5.60%,57,2.00%,363,5.60%,261,5.70%,302,5.80%,231,5.40%,216,5.80%,86,2.50%,256,4.50%,352,5.90%,179,4.70%,243,6.40%,335,7.00%,252,5.60%,208,5.50%,312,6.70%,199,5.20%,88,5.00%,220,6.60%,211,6.30%,262,5.30%,225,4.20%,148,4.60%,105,4.60%,146,5.60%,194,4.40%,140,4.30%,91,4.20%,306,4.70%,136,2.50%,205,4.90%,189,6.60%,291,6.00%,120,3.80%,98,1.90%,323,10.20%,215,6.20%,579,10.60%,134,7.20%,209,8.60%,259,8.60%,567,12.90%,310,9.20%,391,8.20%,431,8.90%,432,10.90%,501,9.80%,390,12.00%,367,12.40%,164,2.30%,119,2.10%,202,3.80%,209,4.90%,457,6.80%,0,0.00%
        In group quarters,14,0.50%,5,0.10%,0,0.00%,0,0.00%,0,0.00%,0,0.00%,0,0.00%,7,0.20%,0,0.00%,18,0.30%,0,0.00%,6,0.10%,0,0.00%,0,0.00%,133,5.10%,12,0.30%,25,0.50%,0,0.00%,23,0.90%,0,0.00%,10,0.40%,6,0.30%,0,0.00%,7,0.20%,274,4.60%,387,6.90%,224,5.60%,24,0.80%,0,0.00%,8,0.20%,0,0.00%,13,0.20%,12,0.40%,11,0.50%,48,1.00%,34,0.70%,11,0.40%,0,0.00%,22,0.50%,0,0.00%,25,0.80%,9,0.20%,5,0.10%,178,3.70%,3,0.10%,354,4.80%,19,0.60%,0,0.00%,5,0.10%,6,0.40%,55,1.60%,123,2.50%,11,0.20%,2,0.10%,40,1.20%,131,3.20%,9,0.20%,0,0.00%,6,0.30%,0,0.00%,13,0.40%,33,0.80%,0,0.00%,86,4.00%,3,0.10%,210,6.00%,151,4.60%,5,0.10%,0,0.00%,52,0.70%,0,0.00%,0,0.00%,0,0.00%,0,0.00%,0,0.00%,110,2.50%,6,0.10%,0,0.00%,5,0.20%,9,0.20%,54,0.90%,0,0.00%,8,0.20%,0,0.00%,22,1.50%,7,0.20%,12,0.40%,0,0.00%,0,0.00%,0,0.00%,2,0.10%,50,1.30%,0,0.00%,4,0.10%,0,0.00%,24,0.70%,58,1.50%,5,0.10%,"1,031",17.20%,7,0.10%,107,2.60%,8,0.20%,0,0.00%,16,0.40%,40,1.10%,0,0.00%,0,0.00%,0,0.00%,0,0.00%,15,0.30%,0,0.00%,0,0.00%,190,4.20%,155,3.00%,0,0.00%,5,0.10%,10,0.20%,0,0.00%,0,0.00%,0,0.00%,0,0.00%,0,0.00%,72,1.40%,162,14.80%,0,0.00%,0,0.00%,0,0.00%,0,0.00%,12,0.40%,0,0.00%,0,0.00%,0,0.00%,0,0.00%,74,1.70%,3,0.10%,0,0.00%,0,0.00%,0,0.00%,8,0.20%,0,0.00%,40,0.80%,0,0.00%,24,0.60%,197,4.20%,7,0.20%,0,0.00%,10,0.30%,12,0.40%,153,3.10%,13,0.20%,0,0.00%,0,0.00%,0,0.00%,0,0.00%,6,0.20%,13,0.60%,9,0.10%,0,0.00%,0,0.00%,0,0.00%,0,0.00%,7,0.20%,152,2.90%,0,0.00%,0,0.00%,239,4.40%,2,0.10%,31,1.30%,"1,415",47.10%,30,0.70%,51,1.50%,36,0.80%,6,0.10%,40,1.00%,0,0.00%,5,0.20%,32,1.10%,1,0.00%,0,0.00%,462,8.70%,0,0.00%,6,0.10%,0,0.00%
            Institutionalized population:,0,0.00%,0,0.00%,0,0.00%,0,0.00%,0,0.00%,0,0.00%,0,0.00%,0,0.00%,0,0.00%,0,0.00%,0,0.00%,0,0.00%,0,0.00%,0,0.00%,133,5.10%,12,0.30%,0,0.00%,0,0.00%,0,0.00%,0,0.00%,0,0.00%,0,0.00%,0,0.00%,0,0.00%,155,2.60%,0,0.00%,0,0.00%,0,0.00%,0,0.00%,0,0.00%,0,0.00%,0,0.00%,0,0.00%,0,0.00%,0,0.00%,25,0.50%,0,0.00%,0,0.00%,0,0.00%,0,0.00%,0,0.00%,0,0.00%,0,0.00%,0,0.00%,0,0.00%,0,0.00%,0,0.00%,0,0.00%,0,0.00%,0,0.00%,0,0.00%,123,2.50%,0,0.00%,0,0.00%,0,0.00%,92,2.30%,0,0.00%,0,0.00%,0,0.00%,0,0.00%,0,0.00%,0,0.00%,0,0.00%,0,0.00%,0,0.00%,210,6.00%,118,3.60%,5,0.10%,0,0.00%,0,0.00%,0,0.00%,0,0.00%,0,0.00%,0,0.00%,0,0.00%,0,0.00%,0,0.00%,0,0.00%,0,0.00%,0,0.00%,0,0.00%,0,0.00%,0,0.00%,0,0.00%,22,1.50%,0,0.00%,0,0.00%,0,0.00%,0,0.00%,0,0.00%,0,0.00%,45,1.20%,0,0.00%,0,0.00%,0,0.00%,0,0.00%,0,0.00%,0,0.00%,"1,031",17.20%,0,0.00%,107,2.60%,0,0.00%,0,0.00%,16,0.40%,40,1.10%,0,0.00%,0,0.00%,0,0.00%,0,0.00%,0,0.00%,0,0.00%,0,0.00%,184,4.10%,145,2.80%,0,0.00%,0,0.00%,0,0.00%,0,0.00%,0,0.00%,0,0.00%,0,0.00%,0,0.00%,0,0.00%,162,14.80%,0,0.00%,0,0.00%,0,0.00%,0,0.00%,0,0.00%,0,0.00%,0,0.00%,0,0.00%,0,0.00%,74,1.70%,0,0.00%,0,0.00%,0,0.00%,0,0.00%,0,0.00%,0,0.00%,0,0.00%,0,0.00%,0,0.00%,130,2.80%,0,0.00%,0,0.00%,0,0.00%,0,0.00%,152,3.10%,0,0.00%,0,0.00%,0,0.00%,0,0.00%,0,0.00%,0,0.00%,0,0.00%,0,0.00%,0,0.00%,0,0.00%,0,0.00%,0,0.00%,0,0.00%,0,0.00%,0,0.00%,0,0.00%,0,0.00%,0,0.00%,0,0.00%,0,0.00%,0,0.00%,0,0.00%,0,0.00%,0,0.00%,0,0.00%,0,0.00%,0,0.00%,0,0.00%,0,0.00%,0,0.00%,201,3.80%,0,0.00%,0,0.00%,0,0.00%
                Male,0,0.00%,0,0.00%,0,0.00%,0,0.00%,0,0.00%,0,0.00%,0,0.00%,0,0.00%,0,0.00%,0,0.00%,0,0.00%,0,0.00%,0,0.00%,0,0.00%,56,2.10%,4,0.10%,0,0.00%,0,0.00%,0,0.00%,0,0.00%,0,0.00%,0,0.00%,0,0.00%,0,0.00%,79,1.30%,0,0.00%,0,0.00%,0,0.00%,0,0.00%,0,0.00%,0,0.00%,0,0.00%,0,0.00%,0,0.00%,0,0.00%,15,0.30%,0,0.00%,0,0.00%,0,0.00%,0,0.00%,0,0.00%,0,0.00%,0,0.00%,0,0.00%,0,0.00%,0,0.00%,0,0.00%,0,0.00%,0,0.00%,0,0.00%,0,0.00%,69,1.40%,0,0.00%,0,0.00%,0,0.00%,19,0.50%,0,0.00%,0,0.00%,0,0.00%,0,0.00%,0,0.00%,0,0.00%,0,0.00%,0,0.00%,0,0.00%,137,3.90%,45,1.40%,4,0.10%,0,0.00%,0,0.00%,0,0.00%,0,0.00%,0,0.00%,0,0.00%,0,0.00%,0,0.00%,0,0.00%,0,0.00%,0,0.00%,0,0.00%,0,0.00%,0,0.00%,0,0.00%,0,0.00%,9,0.60%,0,0.00%,0,0.00%,0,0.00%,0,0.00%,0,0.00%,0,0.00%,19,0.50%,0,0.00%,0,0.00%,0,0.00%,0,0.00%,0,0.00%,0,0.00%,958,15.90%,0,0.00%,37,0.90%,0,0.00%,0,0.00%,9,0.20%,18,0.50%,0,0.00%,0,0.00%,0,0.00%,0,0.00%,0,0.00%,0,0.00%,0,0.00%,55,1.20%,52,1.00%,0,0.00%,0,0.00%,0,0.00%,0,0.00%,0,0.00%,0,0.00%,0,0.00%,0,0.00%,0,0.00%,49,4.50%,0,0.00%,0,0.00%,0,0.00%,0,0.00%,0,0.00%,0,0.00%,0,0.00%,0,0.00%,0,0.00%,37,0.90%,0,0.00%,0,0.00%,0,0.00%,0,0.00%,0,0.00%,0,0.00%,0,0.00%,0,0.00%,0,0.00%,40,0.90%,0,0.00%,0,0.00%,0,0.00%,0,0.00%,62,1.30%,0,0.00%,0,0.00%,0,0.00%,0,0.00%,0,0.00%,0,0.00%,0,0.00%,0,0.00%,0,0.00%,0,0.00%,0,0.00%,0,0.00%,0,0.00%,0,0.00%,0,0.00%,0,0.00%,0,0.00%,0,0.00%,0,0.00%,0,0.00%,0,0.00%,0,0.00%,0,0.00%,0,0.00%,0,0.00%,0,0.00%,0,0.00%,0,0.00%,0,0.00%,0,0.00%,100,1.90%,0,0.00%,0,0.00%,0,0.00%
                Female,0,0.00%,0,0.00%,0,0.00%,0,0.00%,0,0.00%,0,0.00%,0,0.00%,0,0.00%,0,0.00%,0,0.00%,0,0.00%,0,0.00%,0,0.00%,0,0.00%,77,2.90%,8,0.20%,0,0.00%,0,0.00%,0,0.00%,0,0.00%,0,0.00%,0,0.00%,0,0.00%,0,0.00%,76,1.30%,0,0.00%,0,0.00%,0,0.00%,0,0.00%,0,0.00%,0,0.00%,0,0.00%,0,0.00%,0,0.00%,0,0.00%,10,0.20%,0,0.00%,0,0.00%,0,0.00%,0,0.00%,0,0.00%,0,0.00%,0,0.00%,0,0.00%,0,0.00%,0,0.00%,0,0.00%,0,0.00%,0,0.00%,0,0.00%,0,0.00%,54,1.10%,0,0.00%,0,0.00%,0,0.00%,73,1.80%,0,0.00%,0,0.00%,0,0.00%,0,0.00%,0,0.00%,0,0.00%,0,0.00%,0,0.00%,0,0.00%,73,2.10%,73,2.20%,1,0.00%,0,0.00%,0,0.00%,0,0.00%,0,0.00%,0,0.00%,0,0.00%,0,0.00%,0,0.00%,0,0.00%,0,0.00%,0,0.00%,0,0.00%,0,0.00%,0,0.00%,0,0.00%,0,0.00%,13,0.90%,0,0.00%,0,0.00%,0,0.00%,0,0.00%,0,0.00%,0,0.00%,26,0.70%,0,0.00%,0,0.00%,0,0.00%,0,0.00%,0,0.00%,0,0.00%,73,1.20%,0,0.00%,70,1.70%,0,0.00%,0,0.00%,7,0.20%,22,0.60%,0,0.00%,0,0.00%,0,0.00%,0,0.00%,0,0.00%,0,0.00%,0,0.00%,129,2.90%,93,1.80%,0,0.00%,0,0.00%,0,0.00%,0,0.00%,0,0.00%,0,0.00%,0,0.00%,0,0.00%,0,0.00%,113,10.30%,0,0.00%,0,0.00%,0,0.00%,0,0.00%,0,0.00%,0,0.00%,0,0.00%,0,0.00%,0,0.00%,37,0.90%,0,0.00%,0,0.00%,0,0.00%,0,0.00%,0,0.00%,0,0.00%,0,0.00%,0,0.00%,0,0.00%,90,1.90%,0,0.00%,0,0.00%,0,0.00%,0,0.00%,90,1.80%,0,0.00%,0,0.00%,0,0.00%,0,0.00%,0,0.00%,0,0.00%,0,0.00%,0,0.00%,0,0.00%,0,0.00%,0,0.00%,0,0.00%,0,0.00%,0,0.00%,0,0.00%,0,0.00%,0,0.00%,0,0.00%,0,0.00%,0,0.00%,0,0.00%,0,0.00%,0,0.00%,0,0.00%,0,0.00%,0,0.00%,0,0.00%,0,0.00%,0,0.00%,0,0.00%,101,1.90%,0,0.00%,0,0.00%,0,0.00%
            Noninstitutionalized population:,14,0.50%,5,0.10%,0,0.00%,0,0.00%,0,0.00%,0,0.00%,0,0.00%,7,0.20%,0,0.00%,18,0.30%,0,0.00%,6,0.10%,0,0.00%,0,0.00%,0,0.00%,0,0.00%,25,0.50%,0,0.00%,23,0.90%,0,0.00%,10,0.40%,6,0.30%,0,0.00%,7,0.20%,119,2.00%,387,6.90%,224,5.60%,24,0.80%,0,0.00%,8,0.20%,0,0.00%,13,0.20%,12,0.40%,11,0.50%,48,1.00%,9,0.20%,11,0.40%,0,0.00%,22,0.50%,0,0.00%,25,0.80%,9,0.20%,5,0.10%,178,3.70%,3,0.10%,354,4.80%,19,0.60%,0,0.00%,5,0.10%,6,0.40%,55,1.60%,0,0.00%,11,0.20%,2,0.10%,40,1.20%,39,1.00%,9,0.20%,0,0.00%,6,0.30%,0,0.00%,13,0.40%,33,0.80%,0,0.00%,86,4.00%,3,0.10%,0,0.00%,33,1.00%,0,0.00%,0,0.00%,52,0.70%,0,0.00%,0,0.00%,0,0.00%,0,0.00%,0,0.00%,110,2.50%,6,0.10%,0,0.00%,5,0.20%,9,0.20%,54,0.90%,0,0.00%,8,0.20%,0,0.00%,0,0.00%,7,0.20%,12,0.40%,0,0.00%,0,0.00%,0,0.00%,2,0.10%,5,0.10%,0,0.00%,4,0.10%,0,0.00%,24,0.70%,58,1.50%,5,0.10%,0,0.00%,7,0.10%,0,0.00%,8,0.20%,0,0.00%,0,0.00%,0,0.00%,0,0.00%,0,0.00%,0,0.00%,0,0.00%,15,0.30%,0,0.00%,0,0.00%,6,0.10%,10,0.20%,0,0.00%,5,0.10%,10,0.20%,0,0.00%,0,0.00%,0,0.00%,0,0.00%,0,0.00%,72,1.40%,0,0.00%,0,0.00%,0,0.00%,0,0.00%,0,0.00%,12,0.40%,0,0.00%,0,0.00%,0,0.00%,0,0.00%,0,0.00%,3,0.10%,0,0.00%,0,0.00%,0,0.00%,8,0.20%,0,0.00%,40,0.80%,0,0.00%,24,0.60%,67,1.40%,7,0.20%,0,0.00%,10,0.30%,12,0.40%,1,0.00%,13,0.20%,0,0.00%,0,0.00%,0,0.00%,0,0.00%,6,0.20%,13,0.60%,9,0.10%,0,0.00%,0,0.00%,0,0.00%,0,0.00%,7,0.20%,152,2.90%,0,0.00%,0,0.00%,239,4.40%,2,0.10%,31,1.30%,"1,415",47.10%,30,0.70%,51,1.50%,36,0.80%,6,0.10%,40,1.00%,0,0.00%,5,0.20%,32,1.10%,1,0.00%,0,0.00%,261,4.90%,0,0.00%,6,0.10%,0,0.00%
                Male,9,0.40%,4,0.10%,0,0.00%,0,0.00%,0,0.00%,0,0.00%,0,0.00%,4,0.10%,0,0.00%,13,0.20%,0,0.00%,5,0.10%,0,0.00%,0,0.00%,0,0.00%,0,0.00%,12,0.20%,0,0.00%,19,0.70%,0,0.00%,9,0.40%,3,0.10%,0,0.00%,4,0.10%,51,0.90%,146,2.60%,98,2.50%,14,0.50%,0,0.00%,8,0.20%,0,0.00%,9,0.20%,9,0.30%,7,0.30%,40,0.90%,7,0.10%,11,0.40%,0,0.00%,8,0.20%,0,0.00%,21,0.60%,3,0.10%,4,0.10%,70,1.50%,0,0.00%,145,2.00%,3,0.10%,0,0.00%,2,0.00%,2,0.10%,3,0.10%,0,0.00%,6,0.10%,2,0.10%,27,0.80%,5,0.10%,7,0.10%,0,0.00%,3,0.10%,0,0.00%,6,0.20%,27,0.70%,0,0.00%,54,2.50%,0,0.00%,0,0.00%,10,0.30%,0,0.00%,0,0.00%,3,0.00%,0,0.00%,0,0.00%,0,0.00%,0,0.00%,0,0.00%,78,1.80%,4,0.10%,0,0.00%,0,0.00%,6,0.10%,53,0.90%,0,0.00%,4,0.10%,0,0.00%,0,0.00%,2,0.10%,12,0.40%,0,0.00%,0,0.00%,0,0.00%,1,0.00%,4,0.10%,0,0.00%,3,0.10%,0,0.00%,6,0.20%,42,1.10%,5,0.10%,0,0.00%,4,0.10%,0,0.00%,4,0.10%,0,0.00%,0,0.00%,0,0.00%,0,0.00%,0,0.00%,0,0.00%,0,0.00%,11,0.20%,0,0.00%,0,0.00%,5,0.10%,6,0.10%,0,0.00%,3,0.10%,6,0.10%,0,0.00%,0,0.00%,0,0.00%,0,0.00%,0,0.00%,44,0.80%,0,0.00%,0,0.00%,0,0.00%,0,0.00%,0,0.00%,4,0.10%,0,0.00%,0,0.00%,0,0.00%,0,0.00%,0,0.00%,1,0.00%,0,0.00%,0,0.00%,0,0.00%,5,0.10%,0,0.00%,30,0.60%,0,0.00%,16,0.40%,51,1.10%,6,0.20%,0,0.00%,7,0.20%,7,0.20%,0,0.00%,10,0.20%,0,0.00%,0,0.00%,0,0.00%,0,0.00%,3,0.10%,8,0.40%,7,0.10%,0,0.00%,0,0.00%,0,0.00%,0,0.00%,7,0.20%,99,1.90%,0,0.00%,0,0.00%,177,3.30%,2,0.10%,13,0.50%,"1,004",33.40%,17,0.40%,42,1.20%,28,0.60%,4,0.10%,35,0.90%,0,0.00%,3,0.10%,21,0.70%,0,0.00%,0,0.00%,177,3.30%,0,0.00%,5,0.10%,0,0.00%
                Female,5,0.20%,1,0.00%,0,0.00%,0,0.00%,0,0.00%,0,0.00%,0,0.00%,3,0.10%,0,0.00%,5,0.10%,0,0.00%,1,0.00%,0,0.00%,0,0.00%,0,0.00%,0,0.00%,13,0.20%,0,0.00%,4,0.10%,0,0.00%,1,0.00%,3,0.10%,0,0.00%,3,0.10%,68,1.10%,241,4.30%,126,3.20%,10,0.30%,0,0.00%,0,0.00%,0,0.00%,4,0.10%,3,0.10%,4,0.20%,8,0.20%,2,0.00%,0,0.00%,0,0.00%,14,0.30%,0,0.00%,4,0.10%,6,0.10%,1,0.00%,108,2.20%,3,0.10%,209,2.90%,16,0.50%,0,0.00%,3,0.10%,4,0.20%,52,1.50%,0,0.00%,5,0.10%,0,0.00%,13,0.40%,34,0.80%,2,0.00%,0,0.00%,3,0.10%,0,0.00%,7,0.20%,6,0.10%,0,0.00%,32,1.50%,3,0.10%,0,0.00%,23,0.70%,0,0.00%,0,0.00%,49,0.70%,0,0.00%,0,0.00%,0,0.00%,0,0.00%,0,0.00%,32,0.70%,2,0.00%,0,0.00%,5,0.20%,3,0.10%,1,0.00%,0,0.00%,4,0.10%,0,0.00%,0,0.00%,5,0.10%,0,0.00%,0,0.00%,0,0.00%,0,0.00%,1,0.00%,1,0.00%,0,0.00%,1,0.00%,0,0.00%,18,0.60%,16,0.40%,0,0.00%,0,0.00%,3,0.10%,0,0.00%,4,0.10%,0,0.00%,0,0.00%,0,0.00%,0,0.00%,0,0.00%,0,0.00%,0,0.00%,4,0.10%,0,0.00%,0,0.00%,1,0.00%,4,0.10%,0,0.00%,2,0.00%,4,0.10%,0,0.00%,0,0.00%,0,0.00%,0,0.00%,0,0.00%,28,0.50%,0,0.00%,0,0.00%,0,0.00%,0,0.00%,0,0.00%,8,0.20%,0,0.00%,0,0.00%,0,0.00%,0,0.00%,0,0.00%,2,0.10%,0,0.00%,0,0.00%,0,0.00%,3,0.10%,0,0.00%,10,0.20%,0,0.00%,8,0.20%,16,0.30%,1,0.00%,0,0.00%,3,0.10%,5,0.10%,1,0.00%,3,0.10%,0,0.00%,0,0.00%,0,0.00%,0,0.00%,3,0.10%,5,0.20%,2,0.00%,0,0.00%,0,0.00%,0,0.00%,0,0.00%,0,0.00%,53,1.00%,0,0.00%,0,0.00%,62,1.10%,0,0.00%,18,0.70%,411,13.70%,13,0.30%,9,0.30%,8,0.20%,2,0.00%,5,0.10%,0,0.00%,2,0.10%,11,0.40%,1,0.00%,0,0.00%,84,1.60%,0,0.00%,1,0.00%,0,0.00%
HOUSEHOLDS BY TYPE,,,,,,,,,,,,,,,,,,,,,,,,,,,,,,,,,,,,,,,,,,,,,,,,,,,,,,,,,,,,,,,,,,,,,,,,,,,,,,,,,,,,,,,,,,,,,,,,,,,,,,,,,,,,,,,,,,,,,,,,,,,,,,,,,,,,,,,,,,,,,,,,,,,,,,,,,,,,,,,,,,,,,,,,,,,,,,,,,,,,,,,,,,,,,,,,,,,,,,,,,,,,,,,,,,,,,,,,,,,,,,,,,,,,,,,,,,,,,,,,,,,,,,,,,,,,,,,,,,,,,,,,,,,,,,,,,,,,,,,,,,,,,,,,,,,,,,,,,,,,,,,,,,,,,,,,,,,,,,,,,,,,,,,,,,,,,,,,,,,,,,,,,,,,,,,,,,,,,,,,,,,,,,
    Total households,847,100.00%,"1,330",100.00%,"2,079",100.00%,"1,589",100.00%,"1,419",100.00%,"1,570",100.00%,"2,225",100.00%,"1,430",100.00%,"1,725",100.00%,"2,917",100.00%,784,100.00%,"2,046",100.00%,798,100.00%,534,100.00%,"1,101",100.00%,"1,552",100.00%,"1,888",100.00%,"1,525",100.00%,"1,341",100.00%,694,100.00%,"1,215",100.00%,"1,040",100.00%,"1,206",100.00%,"1,357",100.00%,"1,904",100.00%,"2,291",100.00%,"1,527",100.00%,"1,303",100.00%,"1,558",100.00%,"1,304",100.00%,"1,082",100.00%,"1,858",100.00%,"1,261",100.00%,888,100.00%,"1,829",100.00%,"1,801",100.00%,"1,043",100.00%,"1,085",100.00%,"1,618",100.00%,875,100.00%,"1,435",100.00%,"1,680",100.00%,"1,448",100.00%,"1,793",100.00%,"1,158",100.00%,"2,714",100.00%,"1,099",100.00%,"1,356",100.00%,"2,004",100.00%,765,100.00%,"1,165",100.00%,"1,686",100.00%,"1,716",100.00%,"1,395",100.00%,"1,217",100.00%,"1,511",100.00%,"1,758",100.00%,"1,621",100.00%,"1,072",100.00%,419,100.00%,"1,420",100.00%,"1,391",100.00%,32,100.00%,965,100.00%,"1,176",100.00%,"1,547",100.00%,"1,389",100.00%,"2,617",100.00%,"2,823",100.00%,"3,760",100.00%,"5,361",100.00%,"2,637",100.00%,"2,894",100.00%,676,100.00%,"2,325",100.00%,"2,050",100.00%,"2,617",100.00%,"1,242",100.00%,"1,195",100.00%,"1,982",100.00%,"2,304",100.00%,"1,453",100.00%,"1,601",100.00%,"1,001",100.00%,526,100.00%,"1,367",100.00%,"1,265",100.00%,927,100.00%,"1,709",100.00%,"2,708",100.00%,"1,283",100.00%,"1,428",100.00%,"1,331",100.00%,"1,928",100.00%,924,100.00%,"1,140",100.00%,"1,385",100.00%,"1,358",100.00%,"1,940",100.00%,"1,731",100.00%,"1,308",100.00%,"1,185",100.00%,742,100.00%,"1,514",100.00%,"1,412",100.00%,889,100.00%,"1,849",100.00%,768,100.00%,940,100.00%,"2,499",100.00%,"2,055",100.00%,"1,880",100.00%,"2,329",100.00%,"2,148",100.00%,"2,128",100.00%,"1,924",100.00%,"1,440",100.00%,"1,110",100.00%,"2,154",100.00%,"1,797",100.00%,"1,389",100.00%,"1,658",100.00%,"2,055",100.00%,358,100.00%,"1,056",100.00%,"1,388",100.00%,916,100.00%,"1,537",100.00%,"1,079",100.00%,"1,485",100.00%,"2,677",100.00%,"1,728",100.00%,"1,832",100.00%,"1,569",100.00%,"1,256",100.00%,"1,749",100.00%,"2,520",100.00%,"1,986",100.00%,"1,368",100.00%,"1,259",100.00%,"1,610",100.00%,"1,672",100.00%,"1,398",100.00%,"1,755",100.00%,"1,332",100.00%,617,100.00%,"1,152",100.00%,"1,247",100.00%,"1,634",100.00%,"1,814",100.00%,"1,135",100.00%,"1,016",100.00%,928,100.00%,"1,427",100.00%,"1,085",100.00%,884,100.00%,"2,546",100.00%,"2,666",100.00%,"1,909",100.00%,"1,217",100.00%,"2,177",100.00%,"1,400",100.00%,"2,380",100.00%,"1,449",100.00%,"1,539",100.00%,"2,427",100.00%,934,100.00%,"1,199",100.00%,747,100.00%,"2,192",100.00%,"1,717",100.00%,"2,297",100.00%,"2,250",100.00%,"2,078",100.00%,"2,267",100.00%,"1,715",100.00%,"1,584",100.00%,"2,778",100.00%,"2,428",100.00%,"1,825",100.00%,"1,809",100.00%,"2,374",100.00%,3,100.00%
        Married couple household,385,45.50%,602,45.30%,693,33.30%,580,36.50%,649,45.70%,650,41.40%,881,39.60%,500,35.00%,594,34.40%,"1,252",42.90%,333,42.50%,822,40.20%,337,42.20%,142,26.60%,328,29.80%,525,33.80%,735,38.90%,578,37.90%,429,32.00%,268,38.60%,379,31.20%,347,33.40%,426,35.30%,553,40.80%,767,40.30%,807,35.20%,607,39.80%,371,28.50%,536,34.40%,435,33.40%,364,33.60%,745,40.10%,314,24.90%,308,34.70%,619,33.80%,562,31.20%,277,26.60%,216,19.90%,443,27.40%,250,28.60%,398,27.70%,670,39.90%,508,35.10%,446,24.90%,301,26.00%,"1,159",42.70%,269,24.50%,483,35.60%,455,22.70%,364,47.60%,513,44.00%,623,37.00%,397,23.10%,638,45.70%,324,26.60%,413,27.30%,543,30.90%,570,35.20%,326,30.40%,182,43.40%,293,20.60%,353,25.40%,13,40.60%,277,28.70%,444,37.80%,481,31.10%,636,45.80%,981,37.50%,"1,355",48.00%,"1,488",39.60%,"1,993",37.20%,"1,085",41.10%,"1,129",39.00%,212,31.40%,927,39.90%,480,23.40%,"1,038",39.70%,561,45.20%,471,39.40%,866,43.70%,968,42.00%,412,28.40%,642,40.10%,395,39.50%,208,39.50%,582,42.60%,369,29.20%,386,41.60%,666,39.00%,"1,244",45.90%,456,35.50%,624,43.70%,583,43.80%,642,33.30%,396,42.90%,674,59.10%,714,51.60%,651,47.90%,850,43.80%,817,47.20%,625,47.80%,535,45.10%,358,48.20%,626,41.30%,622,44.10%,358,40.30%,746,40.30%,295,38.40%,356,37.90%,855,34.20%,723,35.20%,744,39.60%,875,37.60%,771,35.90%,826,38.80%,869,45.20%,676,46.90%,536,48.30%,892,41.40%,410,22.80%,583,42.00%,674,40.70%,673,32.70%,154,43.00%,456,43.20%,541,39.00%,366,40.00%,450,29.30%,400,37.10%,602,40.50%,895,33.40%,590,34.10%,689,37.60%,520,33.10%,459,36.50%,804,46.00%,837,33.20%,761,38.30%,500,36.50%,441,35.00%,553,34.30%,619,37.00%,469,33.50%,597,34.00%,451,33.90%,224,36.30%,389,33.80%,403,32.30%,547,33.50%,683,37.70%,377,33.20%,330,32.50%,307,33.10%,480,33.60%,362,33.40%,269,30.40%,897,35.20%,"1,137",42.60%,585,30.60%,442,36.30%,838,38.50%,669,47.80%,"1,174",49.30%,490,33.80%,707,45.90%,909,37.50%,273,29.20%,401,33.40%,211,28.20%,593,27.10%,464,27.00%,765,33.30%,427,19.00%,557,26.80%,976,43.10%,404,23.60%,328,20.70%,"1,361",49.00%,"1,123",46.30%,820,44.90%,946,52.30%,848,35.70%,0,0.00%
            With own children under 18 [3],189,22.30%,255,19.20%,294,14.10%,258,16.20%,313,22.10%,315,20.10%,402,18.10%,214,15.00%,231,13.40%,597,20.50%,160,20.40%,392,19.20%,170,21.30%,56,10.50%,137,12.40%,243,15.70%,337,17.80%,324,21.20%,120,8.90%,117,16.90%,168,13.80%,132,12.70%,163,13.50%,242,17.80%,397,20.90%,364,15.90%,276,18.10%,171,13.10%,198,12.70%,237,18.20%,136,12.60%,337,18.10%,148,11.70%,141,15.90%,307,16.80%,276,15.30%,130,12.50%,95,8.80%,204,12.60%,100,11.40%,157,10.90%,336,20.00%,227,15.70%,177,9.90%,144,12.40%,540,19.90%,96,8.70%,214,15.80%,211,10.50%,177,23.10%,210,18.00%,215,12.80%,162,9.40%,263,18.90%,118,9.70%,128,8.50%,205,11.70%,218,13.40%,157,14.60%,85,20.30%,167,11.80%,160,11.50%,9,28.10%,104,10.80%,167,14.20%,186,12.00%,337,24.30%,342,13.10%,597,21.10%,637,16.90%,647,12.10%,370,14.00%,424,14.70%,54,8.00%,401,17.20%,163,8.00%,437,16.70%,258,20.80%,219,18.30%,398,20.10%,376,16.30%,154,10.60%,306,19.10%,182,18.20%,99,18.80%,250,18.30%,152,12.00%,199,21.50%,333,19.50%,557,20.60%,228,17.80%,273,19.10%,216,16.20%,268,13.90%,140,15.20%,258,22.60%,273,19.70%,292,21.50%,332,17.10%,337,19.50%,284,21.70%,252,21.30%,169,22.80%,255,16.80%,217,15.40%,153,17.20%,315,17.00%,146,19.00%,176,18.70%,260,10.40%,240,11.70%,308,16.40%,257,11.00%,232,10.80%,337,15.80%,364,18.90%,301,20.90%,222,20.00%,395,18.30%,123,6.80%,252,18.10%,285,17.20%,262,12.70%,47,13.10%,175,16.60%,137,9.90%,179,19.50%,173,11.30%,190,17.60%,224,15.10%,382,14.30%,256,14.80%,284,15.50%,234,14.90%,214,17.00%,319,18.20%,263,10.40%,395,19.90%,221,16.20%,231,18.30%,264,16.40%,249,14.90%,181,12.90%,245,14.00%,206,15.50%,109,17.70%,191,16.60%,177,14.20%,272,16.60%,313,17.30%,160,14.10%,120,11.80%,148,15.90%,240,16.80%,181,16.70%,101,11.40%,396,15.60%,396,14.90%,236,12.40%,191,15.70%,308,14.10%,325,23.20%,609,25.60%,254,17.50%,366,23.80%,426,17.60%,136,14.60%,167,13.90%,89,11.90%,222,10.10%,180,10.50%,364,15.80%,177,7.90%,220,10.60%,518,22.80%,138,8.00%,126,8.00%,572,20.60%,484,19.90%,290,15.90%,476,26.30%,396,16.70%,0,0.00%
        Cohabiting couple household,53,6.30%,84,6.30%,167,8.00%,137,8.60%,90,6.30%,114,7.30%,144,6.50%,142,9.90%,187,10.80%,84,2.90%,38,4.80%,145,7.10%,38,4.80%,38,7.10%,122,11.10%,145,9.30%,111,5.90%,67,4.40%,145,10.80%,27,3.90%,75,6.20%,146,14.00%,165,13.70%,177,13.00%,99,5.20%,132,5.80%,104,6.80%,70,5.40%,132,8.50%,95,7.30%,139,12.80%,135,7.30%,104,8.20%,70,7.90%,112,6.10%,151,8.40%,73,7.00%,66,6.10%,120,7.40%,86,9.80%,185,12.90%,111,6.60%,95,6.60%,96,5.40%,91,7.90%,133,4.90%,71,6.50%,91,6.70%,158,7.90%,61,8.00%,43,3.70%,101,6.00%,131,7.60%,75,5.40%,73,6.00%,83,5.50%,125,7.10%,206,12.70%,126,11.80%,13,3.10%,84,5.90%,98,7.00%,1,3.10%,77,8.00%,150,12.80%,156,10.10%,136,9.80%,475,18.20%,305,10.80%,356,9.50%,778,14.50%,258,9.80%,166,5.70%,76,11.20%,159,6.80%,256,12.50%,154,5.90%,70,5.60%,79,6.60%,142,7.20%,139,6.00%,60,4.10%,136,8.50%,59,5.90%,35,6.70%,98,7.20%,75,5.90%,66,7.10%,129,7.50%,155,5.70%,90,7.00%,111,7.80%,84,6.30%,122,6.30%,62,6.70%,57,5.00%,67,4.80%,73,5.40%,125,6.40%,140,8.10%,106,8.10%,83,7.00%,43,5.80%,77,5.10%,120,8.50%,64,7.20%,101,5.50%,59,7.70%,65,6.90%,289,11.60%,227,11.00%,132,7.00%,169,7.30%,154,7.20%,144,6.80%,131,6.80%,86,6.00%,74,6.70%,124,5.80%,64,3.60%,122,8.80%,145,8.70%,154,7.50%,18,5.00%,75,7.10%,98,7.10%,58,6.30%,130,8.50%,78,7.20%,118,7.90%,206,7.70%,148,8.60%,141,7.70%,118,7.50%,122,9.70%,152,8.70%,135,5.40%,208,10.50%,133,9.70%,123,9.80%,153,9.50%,152,9.10%,138,9.90%,152,8.70%,109,8.20%,54,8.80%,114,9.90%,98,7.90%,173,10.60%,166,9.20%,108,9.50%,98,9.60%,94,10.10%,129,9.00%,96,8.80%,84,9.50%,244,9.60%,247,9.30%,140,7.30%,68,5.60%,164,7.50%,167,11.90%,289,12.10%,102,7.00%,208,13.50%,338,13.90%,81,8.70%,121,10.10%,95,12.70%,210,9.60%,196,11.40%,260,11.30%,234,10.40%,232,11.20%,246,10.90%,220,12.80%,154,9.70%,154,5.50%,125,5.10%,73,4.00%,110,6.10%,197,8.30%,1,33.30%
            With own children under 18 [3],27,3.20%,32,2.40%,60,2.90%,31,2.00%,40,2.80%,32,2.00%,61,2.70%,41,2.90%,32,1.90%,8,0.30%,13,1.70%,41,2.00%,11,1.40%,12,2.20%,28,2.50%,42,2.70%,20,1.10%,12,0.80%,5,0.40%,2,0.30%,15,1.20%,6,0.60%,8,0.70%,11,0.80%,37,1.90%,21,0.90%,17,1.10%,15,1.20%,12,0.80%,17,1.30%,16,1.50%,60,3.20%,28,2.20%,19,2.10%,27,1.50%,52,2.90%,21,2.00%,37,3.40%,49,3.00%,38,4.30%,31,2.20%,45,2.70%,45,3.10%,47,2.60%,41,3.50%,37,1.40%,34,3.10%,33,2.40%,69,3.40%,13,1.70%,15,1.30%,40,2.40%,65,3.80%,33,2.40%,28,2.30%,45,3.00%,58,3.30%,13,0.80%,11,1.00%,5,1.20%,33,2.30%,57,4.10%,1,3.10%,12,1.20%,8,0.70%,15,1.00%,10,0.70%,10,0.40%,18,0.60%,12,0.30%,20,0.40%,4,0.20%,7,0.20%,1,0.10%,11,0.50%,15,0.70%,54,2.10%,27,2.20%,28,2.30%,42,2.10%,59,2.60%,13,0.90%,60,3.70%,23,2.30%,16,3.00%,42,3.10%,20,1.60%,30,3.20%,65,3.80%,68,2.50%,28,2.20%,48,3.40%,33,2.50%,46,2.40%,18,1.90%,18,1.60%,20,1.40%,31,2.30%,48,2.50%,61,3.50%,50,3.80%,46,3.90%,24,3.20%,37,2.40%,37,2.60%,28,3.10%,48,2.60%,29,3.80%,32,3.40%,25,1.00%,31,1.50%,61,3.20%,21,0.90%,36,1.70%,57,2.70%,66,3.40%,52,3.60%,47,4.20%,57,2.60%,30,1.70%,62,4.50%,53,3.20%,47,2.30%,4,1.10%,30,2.80%,9,0.60%,33,3.60%,46,3.00%,33,3.10%,10,0.70%,76,2.80%,73,4.20%,56,3.10%,63,4.00%,74,5.90%,8,0.50%,59,2.30%,123,6.20%,62,4.50%,67,5.30%,86,5.30%,88,5.30%,62,4.40%,45,2.60%,48,3.60%,22,3.60%,54,4.70%,53,4.30%,85,5.20%,82,4.50%,53,4.70%,27,2.70%,50,5.40%,73,5.10%,58,5.30%,36,4.10%,89,3.50%,23,0.90%,26,1.40%,12,1.00%,22,1.00%,7,0.50%,12,0.50%,2,0.10%,16,1.00%,11,0.50%,2,0.20%,12,1.00%,4,0.50%,11,0.50%,6,0.30%,17,0.70%,48,2.10%,7,0.30%,17,0.70%,10,0.60%,10,0.60%,32,1.20%,24,1.00%,28,1.50%,14,0.80%,117,4.90%,1,33.30%
"        Male householder, no spouse or partner present:",189,22.30%,287,21.60%,481,23.10%,431,27.10%,318,22.40%,376,23.90%,516,23.20%,348,24.30%,514,29.80%,738,25.30%,173,22.10%,510,24.90%,215,26.90%,138,25.80%,317,28.80%,429,27.60%,521,27.60%,394,25.80%,464,34.60%,226,32.60%,404,33.30%,279,26.80%,312,25.90%,310,22.80%,454,23.80%,574,25.10%,432,28.30%,429,32.90%,428,27.50%,388,29.80%,240,22.20%,389,20.90%,367,29.10%,203,22.90%,462,25.30%,380,21.10%,260,24.90%,244,22.50%,339,21.00%,207,23.70%,383,26.70%,394,23.50%,305,21.10%,427,23.80%,257,22.20%,470,17.30%,204,18.60%,285,21.00%,413,20.60%,140,18.30%,226,19.40%,344,20.40%,374,21.80%,270,19.40%,261,21.40%,369,24.40%,409,23.30%,440,27.10%,217,20.20%,111,26.50%,242,17.00%,264,19.00%,7,21.90%,242,25.10%,318,27.00%,510,33.00%,332,23.90%,608,23.20%,653,23.10%,873,23.20%,"1,378",25.70%,768,29.10%,805,27.80%,214,31.70%,637,27.40%,596,29.10%,602,23.00%,240,19.30%,241,20.20%,406,20.50%,467,20.30%,333,22.90%,311,19.40%,205,20.50%,89,16.90%,292,21.40%,420,33.20%,184,19.80%,377,22.10%,502,18.50%,278,21.70%,266,18.60%,269,20.20%,415,21.50%,191,20.70%,153,13.40%,215,15.50%,247,18.20%,361,18.60%,329,19.00%,243,18.60%,252,21.30%,132,17.80%,357,23.60%,298,21.10%,201,22.60%,391,21.10%,192,25.00%,279,29.70%,745,29.80%,591,28.80%,443,23.60%,492,21.10%,511,23.80%,489,23.00%,423,22.00%,282,19.60%,191,17.20%,424,19.70%,370,20.60%,318,22.90%,365,22.00%,452,22.00%,70,19.60%,220,20.80%,298,21.50%,200,21.80%,388,25.20%,249,23.10%,332,22.40%,689,25.70%,405,23.40%,388,21.20%,327,20.80%,288,22.90%,395,22.60%,435,17.30%,426,21.50%,295,21.60%,291,23.10%,389,24.20%,314,18.80%,315,22.50%,436,24.80%,265,19.90%,131,21.20%,304,26.40%,286,22.90%,362,22.20%,346,19.10%,258,22.70%,252,24.80%,198,21.30%,304,21.30%,218,20.10%,211,23.90%,541,21.20%,652,24.50%,453,23.70%,311,25.60%,498,22.90%,298,21.30%,406,17.10%,337,23.30%,254,16.50%,552,22.70%,273,29.20%,307,25.60%,204,27.30%,596,27.20%,494,28.80%,609,26.50%,621,27.60%,586,28.20%,553,24.40%,500,29.20%,547,34.50%,465,16.70%,458,18.90%,364,19.90%,359,19.80%,506,21.30%,2,66.70%
            Living alone,89,10.50%,142,10.70%,281,13.50%,276,17.40%,172,12.10%,214,13.60%,295,13.30%,217,15.20%,279,16.20%,442,15.20%,76,9.70%,272,13.30%,105,13.20%,62,11.60%,205,18.60%,257,16.60%,261,13.80%,206,13.50%,344,25.70%,123,17.70%,281,23.10%,197,18.90%,216,17.90%,238,17.50%,206,10.80%,402,17.50%,293,19.20%,297,22.80%,338,21.70%,240,18.40%,179,16.50%,194,10.40%,242,19.20%,135,15.20%,315,17.20%,214,11.90%,151,14.50%,177,16.30%,206,12.70%,107,12.20%,250,17.40%,228,13.60%,169,11.70%,263,14.70%,152,13.10%,291,10.70%,106,9.60%,167,12.30%,230,11.50%,108,14.10%,110,9.40%,174,10.30%,213,12.40%,150,10.80%,133,10.90%,211,14.00%,249,14.20%,306,18.90%,167,15.60%,40,9.50%,150,10.60%,147,10.60%,5,15.60%,166,17.20%,212,18.00%,373,24.10%,222,16.00%,468,17.90%,518,18.30%,686,18.20%,"1,002",18.70%,554,21.00%,446,15.40%,129,19.10%,377,16.20%,306,14.90%,411,15.70%,153,12.30%,144,12.10%,260,13.10%,336,14.60%,291,20.00%,202,12.60%,121,12.10%,49,9.30%,174,12.70%,315,24.90%,119,12.80%,221,12.90%,274,10.10%,178,13.90%,149,10.40%,171,12.80%,297,15.40%,136,14.70%,91,8.00%,107,7.70%,123,9.10%,211,10.90%,169,9.80%,123,9.40%,117,9.90%,54,7.30%,169,11.20%,168,11.90%,63,7.10%,188,10.20%,85,11.10%,130,13.80%,511,20.40%,388,18.90%,231,12.30%,389,16.70%,326,15.20%,258,12.10%,186,9.70%,131,9.10%,69,6.20%,231,10.70%,286,15.90%,137,9.90%,213,12.80%,266,12.90%,41,11.50%,126,11.90%,230,16.60%,99,10.80%,231,15.00%,116,10.80%,251,16.90%,421,15.70%,229,13.30%,189,10.30%,163,10.40%,128,10.20%,301,17.20%,281,11.20%,205,10.30%,154,11.30%,149,11.80%,181,11.20%,172,10.30%,161,11.50%,260,14.80%,126,9.50%,76,12.30%,143,12.40%,175,14.00%,157,9.60%,167,9.20%,141,12.40%,177,17.40%,97,10.50%,157,11.00%,120,11.10%,133,15.00%,331,13.00%,508,19.10%,323,16.90%,185,15.20%,304,14.00%,194,13.90%,337,14.20%,204,14.10%,156,10.10%,306,12.60%,205,21.90%,215,17.90%,123,16.50%,370,16.90%,332,19.30%,415,18.10%,381,16.90%,392,18.90%,303,13.40%,310,18.10%,362,22.90%,312,11.20%,336,13.80%,234,12.80%,189,10.40%,255,10.70%,2,66.70%
                65 years and over,22,2.60%,20,1.50%,81,3.90%,30,1.90%,33,2.30%,22,1.40%,47,2.10%,47,3.30%,41,2.40%,187,6.40%,20,2.60%,30,1.50%,13,1.60%,13,2.40%,28,2.50%,28,1.80%,34,1.80%,42,2.80%,22,1.60%,15,2.20%,50,4.10%,19,1.80%,14,1.20%,14,1.00%,41,2.20%,91,4.00%,43,2.80%,81,6.20%,50,3.20%,34,2.60%,12,1.10%,42,2.30%,36,2.90%,28,3.20%,42,2.30%,42,2.30%,33,3.20%,73,6.70%,38,2.30%,22,2.50%,20,1.40%,50,3.00%,35,2.40%,73,4.10%,32,2.80%,90,3.30%,28,2.50%,51,3.80%,55,2.70%,13,1.70%,32,2.70%,45,2.70%,41,2.40%,26,1.90%,23,1.90%,87,5.80%,99,5.60%,32,2.00%,16,1.50%,13,3.10%,39,2.70%,29,2.10%,0,0.00%,39,4.00%,18,1.50%,50,3.20%,27,1.90%,14,0.50%,18,0.60%,104,2.80%,20,0.40%,19,0.70%,24,0.80%,3,0.40%,16,0.70%,38,1.90%,108,4.10%,43,3.50%,23,1.90%,60,3.00%,92,4.00%,137,9.40%,38,2.40%,27,2.70%,15,2.90%,45,3.30%,88,7.00%,25,2.70%,63,3.70%,88,3.20%,56,4.40%,40,2.80%,43,3.20%,66,3.40%,39,4.20%,37,3.20%,36,2.60%,32,2.40%,83,4.30%,39,2.30%,28,2.10%,31,2.60%,9,1.20%,41,2.70%,37,2.60%,4,0.40%,47,2.50%,16,2.10%,25,2.70%,19,0.80%,34,1.70%,62,3.30%,87,3.70%,84,3.90%,53,2.50%,51,2.70%,34,2.40%,21,1.90%,75,3.50%,181,10.10%,15,1.10%,42,2.50%,75,3.60%,20,5.60%,31,2.90%,64,4.60%,29,3.20%,64,4.20%,26,2.40%,57,3.80%,75,2.80%,52,3.00%,87,4.70%,39,2.50%,18,1.40%,19,1.10%,95,3.80%,44,2.20%,27,2.00%,44,3.50%,52,3.20%,36,2.20%,57,4.10%,52,3.00%,25,1.90%,21,3.40%,27,2.30%,64,5.10%,31,1.90%,28,1.50%,16,1.40%,34,3.30%,28,3.00%,35,2.50%,35,3.20%,24,2.70%,63,2.50%,48,1.80%,50,2.60%,38,3.10%,60,2.80%,17,1.20%,24,1.00%,57,3.90%,7,0.50%,12,0.50%,16,1.70%,28,2.30%,12,1.60%,43,2.00%,37,2.20%,45,2.00%,38,1.70%,84,4.00%,15,0.70%,42,2.40%,45,2.80%,80,2.90%,105,4.30%,90,4.90%,26,1.40%,94,4.00%,1,33.30%
            With own children under 18 [3],18,2.10%,39,2.90%,46,2.20%,26,1.60%,25,1.80%,27,1.70%,39,1.80%,28,2.00%,37,2.10%,27,0.90%,23,2.90%,41,2.00%,16,2.00%,13,2.40%,13,1.20%,28,1.80%,51,2.70%,30,2.00%,14,1.00%,14,2.00%,8,0.70%,13,1.30%,20,1.70%,16,1.20%,42,2.20%,19,0.80%,17,1.10%,23,1.80%,7,0.40%,36,2.80%,8,0.70%,51,2.70%,28,2.20%,7,0.80%,19,1.00%,36,2.00%,21,2.00%,21,1.90%,37,2.30%,23,2.60%,33,2.30%,36,2.10%,37,2.60%,55,3.10%,37,3.20%,42,1.50%,26,2.40%,37,2.70%,52,2.60%,12,1.60%,32,2.70%,52,3.10%,48,2.80%,30,2.20%,22,1.80%,51,3.40%,39,2.20%,17,1.00%,6,0.60%,14,3.30%,31,2.20%,40,2.90%,0,0.00%,13,1.30%,9,0.80%,7,0.50%,9,0.60%,20,0.80%,37,1.30%,19,0.50%,74,1.40%,60,2.30%,20,0.70%,2,0.30%,29,1.20%,64,3.10%,54,2.10%,22,1.80%,19,1.60%,35,1.80%,36,1.60%,4,0.30%,21,1.30%,18,1.80%,17,3.20%,39,2.90%,21,1.70%,21,2.30%,40,2.30%,61,2.30%,21,1.60%,28,2.00%,20,1.50%,27,1.40%,13,1.40%,17,1.50%,16,1.20%,32,2.40%,33,1.70%,35,2.00%,30,2.30%,31,2.60%,19,2.60%,54,3.60%,30,2.10%,30,3.40%,37,2.00%,18,2.30%,21,2.20%,31,1.20%,35,1.70%,53,2.80%,22,0.90%,49,2.30%,57,2.70%,79,4.10%,22,1.50%,33,3.00%,46,2.10%,25,1.40%,37,2.70%,39,2.40%,31,1.50%,8,2.20%,28,2.70%,24,1.70%,32,3.50%,44,2.90%,38,3.50%,19,1.30%,69,2.60%,40,2.30%,53,2.90%,30,1.90%,36,2.90%,14,0.80%,23,0.90%,41,2.10%,28,2.00%,38,3.00%,40,2.50%,16,1.00%,31,2.20%,41,2.30%,27,2.00%,11,1.80%,34,3.00%,23,1.80%,39,2.40%,31,1.70%,27,2.40%,17,1.70%,22,2.40%,31,2.20%,26,2.40%,19,2.10%,58,2.30%,49,1.80%,27,1.40%,28,2.30%,26,1.20%,36,2.60%,17,0.70%,7,0.50%,12,0.80%,24,1.00%,8,0.90%,10,0.80%,7,0.90%,23,1.00%,27,1.60%,27,1.20%,35,1.60%,13,0.60%,36,1.60%,26,1.50%,25,1.60%,37,1.30%,31,1.30%,31,1.70%,31,1.70%,72,3.00%,0,0.00%
"        Female householder, no spouse or partner present:",220,26.00%,357,26.80%,738,35.50%,441,27.80%,362,25.50%,430,27.40%,684,30.70%,440,30.80%,430,24.90%,843,28.90%,240,30.60%,569,27.80%,208,26.10%,216,40.40%,334,30.30%,453,29.20%,521,27.60%,486,31.90%,303,22.60%,173,24.90%,357,29.40%,268,25.80%,303,25.10%,317,23.40%,584,30.70%,778,34.00%,384,25.10%,433,33.20%,462,29.70%,386,29.60%,339,31.30%,589,31.70%,476,37.70%,307,34.60%,636,34.80%,708,39.30%,433,41.50%,559,51.50%,716,44.30%,332,37.90%,469,32.70%,505,30.10%,540,37.30%,824,46.00%,509,44.00%,952,35.10%,555,50.50%,497,36.70%,978,48.80%,200,26.10%,383,32.90%,618,36.70%,814,47.40%,412,29.50%,559,45.90%,646,42.80%,681,38.70%,405,25.00%,403,37.60%,113,27.00%,801,56.40%,676,48.60%,11,34.40%,369,38.20%,264,22.40%,400,25.90%,285,20.50%,553,21.10%,510,18.10%,"1,043",27.70%,"1,212",22.60%,526,19.90%,794,27.40%,174,25.70%,602,25.90%,718,35.00%,823,31.40%,371,29.90%,404,33.80%,568,28.70%,730,31.70%,648,44.60%,512,32.00%,342,34.20%,194,36.90%,395,28.90%,401,31.70%,291,31.40%,537,31.40%,807,29.80%,459,35.80%,427,29.90%,395,29.70%,749,38.80%,275,29.80%,256,22.50%,389,28.10%,387,28.50%,604,31.10%,445,25.70%,334,25.50%,315,26.60%,209,28.20%,454,30.00%,372,26.30%,266,29.90%,611,33.00%,222,28.90%,240,25.50%,610,24.40%,514,25.00%,561,29.80%,793,34.00%,712,33.10%,669,31.40%,501,26.00%,396,27.50%,309,27.80%,714,33.10%,953,53.00%,366,26.30%,474,28.60%,776,37.80%,116,32.40%,305,28.90%,451,32.50%,292,31.90%,569,37.00%,352,32.60%,433,29.20%,887,33.10%,585,33.90%,614,33.50%,604,38.50%,387,30.80%,398,22.80%,"1,113",44.20%,591,29.80%,440,32.20%,404,32.10%,515,32.00%,587,35.10%,476,34.00%,570,32.50%,507,38.10%,208,33.70%,345,29.90%,460,36.90%,552,33.80%,619,34.10%,392,34.50%,336,33.10%,329,35.50%,514,36.00%,409,37.70%,320,36.20%,864,33.90%,630,23.60%,731,38.30%,396,32.50%,677,31.10%,266,19.00%,511,21.50%,520,35.90%,370,24.00%,628,25.90%,307,32.90%,370,30.90%,237,31.70%,793,36.20%,563,32.80%,663,28.90%,968,43.00%,703,33.80%,492,21.70%,591,34.50%,555,35.00%,798,28.70%,722,29.70%,568,31.10%,394,21.80%,823,34.70%,0,0.00%
            Living alone,81,9.60%,140,10.50%,355,17.10%,213,13.40%,165,11.60%,180,11.50%,334,15.00%,207,14.50%,225,13.00%,525,18.00%,98,12.50%,252,12.30%,96,12.00%,100,18.70%,166,15.10%,214,13.80%,223,11.80%,205,13.40%,200,14.90%,111,16.00%,236,19.40%,175,16.80%,175,14.50%,214,15.80%,224,11.80%,480,21.00%,220,14.40%,250,19.20%,329,21.10%,183,14.00%,200,18.50%,197,10.60%,216,17.10%,135,15.20%,318,17.40%,264,14.70%,185,17.70%,248,22.90%,247,15.30%,125,14.30%,230,16.00%,199,11.80%,162,11.20%,315,17.60%,143,12.30%,472,17.40%,184,16.70%,170,12.50%,358,17.90%,132,17.30%,151,13.00%,224,13.30%,251,14.60%,149,10.70%,182,15.00%,296,19.60%,313,17.80%,277,17.10%,230,21.50%,43,10.30%,295,20.80%,163,11.70%,3,9.40%,212,22.00%,175,14.90%,244,15.80%,197,14.20%,438,16.70%,388,13.70%,810,21.50%,812,15.10%,344,13.00%,386,13.30%,86,12.70%,334,14.40%,427,20.80%,405,15.50%,166,13.40%,193,16.20%,279,14.10%,417,18.10%,458,31.50%,247,15.40%,144,14.40%,91,17.30%,172,12.60%,241,19.10%,124,13.40%,206,12.10%,364,13.40%,222,17.30%,210,14.70%,219,16.50%,312,16.20%,145,15.70%,115,10.10%,142,10.30%,158,11.60%,317,16.30%,164,9.50%,101,7.70%,94,7.90%,70,9.40%,147,9.70%,143,10.10%,77,8.70%,244,13.20%,84,10.90%,86,9.10%,400,16.00%,326,15.90%,265,14.10%,608,26.10%,426,19.80%,284,13.30%,174,9.00%,131,9.10%,94,8.50%,322,14.90%,651,36.20%,123,8.90%,147,8.90%,360,17.50%,63,17.60%,112,10.60%,326,23.50%,97,10.60%,321,20.90%,124,11.50%,346,23.30%,466,17.40%,245,14.20%,299,16.30%,246,15.70%,139,11.10%,271,15.50%,709,28.10%,205,10.30%,160,11.70%,131,10.40%,190,11.80%,228,13.60%,212,15.20%,268,15.30%,185,13.90%,72,11.70%,104,9.00%,222,17.80%,171,10.50%,216,11.90%,125,11.00%,186,18.30%,121,13.00%,158,11.10%,142,13.10%,136,15.40%,387,15.20%,449,16.80%,420,22.00%,218,17.90%,400,18.40%,186,13.30%,408,17.10%,279,19.30%,191,12.40%,340,14.00%,179,19.20%,235,19.60%,134,17.90%,480,21.90%,375,21.80%,420,18.30%,456,20.30%,433,20.80%,274,12.10%,386,22.50%,337,21.30%,428,15.40%,467,19.20%,298,16.30%,184,10.20%,410,17.30%,0,0.00%
                65 years and over,27,3.20%,59,4.40%,201,9.70%,62,3.90%,64,4.50%,64,4.10%,104,4.70%,59,4.10%,31,1.80%,314,10.80%,32,4.10%,65,3.20%,38,4.80%,46,8.60%,43,3.90%,65,4.20%,46,2.40%,48,3.10%,31,2.30%,29,4.20%,62,5.10%,40,3.80%,24,2.00%,29,2.10%,63,3.30%,243,10.60%,62,4.10%,133,10.20%,56,3.60%,26,2.00%,57,5.30%,46,2.50%,59,4.70%,29,3.30%,103,5.60%,52,2.90%,48,4.60%,147,13.50%,86,5.30%,47,5.40%,36,2.50%,62,3.70%,59,4.10%,145,8.10%,65,5.60%,187,6.90%,83,7.60%,66,4.90%,183,9.10%,38,5.00%,65,5.60%,115,6.80%,95,5.50%,80,5.70%,81,6.70%,155,10.30%,161,9.20%,36,2.20%,40,3.70%,22,5.30%,153,10.80%,49,3.50%,1,3.10%,84,8.70%,19,1.60%,36,2.30%,45,3.20%,20,0.80%,27,1.00%,259,6.90%,25,0.50%,9,0.30%,34,1.20%,4,0.60%,21,0.90%,137,6.70%,174,6.60%,79,6.40%,94,7.90%,122,6.20%,181,7.90%,308,21.20%,126,7.90%,57,5.70%,46,8.70%,67,4.90%,112,8.90%,42,4.50%,63,3.70%,162,6.00%,102,8.00%,93,6.50%,118,8.90%,151,7.80%,60,6.50%,63,5.50%,71,5.10%,65,4.80%,180,9.30%,73,4.20%,59,4.50%,40,3.40%,33,4.40%,57,3.80%,43,3.00%,28,3.10%,117,6.30%,39,5.10%,36,3.80%,32,1.30%,44,2.10%,146,7.80%,176,7.60%,174,8.10%,102,4.80%,72,3.70%,68,4.70%,54,4.90%,220,10.20%,497,27.70%,36,2.60%,67,4.00%,177,8.60%,24,6.70%,51,4.80%,133,9.60%,32,3.50%,144,9.40%,56,5.20%,124,8.40%,161,6.00%,99,5.70%,184,10.00%,114,7.30%,61,4.90%,9,0.50%,458,18.20%,74,3.70%,61,4.50%,75,6.00%,73,4.50%,109,6.50%,117,8.40%,85,4.80%,81,6.10%,27,4.40%,51,4.40%,135,10.80%,60,3.70%,90,5.00%,55,4.80%,76,7.50%,74,8.00%,79,5.50%,62,5.70%,31,3.50%,121,4.80%,47,1.80%,153,8.00%,74,6.10%,139,6.40%,30,2.10%,20,0.80%,105,7.20%,17,1.10%,47,1.90%,36,3.90%,26,2.20%,22,2.90%,98,4.50%,49,2.90%,121,5.30%,107,4.80%,165,7.90%,23,1.00%,149,8.70%,82,5.20%,191,6.90%,250,10.30%,186,10.20%,40,2.20%,281,11.80%,0,0.00%
            With own children under 18 [3],55,6.50%,73,5.50%,151,7.30%,74,4.70%,59,4.20%,88,5.60%,145,6.50%,98,6.90%,71,4.10%,86,2.90%,34,4.30%,87,4.30%,30,3.80%,36,6.70%,57,5.20%,97,6.30%,130,6.90%,148,9.70%,17,1.30%,16,2.30%,29,2.40%,15,1.40%,23,1.90%,26,1.90%,173,9.10%,70,3.10%,27,1.80%,69,5.30%,50,3.20%,66,5.10%,59,5.50%,160,8.60%,118,9.40%,66,7.40%,129,7.10%,205,11.40%,106,10.20%,167,15.40%,195,12.10%,80,9.10%,89,6.20%,122,7.30%,170,11.70%,235,13.10%,186,16.10%,176,6.50%,205,18.70%,138,10.20%,312,15.60%,23,3.00%,85,7.30%,155,9.20%,244,14.20%,98,7.00%,156,12.80%,185,12.20%,164,9.30%,23,1.40%,72,6.70%,15,3.60%,271,19.10%,269,19.30%,7,21.90%,51,5.30%,11,0.90%,33,2.10%,20,1.40%,29,1.10%,37,1.30%,68,1.80%,103,1.90%,52,2.00%,35,1.20%,4,0.60%,48,2.10%,90,4.40%,187,7.10%,87,7.00%,85,7.10%,97,4.90%,125,5.40%,55,3.80%,117,7.30%,71,7.10%,65,12.40%,103,7.50%,70,5.50%,73,7.90%,155,9.10%,164,6.10%,120,9.40%,80,5.60%,68,5.10%,207,10.70%,47,5.10%,46,4.00%,82,5.90%,85,6.30%,97,5.00%,128,7.40%,99,7.60%,91,7.70%,51,6.90%,115,7.60%,97,6.90%,78,8.80%,148,8.00%,63,8.20%,77,8.20%,36,1.40%,58,2.80%,80,4.30%,50,2.10%,74,3.40%,146,6.90%,129,6.70%,102,7.10%,73,6.60%,156,7.20%,129,7.20%,88,6.30%,123,7.40%,137,6.70%,18,5.00%,77,7.30%,28,2.00%,83,9.10%,95,6.20%,95,8.80%,18,1.20%,151,5.60%,143,8.30%,134,7.30%,132,8.40%,99,7.90%,40,2.30%,136,5.40%,148,7.50%,113,8.30%,121,9.60%,138,8.60%,124,7.40%,98,7.00%,118,6.70%,119,8.90%,66,10.70%,99,8.60%,114,9.10%,179,11.00%,169,9.30%,117,10.30%,49,4.80%,88,9.50%,192,13.50%,110,10.10%,72,8.10%,203,8.00%,78,2.90%,124,6.50%,55,4.50%,99,4.50%,35,2.50%,35,1.50%,43,3.00%,39,2.50%,54,2.20%,28,3.00%,14,1.20%,12,1.60%,52,2.40%,35,2.00%,71,3.10%,215,9.60%,19,0.90%,35,1.50%,37,2.20%,48,3.00%,133,4.80%,80,3.30%,74,4.10%,64,3.50%,168,7.10%,0,0.00%
        Households with individuals under 18 years,324,38.30%,459,34.50%,613,29.50%,437,27.50%,468,33.00%,527,33.60%,704,31.60%,444,31.00%,405,23.50%,760,26.10%,260,33.20%,620,30.30%,255,32.00%,139,26.00%,259,23.50%,456,29.40%,582,30.80%,550,36.10%,172,12.80%,161,23.20%,252,20.70%,171,16.40%,227,18.80%,310,22.80%,708,37.20%,524,22.90%,373,24.40%,312,23.90%,278,17.80%,402,30.80%,247,22.80%,683,36.80%,376,29.80%,267,30.10%,528,28.90%,652,36.20%,319,30.60%,372,34.30%,563,34.80%,282,32.20%,360,25.10%,603,35.90%,556,38.40%,606,33.80%,471,40.70%,889,32.80%,446,40.60%,492,36.30%,750,37.40%,239,31.20%,391,33.60%,548,32.50%,637,37.10%,475,34.10%,382,31.40%,471,31.20%,581,33.00%,284,17.50%,269,25.10%,139,33.20%,561,39.50%,602,43.30%,20,62.50%,204,21.10%,203,17.30%,266,17.20%,382,27.50%,408,15.60%,708,25.10%,754,20.10%,871,16.20%,499,18.90%,513,17.70%,65,9.60%,499,21.50%,351,17.10%,797,30.50%,437,35.20%,393,32.90%,624,31.50%,655,28.40%,254,17.50%,560,35.00%,330,33.00%,202,38.40%,495,36.20%,299,23.60%,353,38.10%,646,37.80%,934,34.50%,425,33.10%,478,33.50%,382,28.70%,620,32.20%,257,27.80%,371,32.50%,456,32.90%,504,37.10%,580,29.90%,629,36.30%,532,40.70%,489,41.30%,304,41.00%,519,34.30%,438,31.00%,371,41.70%,632,34.20%,292,38.00%,352,37.40%,407,16.30%,422,20.50%,594,31.60%,389,16.70%,480,22.30%,694,32.60%,719,37.40%,565,39.20%,465,41.90%,756,35.10%,368,20.50%,515,37.10%,611,36.90%,575,28.00%,95,26.50%,367,34.80%,228,16.40%,393,42.90%,406,26.40%,422,39.10%,292,19.70%,754,28.20%,584,33.80%,623,34.00%,531,33.80%,499,39.70%,402,23.00%,575,22.80%,807,40.60%,475,34.70%,531,42.20%,612,38.00%,552,33.00%,439,31.40%,513,29.20%,462,34.70%,242,39.20%,443,38.50%,411,33.00%,660,40.40%,711,39.20%,403,35.50%,249,24.50%,352,37.90%,637,44.60%,449,41.40%,270,30.50%,855,33.60%,575,21.60%,474,24.80%,319,26.20%,510,23.40%,419,29.90%,687,28.90%,327,22.60%,454,29.50%,535,22.00%,184,19.70%,217,18.10%,121,16.20%,323,14.70%,264,15.40%,501,21.80%,518,23.00%,278,13.40%,621,27.40%,224,13.10%,224,14.10%,857,30.80%,681,28.00%,505,27.70%,620,34.30%,846,35.60%,1,33.30%
        Households with individuals 65 years and over,189,22.30%,307,23.10%,620,29.80%,285,17.90%,333,23.50%,294,18.70%,467,21.00%,299,20.90%,253,14.70%,893,30.60%,193,24.60%,382,18.70%,161,20.20%,140,26.20%,190,17.30%,277,17.80%,305,16.20%,265,17.40%,131,9.80%,141,20.30%,199,16.40%,140,13.50%,130,10.80%,120,8.80%,362,19.00%,631,27.50%,304,19.90%,352,27.00%,171,11.00%,189,14.50%,154,14.20%,436,23.50%,235,18.60%,163,18.40%,349,19.10%,358,19.90%,208,19.90%,332,30.60%,367,22.70%,208,23.80%,196,13.70%,385,22.90%,337,23.30%,472,26.30%,277,23.90%,723,26.60%,308,28.00%,366,27.00%,561,28.00%,147,19.20%,348,29.90%,531,31.50%,421,24.50%,427,30.60%,305,25.10%,487,32.20%,577,32.80%,187,11.50%,142,13.20%,135,32.20%,352,24.80%,275,19.80%,5,15.60%,225,23.30%,100,8.50%,218,14.10%,143,10.30%,119,4.50%,192,6.80%,593,15.80%,152,2.80%,116,4.40%,142,4.90%,24,3.60%,125,5.40%,254,12.40%,718,27.40%,360,29.00%,352,29.50%,505,25.50%,666,28.90%,657,45.20%,434,27.10%,257,25.70%,141,26.80%,349,25.50%,343,27.10%,205,22.10%,386,22.60%,779,28.80%,343,26.70%,408,28.60%,412,31.00%,533,27.60%,292,31.60%,404,35.40%,457,33.00%,326,24.00%,664,34.20%,436,25.20%,332,25.40%,322,27.20%,209,28.20%,397,26.20%,315,22.30%,218,24.50%,499,27.00%,164,21.40%,187,19.90%,246,9.80%,309,15.00%,567,30.20%,553,23.70%,661,30.80%,538,25.30%,511,26.60%,430,29.90%,358,32.30%,733,34.00%,949,52.80%,320,23.00%,413,24.90%,616,30.00%,133,37.20%,311,29.50%,436,31.40%,216,23.60%,440,28.60%,290,26.90%,374,25.20%,605,22.60%,372,21.50%,585,31.90%,375,23.90%,286,22.80%,147,8.40%,"1,049",41.60%,427,21.50%,320,23.40%,302,24.00%,368,22.90%,434,26.00%,418,29.90%,401,22.80%,328,24.60%,145,23.50%,244,21.20%,399,32.00%,331,20.30%,434,23.90%,262,23.10%,271,26.70%,245,26.40%,309,21.70%,272,25.10%,184,20.80%,592,23.30%,301,11.30%,448,23.50%,295,24.20%,505,23.20%,129,9.20%,121,5.10%,269,18.60%,93,6.00%,160,6.60%,118,12.60%,124,10.30%,87,11.60%,275,12.50%,193,11.20%,311,13.50%,309,13.70%,387,18.60%,113,5.00%,290,16.90%,233,14.70%,827,29.80%,803,33.10%,703,38.50%,205,11.30%,759,32.00%,1,33.30%
HOUSING OCCUPANCY,,,,,,,,,,,,,,,,,,,,,,,,,,,,,,,,,,,,,,,,,,,,,,,,,,,,,,,,,,,,,,,,,,,,,,,,,,,,,,,,,,,,,,,,,,,,,,,,,,,,,,,,,,,,,,,,,,,,,,,,,,,,,,,,,,,,,,,,,,,,,,,,,,,,,,,,,,,,,,,,,,,,,,,,,,,,,,,,,,,,,,,,,,,,,,,,,,,,,,,,,,,,,,,,,,,,,,,,,,,,,,,,,,,,,,,,,,,,,,,,,,,,,,,,,,,,,,,,,,,,,,,,,,,,,,,,,,,,,,,,,,,,,,,,,,,,,,,,,,,,,,,,,,,,,,,,,,,,,,,,,,,,,,,,,,,,,,,,,,,,,,,,,,,,,,,,,,,,,,,,,,,,,,
    Total housing units,922,100.00%,"1,437",100.00%,"2,232",100.00%,"1,737",100.00%,"1,549",100.00%,"1,720",100.00%,"2,416",100.00%,"1,567",100.00%,"1,913",100.00%,"3,132",100.00%,847,100.00%,"2,252",100.00%,858,100.00%,603,100.00%,"1,237",100.00%,"1,725",100.00%,"2,046",100.00%,"1,669",100.00%,"1,520",100.00%,753,100.00%,"1,363",100.00%,"1,136",100.00%,"1,322",100.00%,"1,486",100.00%,"2,086",100.00%,"2,429",100.00%,"1,685",100.00%,"1,686",100.00%,"1,713",100.00%,"1,421",100.00%,"1,141",100.00%,"1,996",100.00%,"1,375",100.00%,935,100.00%,"1,914",100.00%,"1,948",100.00%,"1,158",100.00%,"1,176",100.00%,"1,745",100.00%,984,100.00%,"1,671",100.00%,"1,827",100.00%,"1,561",100.00%,"1,980",100.00%,"1,282",100.00%,"2,870",100.00%,"1,181",100.00%,"1,437",100.00%,"2,177",100.00%,814,100.00%,"1,231",100.00%,"1,770",100.00%,"1,842",100.00%,"1,473",100.00%,"1,278",100.00%,"1,617",100.00%,"1,932",100.00%,"1,826",100.00%,"1,189",100.00%,447,100.00%,"1,804",100.00%,"1,538",100.00%,40,100.00%,"1,037",100.00%,"1,322",100.00%,"1,731",100.00%,"1,501",100.00%,"2,818",100.00%,"3,335",100.00%,"4,081",100.00%,"5,788",100.00%,"2,813",100.00%,"3,102",100.00%,846,100.00%,"2,771",100.00%,"2,222",100.00%,"2,787",100.00%,"1,334",100.00%,"1,260",100.00%,"2,114",100.00%,"2,434",100.00%,"1,529",100.00%,"1,713",100.00%,"1,062",100.00%,566,100.00%,"1,462",100.00%,"1,396",100.00%,"1,050",100.00%,"1,834",100.00%,"2,863",100.00%,"1,364",100.00%,"1,531",100.00%,"1,403",100.00%,"2,025",100.00%,956,100.00%,"1,185",100.00%,"1,438",100.00%,"1,413",100.00%,"2,035",100.00%,"1,812",100.00%,"1,363",100.00%,"1,232",100.00%,770,100.00%,"1,574",100.00%,"1,614",100.00%,920,100.00%,"1,930",100.00%,804,100.00%,995,100.00%,"2,680",100.00%,"2,185",100.00%,"1,966",100.00%,"2,598",100.00%,"2,266",100.00%,"2,225",100.00%,"2,015",100.00%,"1,521",100.00%,"1,166",100.00%,"2,245",100.00%,"1,843",100.00%,"1,568",100.00%,"1,795",100.00%,"2,272",100.00%,452,100.00%,"1,147",100.00%,"1,453",100.00%,959,100.00%,"1,599",100.00%,"1,131",100.00%,"1,590",100.00%,"2,853",100.00%,"1,823",100.00%,"1,938",100.00%,"1,661",100.00%,"1,334",100.00%,"1,954",100.00%,"2,653",100.00%,"2,068",100.00%,"1,437",100.00%,"1,352",100.00%,"1,718",100.00%,"1,747",100.00%,"1,485",100.00%,"1,909",100.00%,"1,433",100.00%,672,100.00%,"1,210",100.00%,"1,339",100.00%,"1,829",100.00%,"1,984",100.00%,"1,240",100.00%,"1,135",100.00%,"1,016",100.00%,"1,508",100.00%,"1,181",100.00%,966,100.00%,"2,731",100.00%,"3,184",100.00%,"2,131",100.00%,"1,389",100.00%,"2,385",100.00%,"1,497",100.00%,"2,589",100.00%,"1,555",100.00%,"1,587",100.00%,"2,591",100.00%,979,100.00%,"1,322",100.00%,829,100.00%,"2,394",100.00%,"1,871",100.00%,"2,591",100.00%,"2,405",100.00%,"2,180",100.00%,"2,355",100.00%,"1,780",100.00%,"1,677",100.00%,"2,952",100.00%,"2,550",100.00%,"1,912",100.00%,"1,902",100.00%,"2,487",100.00%,4,100.00%
        Occupied housing units,847,91.90%,"1,330",92.60%,"2,079",93.10%,"1,589",91.50%,"1,419",91.60%,"1,570",91.30%,"2,225",92.10%,"1,430",91.30%,"1,725",90.20%,"2,917",93.10%,784,92.60%,"2,046",90.90%,798,93.00%,534,88.60%,"1,101",89.00%,"1,552",90.00%,"1,888",92.30%,"1,525",91.40%,"1,341",88.20%,694,92.20%,"1,215",89.10%,"1,040",91.50%,"1,206",91.20%,"1,357",91.30%,"1,904",91.30%,"2,291",94.30%,"1,527",90.60%,"1,303",77.30%,"1,558",91.00%,"1,304",91.80%,"1,082",94.80%,"1,858",93.10%,"1,261",91.70%,888,95.00%,"1,829",95.60%,"1,801",92.50%,"1,043",90.10%,"1,085",92.30%,"1,618",92.70%,875,88.90%,"1,435",85.90%,"1,680",92.00%,"1,448",92.80%,"1,793",90.60%,"1,158",90.30%,"2,714",94.60%,"1,099",93.10%,"1,356",94.40%,"2,004",92.10%,765,94.00%,"1,165",94.60%,"1,686",95.30%,"1,716",93.20%,"1,395",94.70%,"1,217",95.20%,"1,511",93.40%,"1,758",91.00%,"1,621",88.80%,"1,072",90.20%,419,93.70%,"1,420",78.70%,"1,391",90.40%,32,80.00%,965,93.10%,"1,176",89.00%,"1,547",89.40%,"1,389",92.50%,"2,617",92.90%,"2,823",84.60%,"3,760",92.10%,"5,361",92.60%,"2,637",93.70%,"2,894",93.30%,676,79.90%,"2,325",83.90%,"2,050",92.30%,"2,617",93.90%,"1,242",93.10%,"1,195",94.80%,"1,982",93.80%,"2,304",94.70%,"1,453",95.00%,"1,601",93.50%,"1,001",94.30%,526,92.90%,"1,367",93.50%,"1,265",90.60%,927,88.30%,"1,709",93.20%,"2,708",94.60%,"1,283",94.10%,"1,428",93.30%,"1,331",94.90%,"1,928",95.20%,924,96.70%,"1,140",96.20%,"1,385",96.30%,"1,358",96.10%,"1,940",95.30%,"1,731",95.50%,"1,308",96.00%,"1,185",96.20%,742,96.40%,"1,514",96.20%,"1,412",87.50%,889,96.60%,"1,849",95.80%,768,95.50%,940,94.50%,"2,499",93.20%,"2,055",94.10%,"1,880",95.60%,"2,329",89.60%,"2,148",94.80%,"2,128",95.60%,"1,924",95.50%,"1,440",94.70%,"1,110",95.20%,"2,154",95.90%,"1,797",97.50%,"1,389",88.60%,"1,658",92.40%,"2,055",90.40%,358,79.20%,"1,056",92.10%,"1,388",95.50%,916,95.50%,"1,537",96.10%,"1,079",95.40%,"1,485",93.40%,"2,677",93.80%,"1,728",94.80%,"1,832",94.50%,"1,569",94.50%,"1,256",94.20%,"1,749",89.50%,"2,520",95.00%,"1,986",96.00%,"1,368",95.20%,"1,259",93.10%,"1,610",93.70%,"1,672",95.70%,"1,398",94.10%,"1,755",91.90%,"1,332",93.00%,617,91.80%,"1,152",95.20%,"1,247",93.10%,"1,634",89.30%,"1,814",91.40%,"1,135",91.50%,"1,016",89.50%,928,91.30%,"1,427",94.60%,"1,085",91.90%,884,91.50%,"2,546",93.20%,"2,666",83.70%,"1,909",89.60%,"1,217",87.60%,"2,177",91.30%,"1,400",93.50%,"2,380",91.90%,"1,449",93.20%,"1,539",97.00%,"2,427",93.70%,934,95.40%,"1,199",90.70%,747,90.10%,"2,192",91.60%,"1,717",91.80%,"2,297",88.70%,"2,250",93.60%,"2,078",95.30%,"2,267",96.30%,"1,715",96.30%,"1,584",94.50%,"2,778",94.10%,"2,428",95.20%,"1,825",95.40%,"1,809",95.10%,"2,374",95.50%,3,75.00%
        Vacant housing units,75,8.10%,107,7.40%,153,6.90%,148,8.50%,130,8.40%,150,8.70%,191,7.90%,137,8.70%,188,9.80%,215,6.90%,63,7.40%,206,9.10%,60,7.00%,69,11.40%,136,11.00%,173,10.00%,158,7.70%,144,8.60%,179,11.80%,59,7.80%,148,10.90%,96,8.50%,116,8.80%,129,8.70%,182,8.70%,138,5.70%,158,9.40%,383,22.70%,155,9.00%,117,8.20%,59,5.20%,138,6.90%,114,8.30%,47,5.00%,85,4.40%,147,7.50%,115,9.90%,91,7.70%,127,7.30%,109,11.10%,236,14.10%,147,8.00%,113,7.20%,187,9.40%,124,9.70%,156,5.40%,82,6.90%,81,5.60%,173,7.90%,49,6.00%,66,5.40%,84,4.70%,126,6.80%,78,5.30%,61,4.80%,106,6.60%,174,9.00%,205,11.20%,117,9.80%,28,6.30%,384,21.30%,147,9.60%,8,20.00%,72,6.90%,146,11.00%,184,10.60%,112,7.50%,201,7.10%,512,15.40%,321,7.90%,427,7.40%,176,6.30%,208,6.70%,170,20.10%,446,16.10%,172,7.70%,170,6.10%,92,6.90%,65,5.20%,132,6.20%,130,5.30%,76,5.00%,112,6.50%,61,5.70%,40,7.10%,95,6.50%,131,9.40%,123,11.70%,125,6.80%,155,5.40%,81,5.90%,103,6.70%,72,5.10%,97,4.80%,32,3.30%,45,3.80%,53,3.70%,55,3.90%,95,4.70%,81,4.50%,55,4.00%,47,3.80%,28,3.60%,60,3.80%,202,12.50%,31,3.40%,81,4.20%,36,4.50%,55,5.50%,181,6.80%,130,5.90%,86,4.40%,269,10.40%,118,5.20%,97,4.40%,91,4.50%,81,5.30%,56,4.80%,91,4.10%,46,2.50%,179,11.40%,137,7.60%,217,9.60%,94,20.80%,91,7.90%,65,4.50%,43,4.50%,62,3.90%,52,4.60%,105,6.60%,176,6.20%,95,5.20%,106,5.50%,92,5.50%,78,5.80%,205,10.50%,133,5.00%,82,4.00%,69,4.80%,93,6.90%,108,6.30%,75,4.30%,87,5.90%,154,8.10%,101,7.00%,55,8.20%,58,4.80%,92,6.90%,195,10.70%,170,8.60%,105,8.50%,119,10.50%,88,8.70%,81,5.40%,96,8.10%,82,8.50%,185,6.80%,518,16.30%,222,10.40%,172,12.40%,208,8.70%,97,6.50%,209,8.10%,106,6.80%,48,3.00%,164,6.30%,45,4.60%,123,9.30%,82,9.90%,202,8.40%,154,8.20%,294,11.30%,155,6.40%,102,4.70%,88,3.70%,65,3.70%,93,5.50%,174,5.90%,122,4.80%,87,4.60%,93,4.90%,113,4.50%,1,25.00%
            For rent,24,2.60%,52,3.60%,73,3.30%,56,3.20%,49,3.20%,76,4.40%,91,3.80%,52,3.30%,109,5.70%,116,3.70%,41,4.80%,89,4.00%,25,2.90%,32,5.30%,52,4.20%,54,3.10%,96,4.70%,97,5.80%,152,10.00%,43,5.70%,108,7.90%,48,4.20%,67,5.10%,54,3.60%,89,4.30%,75,3.10%,77,4.60%,84,5.00%,130,7.60%,70,4.90%,37,3.20%,71,3.60%,55,4.00%,27,2.90%,33,1.70%,83,4.30%,56,4.80%,36,3.10%,57,3.30%,48,4.90%,174,10.40%,63,3.40%,57,3.70%,78,3.90%,66,5.10%,86,3.00%,32,2.70%,33,2.30%,87,4.00%,25,3.10%,22,1.80%,33,1.90%,64,3.50%,39,2.60%,40,3.10%,48,3.00%,84,4.30%,96,5.30%,73,6.10%,14,3.10%,225,12.50%,58,3.80%,2,5.00%,45,4.30%,62,4.70%,98,5.70%,58,3.90%,106,3.80%,286,8.60%,255,6.20%,328,5.70%,143,5.10%,172,5.50%,119,14.10%,142,5.10%,134,6.00%,116,4.20%,34,2.50%,15,1.20%,57,2.70%,72,3.00%,50,3.30%,45,2.60%,27,2.50%,16,2.80%,35,2.40%,69,4.90%,99,9.40%,72,3.90%,35,1.20%,24,1.80%,51,3.30%,18,1.30%,34,1.70%,15,1.60%,13,1.10%,7,0.50%,20,1.40%,30,1.50%,33,1.80%,28,2.10%,18,1.50%,6,0.80%,31,2.00%,31,1.90%,21,2.30%,45,2.30%,20,2.50%,35,3.50%,158,5.90%,82,3.80%,26,1.30%,151,5.80%,55,2.40%,43,1.90%,24,1.20%,45,3.00%,19,1.60%,32,1.40%,28,1.50%,56,3.60%,63,3.50%,109,4.80%,65,14.40%,32,2.80%,25,1.70%,21,2.20%,27,1.70%,16,1.40%,36,2.30%,104,3.60%,60,3.30%,49,2.50%,44,2.60%,21,1.60%,174,8.90%,75,2.80%,53,2.60%,33,2.30%,61,4.50%,67,3.90%,49,2.80%,33,2.20%,60,3.10%,39,2.70%,26,3.90%,26,2.10%,41,3.10%,79,4.30%,37,1.90%,63,5.10%,39,3.40%,27,2.70%,20,1.30%,34,2.90%,18,1.90%,67,2.50%,355,11.10%,107,5.00%,82,5.90%,100,4.20%,46,3.10%,62,2.40%,53,3.40%,28,1.80%,93,3.60%,29,3.00%,38,2.90%,33,4.00%,77,3.20%,58,3.10%,252,9.70%,109,4.50%,70,3.20%,42,1.80%,43,2.40%,46,2.70%,79,2.70%,30,1.20%,29,1.50%,82,4.30%,57,2.30%,0,0.00%
"            Rented, not occupied",1,0.10%,5,0.30%,3,0.10%,5,0.30%,0,0.00%,10,0.60%,4,0.20%,1,0.10%,4,0.20%,5,0.20%,5,0.60%,8,0.40%,8,0.90%,3,0.50%,0,0.00%,41,2.40%,10,0.50%,6,0.40%,5,0.30%,0,0.00%,7,0.50%,12,1.10%,7,0.50%,9,0.60%,8,0.40%,13,0.50%,1,0.10%,19,1.10%,5,0.30%,3,0.20%,0,0.00%,3,0.20%,2,0.10%,4,0.40%,6,0.30%,24,1.20%,8,0.70%,12,1.00%,11,0.60%,5,0.50%,4,0.20%,13,0.70%,9,0.60%,11,0.60%,10,0.80%,8,0.30%,1,0.10%,0,0.00%,8,0.40%,1,0.10%,1,0.10%,3,0.20%,9,0.50%,0,0.00%,3,0.20%,5,0.30%,2,0.10%,20,1.10%,7,0.60%,0,0.00%,114,6.30%,16,1.00%,0,0.00%,4,0.40%,6,0.50%,13,0.80%,1,0.10%,5,0.20%,56,1.70%,20,0.50%,22,0.40%,7,0.20%,8,0.30%,27,3.20%,20,0.70%,18,0.80%,5,0.20%,16,1.20%,14,1.10%,9,0.40%,1,0.00%,0,0.00%,6,0.40%,1,0.10%,6,1.10%,7,0.50%,8,0.60%,0,0.00%,2,0.10%,7,0.20%,9,0.70%,0,0.00%,0,0.00%,13,0.60%,4,0.40%,0,0.00%,3,0.20%,4,0.30%,10,0.50%,2,0.10%,0,0.00%,0,0.00%,2,0.30%,6,0.40%,4,0.20%,1,0.10%,5,0.30%,0,0.00%,0,0.00%,4,0.10%,2,0.10%,4,0.20%,12,0.50%,8,0.40%,1,0.00%,2,0.10%,0,0.00%,1,0.10%,5,0.20%,0,0.00%,15,1.00%,4,0.20%,3,0.10%,6,1.30%,3,0.30%,4,0.30%,1,0.10%,3,0.20%,2,0.20%,9,0.60%,6,0.20%,0,0.00%,6,0.30%,9,0.50%,3,0.20%,2,0.10%,9,0.30%,10,0.50%,10,0.70%,0,0.00%,1,0.10%,2,0.10%,18,1.20%,15,0.80%,10,0.70%,6,0.90%,6,0.50%,7,0.50%,8,0.40%,17,0.90%,8,0.60%,5,0.40%,6,0.60%,6,0.40%,2,0.20%,1,0.10%,9,0.30%,19,0.60%,12,0.60%,6,0.40%,22,0.90%,5,0.30%,9,0.30%,9,0.60%,6,0.40%,21,0.80%,4,0.40%,11,0.80%,1,0.10%,26,1.10%,12,0.60%,10,0.40%,7,0.30%,7,0.30%,5,0.20%,0,0.00%,2,0.10%,8,0.30%,11,0.40%,0,0.00%,6,0.30%,4,0.20%,0,0.00%
            For sale only,10,1.10%,6,0.40%,18,0.80%,11,0.60%,17,1.10%,9,0.50%,16,0.70%,12,0.80%,9,0.50%,10,0.30%,2,0.20%,22,1.00%,1,0.10%,3,0.50%,18,1.50%,19,1.10%,2,0.10%,3,0.20%,3,0.20%,0,0.00%,4,0.30%,11,1.00%,0,0.00%,11,0.70%,12,0.60%,14,0.60%,20,1.20%,7,0.40%,1,0.10%,11,0.80%,2,0.20%,4,0.20%,2,0.10%,3,0.30%,6,0.30%,4,0.20%,5,0.40%,11,0.90%,12,0.70%,4,0.40%,5,0.30%,12,0.70%,1,0.10%,5,0.30%,2,0.20%,8,0.30%,6,0.50%,11,0.80%,13,0.60%,11,1.40%,4,0.30%,0,0.00%,4,0.20%,7,0.50%,10,0.80%,2,0.10%,14,0.70%,10,0.50%,15,1.30%,0,0.00%,0,0.00%,12,0.80%,0,0.00%,4,0.40%,12,0.90%,17,1.00%,1,0.10%,6,0.20%,135,4.00%,8,0.20%,4,0.10%,0,0.00%,5,0.20%,0,0.00%,246,8.90%,0,0.00%,6,0.20%,10,0.70%,12,1.00%,12,0.60%,13,0.50%,13,0.90%,3,0.20%,5,0.50%,2,0.40%,3,0.20%,7,0.50%,5,0.50%,7,0.40%,20,0.70%,7,0.50%,4,0.30%,2,0.10%,6,0.30%,0,0.00%,1,0.10%,6,0.40%,5,0.40%,12,0.60%,11,0.60%,0,0.00%,1,0.10%,1,0.10%,6,0.40%,0,0.00%,3,0.30%,2,0.10%,2,0.20%,4,0.40%,3,0.10%,0,0.00%,10,0.50%,29,1.10%,6,0.30%,0,0.00%,9,0.40%,0,0.00%,6,0.50%,16,0.70%,0,0.00%,4,0.30%,9,0.50%,6,0.30%,3,0.70%,6,0.50%,11,0.80%,1,0.10%,0,0.00%,7,0.60%,20,1.30%,20,0.70%,1,0.10%,16,0.80%,5,0.30%,5,0.40%,8,0.40%,6,0.20%,1,0.00%,2,0.10%,1,0.10%,0,0.00%,3,0.20%,2,0.10%,14,0.70%,4,0.30%,5,0.70%,1,0.10%,0,0.00%,18,1.00%,12,0.60%,0,0.00%,2,0.20%,9,0.90%,2,0.10%,2,0.20%,0,0.00%,17,0.60%,85,2.70%,17,0.80%,8,0.60%,21,0.90%,0,0.00%,64,2.50%,2,0.10%,2,0.10%,6,0.20%,5,0.50%,10,0.80%,7,0.80%,5,0.20%,14,0.70%,4,0.20%,0,0.00%,1,0.00%,11,0.50%,5,0.30%,2,0.10%,16,0.50%,22,0.90%,10,0.50%,1,0.10%,0,0.00%,0,0.00%
"            Sold, not occupied",6,0.70%,2,0.10%,5,0.20%,10,0.60%,6,0.40%,7,0.40%,5,0.20%,8,0.50%,6,0.30%,2,0.10%,0,0.00%,5,0.20%,5,0.60%,0,0.00%,5,0.40%,1,0.10%,3,0.10%,8,0.50%,0,0.00%,4,0.50%,1,0.10%,0,0.00%,5,0.40%,3,0.20%,4,0.20%,7,0.30%,12,0.70%,9,0.50%,0,0.00%,4,0.30%,2,0.20%,12,0.60%,6,0.40%,2,0.20%,1,0.10%,8,0.40%,9,0.80%,0,0.00%,5,0.30%,12,1.20%,16,1.00%,6,0.30%,12,0.80%,9,0.50%,1,0.10%,3,0.10%,3,0.30%,1,0.10%,2,0.10%,2,0.20%,0,0.00%,2,0.10%,6,0.30%,1,0.10%,0,0.00%,8,0.50%,8,0.40%,25,1.40%,0,0.00%,1,0.20%,4,0.20%,8,0.50%,2,5.00%,1,0.10%,9,0.70%,3,0.20%,6,0.40%,0,0.00%,0,0.00%,8,0.20%,0,0.00%,8,0.30%,7,0.20%,1,0.10%,24,0.90%,1,0.00%,0,0.00%,1,0.10%,0,0.00%,0,0.00%,0,0.00%,2,0.10%,2,0.10%,6,0.60%,3,0.50%,2,0.10%,3,0.20%,1,0.10%,7,0.40%,3,0.10%,6,0.40%,8,0.50%,7,0.50%,0,0.00%,0,0.00%,2,0.20%,0,0.00%,3,0.20%,4,0.20%,0,0.00%,3,0.20%,2,0.20%,0,0.00%,1,0.10%,0,0.00%,0,0.00%,6,0.30%,0,0.00%,1,0.10%,0,0.00%,0,0.00%,2,0.10%,2,0.10%,2,0.10%,4,0.20%,3,0.10%,0,0.00%,1,0.10%,0,0.00%,2,0.10%,0,0.00%,13,0.70%,7,0.30%,13,2.90%,0,0.00%,1,0.10%,5,0.50%,0,0.00%,0,0.00%,11,0.70%,1,0.00%,3,0.20%,3,0.20%,0,0.00%,0,0.00%,0,0.00%,0,0.00%,2,0.10%,2,0.10%,2,0.10%,0,0.00%,0,0.00%,2,0.10%,4,0.20%,4,0.30%,4,0.60%,2,0.20%,0,0.00%,4,0.20%,12,0.60%,0,0.00%,23,2.00%,1,0.10%,9,0.60%,4,0.30%,3,0.30%,2,0.10%,1,0.00%,5,0.20%,4,0.30%,0,0.00%,2,0.10%,4,0.20%,1,0.10%,2,0.10%,3,0.10%,1,0.10%,8,0.60%,2,0.20%,7,0.30%,7,0.40%,5,0.20%,2,0.10%,7,0.30%,11,0.50%,0,0.00%,0,0.00%,2,0.10%,5,0.20%,11,0.60%,0,0.00%,7,0.30%,1,25.00%
"            For seasonal, recreational, or occasional use",7,0.80%,3,0.20%,0,0.00%,11,0.60%,0,0.00%,6,0.30%,2,0.10%,2,0.10%,3,0.20%,26,0.80%,6,0.70%,6,0.30%,2,0.20%,1,0.20%,2,0.20%,9,0.50%,3,0.10%,2,0.10%,5,0.30%,0,0.00%,1,0.10%,3,0.30%,9,0.70%,10,0.70%,13,0.60%,2,0.10%,11,0.70%,0,0.00%,3,0.20%,0,0.00%,5,0.40%,4,0.20%,0,0.00%,0,0.00%,0,0.00%,0,0.00%,2,0.20%,7,0.60%,0,0.00%,2,0.20%,8,0.50%,7,0.40%,4,0.30%,4,0.20%,0,0.00%,7,0.20%,0,0.00%,4,0.30%,3,0.10%,6,0.70%,4,0.30%,0,0.00%,3,0.20%,2,0.10%,0,0.00%,0,0.00%,4,0.20%,34,1.90%,5,0.40%,0,0.00%,1,0.10%,1,0.10%,0,0.00%,10,1.00%,36,2.70%,0,0.00%,7,0.50%,14,0.50%,15,0.40%,7,0.20%,21,0.40%,3,0.10%,5,0.20%,5,0.60%,0,0.00%,0,0.00%,1,0.00%,1,0.10%,5,0.40%,2,0.10%,6,0.20%,0,0.00%,6,0.40%,0,0.00%,0,0.00%,2,0.10%,3,0.20%,2,0.20%,0,0.00%,3,0.10%,1,0.10%,3,0.20%,1,0.10%,4,0.20%,0,0.00%,3,0.30%,3,0.20%,2,0.10%,0,0.00%,5,0.30%,0,0.00%,1,0.10%,3,0.40%,4,0.30%,0,0.00%,0,0.00%,3,0.20%,1,0.10%,0,0.00%,4,0.10%,4,0.20%,0,0.00%,46,1.80%,13,0.60%,10,0.40%,10,0.50%,2,0.10%,2,0.20%,7,0.30%,2,0.10%,0,0.00%,6,0.30%,13,0.60%,4,0.90%,5,0.40%,6,0.40%,2,0.20%,2,0.10%,3,0.30%,10,0.60%,20,0.70%,4,0.20%,0,0.00%,0,0.00%,10,0.70%,13,0.70%,8,0.30%,1,0.00%,0,0.00%,10,0.70%,2,0.10%,0,0.00%,5,0.30%,5,0.30%,0,0.00%,2,0.30%,5,0.40%,0,0.00%,9,0.50%,9,0.50%,5,0.40%,12,1.10%,0,0.00%,0,0.00%,8,0.70%,3,0.30%,5,0.20%,24,0.80%,12,0.60%,5,0.40%,10,0.40%,20,1.30%,27,1.00%,7,0.50%,2,0.10%,5,0.20%,0,0.00%,7,0.50%,12,1.40%,29,1.20%,19,1.00%,1,0.00%,9,0.40%,2,0.10%,7,0.30%,7,0.40%,2,0.10%,8,0.30%,13,0.50%,0,0.00%,3,0.20%,6,0.20%,0,0.00%
            All other vacants,27,2.90%,39,2.70%,54,2.40%,55,3.20%,58,3.70%,42,2.40%,73,3.00%,62,4.00%,57,3.00%,56,1.80%,9,1.10%,76,3.40%,19,2.20%,30,5.00%,59,4.80%,49,2.80%,44,2.20%,28,1.70%,14,0.90%,12,1.60%,27,2.00%,22,1.90%,28,2.10%,42,2.80%,56,2.70%,27,1.10%,37,2.20%,264,15.70%,16,0.90%,29,2.00%,13,1.10%,44,2.20%,49,3.60%,11,1.20%,39,2.00%,28,1.40%,35,3.00%,25,2.10%,42,2.40%,38,3.90%,29,1.70%,46,2.50%,30,1.90%,80,4.00%,45,3.50%,44,1.50%,40,3.40%,32,2.20%,60,2.80%,4,0.50%,35,2.80%,46,2.60%,40,2.20%,29,2.00%,8,0.60%,43,2.70%,62,3.20%,20,1.10%,17,1.40%,13,2.90%,40,2.20%,52,3.40%,4,10.00%,8,0.80%,21,1.60%,53,3.10%,39,2.60%,70,2.50%,20,0.60%,23,0.60%,52,0.90%,15,0.50%,11,0.40%,18,2.10%,14,0.50%,19,0.90%,42,1.50%,30,2.20%,19,1.50%,52,2.50%,38,1.60%,11,0.70%,50,2.90%,22,2.10%,13,2.30%,46,3.10%,41,2.90%,16,1.50%,37,2.00%,87,3.00%,34,2.50%,37,2.40%,44,3.10%,40,2.00%,13,1.40%,26,2.20%,34,2.40%,21,1.50%,39,1.90%,30,1.70%,24,1.80%,25,2.00%,16,2.10%,12,0.80%,167,10.30%,6,0.70%,20,1.00%,13,1.60%,15,1.50%,12,0.40%,42,1.90%,44,2.20%,29,1.10%,34,1.50%,39,1.80%,43,2.10%,34,2.20%,27,2.30%,31,1.40%,14,0.80%,104,6.60%,42,2.30%,79,3.50%,3,0.70%,45,3.90%,18,1.20%,13,1.40%,30,1.90%,24,2.10%,19,1.20%,25,0.90%,27,1.50%,32,1.70%,34,2.00%,39,2.90%,8,0.40%,35,1.30%,15,0.70%,22,1.50%,19,1.40%,38,2.20%,21,1.20%,27,1.80%,56,2.90%,44,3.10%,12,1.80%,18,1.50%,44,3.30%,77,4.20%,83,4.20%,29,2.30%,38,3.30%,45,4.40%,44,2.90%,46,3.90%,57,5.90%,85,3.10%,34,1.10%,69,3.20%,67,4.80%,55,2.30%,24,1.60%,43,1.70%,34,2.20%,8,0.50%,36,1.40%,6,0.60%,49,3.70%,27,3.30%,58,2.40%,44,2.40%,22,0.80%,28,1.20%,15,0.70%,12,0.50%,10,0.60%,41,2.40%,61,2.10%,41,1.60%,37,1.90%,1,0.10%,39,1.60%,0,0.00%
VACANCY RATES,,,,,,,,,,,,,,,,,,,,,,,,,,,,,,,,,,,,,,,,,,,,,,,,,,,,,,,,,,,,,,,,,,,,,,,,,,,,,,,,,,,,,,,,,,,,,,,,,,,,,,,,,,,,,,,,,,,,,,,,,,,,,,,,,,,,,,,,,,,,,,,,,,,,,,,,,,,,,,,,,,,,,,,,,,,,,,,,,,,,,,,,,,,,,,,,,,,,,,,,,,,,,,,,,,,,,,,,,,,,,,,,,,,,,,,,,,,,,,,,,,,,,,,,,,,,,,,,,,,,,,,,,,,,,,,,,,,,,,,,,,,,,,,,,,,,,,,,,,,,,,,,,,,,,,,,,,,,,,,,,,,,,,,,,,,,,,,,,,,,,,,,,,,,,,,,,,,,,,,,,,,,,,
    Homeowner vacancy rate (percent) [4],3,(X),1.4,(X),3.3,(X),2.1,(X),3.6,(X),1.8,(X),2.9,(X),2.9,(X),1.8,(X),1.5,(X),0.8,(X),3.5,(X),0.6,(X),4.2,(X),4.9,(X),6.2,(X),0.5,(X),1.7,(X),5.2,(X),0,(X),4.6,(X),2.7,(X),0,(X),2,(X),2.2,(X),3,(X),4.1,(X),3.3,(X),0.8,(X),5.5,(X),0.5,(X),0.6,(X),0.8,(X),1.1,(X),1.6,(X),1,(X),1.6,(X),5.9,(X),2.8,(X),1.4,(X),1.5,(X),2.1,(X),0.2,(X),1.2,(X),0.6,(X),0.5,(X),2.2,(X),2.4,(X),2.7,(X),2,(X),0.7,(X),0,(X),0.8,(X),1,(X),3.4,(X),0.5,(X),2.6,(X),2,(X),4.2,(X),0,(X),0,(X),3.4,(X),0,(X),2,(X),5.1,(X),5.5,(X),0.3,(X),1.4,(X),18,(X),1.2,(X),0.6,(X),0,(X),2.2,(X),0,(X),28.5,(X),0,(X),0.7,(X),2,(X),2.9,(X),1.9,(X),1.3,(X),2.9,(X),0.5,(X),1.4,(X),1.5,(X),0.6,(X),4.2,(X),2.4,(X),2,(X),1.5,(X),1.6,(X),0.6,(X),0.3,(X),1,(X),0,(X),0.1,(X),0.7,(X),0.9,(X),1.3,(X),1.7,(X),0,(X),0.3,(X),0.3,(X),1.4,(X),0,(X),1.4,(X),0.5,(X),1.3,(X),2,(X),1.1,(X),0,(X),1.5,(X),2.9,(X),0.6,(X),0,(X),1.2,(X),0,(X),1,(X),2.2,(X),0,(X),0.9,(X),1.4,(X),1.2,(X),1.6,(X),1.7,(X),1.2,(X),0.5,(X),0,(X),2.6,(X),2,(X),4.1,(X),0.5,(X),4.1,(X),3.1,(X),2.8,(X),1.8,(X),2.6,(X),0.5,(X),0.7,(X),0.5,(X),0,(X),0.9,(X),0.8,(X),3.2,(X),1.8,(X),4.2,(X),0.8,(X),0,(X),8,(X),2.4,(X),0,(X),0.4,(X),6.3,(X),1.3,(X),1,(X),0,(X),2.1,(X),11.5,(X),3.5,(X),2,(X),2.8,(X),0,(X),7,(X),0.4,(X),0.5,(X),0.7,(X),1.4,(X),1.9,(X),3.2,(X),0.8,(X),2.5,(X),0.6,(X),0,(X),0.2,(X),0.9,(X),1.2,(X),1.3,(X),1.1,(X),1.7,(X),1,(X),0.7,(X),0,(X),0,(X)
    Rental vacancy rate (percent) [5],4.4,(X),5.5,(X),4.5,(X),4.9,(X),4.8,(X),6.5,(X),5.1,(X),4.8,(X),8,(X),4.8,(X),7,(X),5.8,(X),3.8,(X),6.4,(X),6.4,(X),4,(X),6.1,(X),6.6,(X),10.5,(X),6.6,(X),8.7,(X),6.8,(X),7.7,(X),6.1,(X),6.1,(X),3.9,(X),6.7,(X),6.9,(X),8.3,(X),5.9,(X),4.9,(X),5.5,(X),5.1,(X),4.2,(X),2.2,(X),5.4,(X),7,(X),3.8,(X),4.5,(X),7.2,(X),13.4,(X),5.3,(X),5.5,(X),5.3,(X),7.4,(X),6.5,(X),3.7,(X),3.5,(X),5.4,(X),9.4,(X),3.6,(X),3,(X),4.9,(X),5.1,(X),4.1,(X),4.1,(X),6.3,(X),7.6,(X),9,(X),5.7,(X),13.7,(X),5.1,(X),7.7,(X),5.5,(X),6,(X),7.2,(X),5.4,(X),4.6,(X),11.2,(X),7.5,(X),6.5,(X),6.5,(X),6,(X),14.5,(X),7.5,(X),6.1,(X),6.2,(X),4.2,(X),1.8,(X),4,(X),5.3,(X),4.7,(X),4.2,(X),4,(X),3.8,(X),4,(X),5.8,(X),12,(X),5,(X),2.4,(X),2.7,(X),5.9,(X),2.7,(X),2.4,(X),2.4,(X),3.8,(X),1.3,(X),2.4,(X),2.8,(X),2.9,(X),3.4,(X),2,(X),1.3,(X),2.7,(X),2.9,(X),3,(X),3,(X),3.2,(X),4.5,(X),6.6,(X),4.5,(X),2.1,(X),9.9,(X),4.6,(X),2.8,(X),2,(X),5.5,(X),3.8,(X),2.2,(X),1.7,(X),5.5,(X),5.7,(X),6.4,(X),25.7,(X),4.4,(X),4.7,(X),2.8,(X),2.1,(X),1.9,(X),6.3,(X),4.5,(X),3.8,(X),3.2,(X),3,(X),1.9,(X),11.6,(X),3.1,(X),2.9,(X),2.9,(X),5.4,(X),4.5,(X),3.5,(X),2.7,(X),4.3,(X),3.3,(X),4.8,(X),2.5,(X),3.6,(X),5.2,(X),2.7,(X),6.2,(X),6.2,(X),3.3,(X),1.5,(X),3.6,(X),2.5,(X),3.6,(X),14.9,(X),6.9,(X),9,(X),6.4,(X),4.8,(X),3.9,(X),5.3,(X),2.4,(X),5.3,(X),4.7,(X),5.1,(X),5.7,(X),4.5,(X),4.7,(X),13.2,(X),5.6,(X),4.5,(X),3.7,(X),3.2,(X),3.1,(X),5.8,(X),2.5,(X),3.4,(X),4.7,(X),2.8,(X),0,(X)
HOUSING TENURE,,,,,,,,,,,,,,,,,,,,,,,,,,,,,,,,,,,,,,,,,,,,,,,,,,,,,,,,,,,,,,,,,,,,,,,,,,,,,,,,,,,,,,,,,,,,,,,,,,,,,,,,,,,,,,,,,,,,,,,,,,,,,,,,,,,,,,,,,,,,,,,,,,,,,,,,,,,,,,,,,,,,,,,,,,,,,,,,,,,,,,,,,,,,,,,,,,,,,,,,,,,,,,,,,,,,,,,,,,,,,,,,,,,,,,,,,,,,,,,,,,,,,,,,,,,,,,,,,,,,,,,,,,,,,,,,,,,,,,,,,,,,,,,,,,,,,,,,,,,,,,,,,,,,,,,,,,,,,,,,,,,,,,,,,,,,,,,,,,,,,,,,,,,,,,,,,,,,,,,,,,,,,,
    Occupied housing units,847,100.00%,"1,330",100.00%,"2,079",100.00%,"1,589",100.00%,"1,419",100.00%,"1,570",100.00%,"2,225",100.00%,"1,430",100.00%,"1,725",100.00%,"2,917",100.00%,784,100.00%,"2,046",100.00%,798,100.00%,534,100.00%,"1,101",100.00%,"1,552",100.00%,"1,888",100.00%,"1,525",100.00%,"1,341",100.00%,694,100.00%,"1,215",100.00%,"1,040",100.00%,"1,206",100.00%,"1,357",100.00%,"1,904",100.00%,"2,291",100.00%,"1,527",100.00%,"1,303",100.00%,"1,558",100.00%,"1,304",100.00%,"1,082",100.00%,"1,858",100.00%,"1,261",100.00%,888,100.00%,"1,829",100.00%,"1,801",100.00%,"1,043",100.00%,"1,085",100.00%,"1,618",100.00%,875,100.00%,"1,435",100.00%,"1,680",100.00%,"1,448",100.00%,"1,793",100.00%,"1,158",100.00%,"2,714",100.00%,"1,099",100.00%,"1,356",100.00%,"2,004",100.00%,765,100.00%,"1,165",100.00%,"1,686",100.00%,"1,716",100.00%,"1,395",100.00%,"1,217",100.00%,"1,511",100.00%,"1,758",100.00%,"1,621",100.00%,"1,072",100.00%,419,100.00%,"1,420",100.00%,"1,391",100.00%,32,100.00%,965,100.00%,"1,176",100.00%,"1,547",100.00%,"1,389",100.00%,"2,617",100.00%,"2,823",100.00%,"3,760",100.00%,"5,361",100.00%,"2,637",100.00%,"2,894",100.00%,676,100.00%,"2,325",100.00%,"2,050",100.00%,"2,617",100.00%,"1,242",100.00%,"1,195",100.00%,"1,982",100.00%,"2,304",100.00%,"1,453",100.00%,"1,601",100.00%,"1,001",100.00%,526,100.00%,"1,367",100.00%,"1,265",100.00%,927,100.00%,"1,709",100.00%,"2,708",100.00%,"1,283",100.00%,"1,428",100.00%,"1,331",100.00%,"1,928",100.00%,924,100.00%,"1,140",100.00%,"1,385",100.00%,"1,358",100.00%,"1,940",100.00%,"1,731",100.00%,"1,308",100.00%,"1,185",100.00%,742,100.00%,"1,514",100.00%,"1,412",100.00%,889,100.00%,"1,849",100.00%,768,100.00%,940,100.00%,"2,499",100.00%,"2,055",100.00%,"1,880",100.00%,"2,329",100.00%,"2,148",100.00%,"2,128",100.00%,"1,924",100.00%,"1,440",100.00%,"1,110",100.00%,"2,154",100.00%,"1,797",100.00%,"1,389",100.00%,"1,658",100.00%,"2,055",100.00%,358,100.00%,"1,056",100.00%,"1,388",100.00%,916,100.00%,"1,537",100.00%,"1,079",100.00%,"1,485",100.00%,"2,677",100.00%,"1,728",100.00%,"1,832",100.00%,"1,569",100.00%,"1,256",100.00%,"1,749",100.00%,"2,520",100.00%,"1,986",100.00%,"1,368",100.00%,"1,259",100.00%,"1,610",100.00%,"1,672",100.00%,"1,398",100.00%,"1,755",100.00%,"1,332",100.00%,617,100.00%,"1,152",100.00%,"1,247",100.00%,"1,634",100.00%,"1,814",100.00%,"1,135",100.00%,"1,016",100.00%,928,100.00%,"1,427",100.00%,"1,085",100.00%,884,100.00%,"2,546",100.00%,"2,666",100.00%,"1,909",100.00%,"1,217",100.00%,"2,177",100.00%,"1,400",100.00%,"2,380",100.00%,"1,449",100.00%,"1,539",100.00%,"2,427",100.00%,934,100.00%,"1,199",100.00%,747,100.00%,"2,192",100.00%,"1,717",100.00%,"2,297",100.00%,"2,250",100.00%,"2,078",100.00%,"2,267",100.00%,"1,715",100.00%,"1,584",100.00%,"2,778",100.00%,"2,428",100.00%,"1,825",100.00%,"1,809",100.00%,"2,374",100.00%,3,100.00%
        Owner-occupied housing units,321,37.90%,433,32.60%,519,25.00%,497,31.30%,453,31.90%,481,30.60%,533,24.00%,399,27.90%,477,27.70%,642,22.00%,247,31.50%,597,29.20%,173,21.70%,68,12.70%,346,31.40%,288,18.60%,431,22.80%,165,10.80%,55,4.10%,85,12.20%,82,6.70%,392,37.70%,415,34.40%,538,39.60%,542,28.50%,453,19.80%,458,30.00%,194,14.90%,132,8.50%,184,14.10%,361,33.40%,635,34.20%,236,18.70%,275,31.00%,370,20.20%,383,21.30%,302,29.00%,175,16.10%,418,25.80%,261,29.80%,316,22.00%,566,33.70%,475,32.80%,416,23.20%,345,29.80%,"1,477",54.40%,270,24.60%,440,32.40%,473,23.60%,526,68.80%,584,50.10%,637,37.80%,485,28.30%,666,47.70%,288,23.70%,383,25.30%,521,29.60%,467,28.80%,340,31.70%,187,44.60%,113,8.00%,331,23.80%,8,25.00%,200,20.70%,213,18.10%,288,18.60%,374,26.90%,419,16.00%,616,21.80%,631,16.80%,701,13.10%,587,22.30%,218,7.50%,2,0.30%,592,25.50%,18,0.90%,856,32.70%,491,39.50%,407,34.10%,627,31.60%,"1,016",44.10%,433,29.80%,572,35.70%,351,35.10%,132,25.10%,536,39.20%,158,12.50%,199,21.50%,332,19.40%,"1,306",48.20%,415,32.30%,609,42.60%,672,50.50%,586,30.40%,330,35.70%,811,71.10%,835,60.30%,537,39.50%,895,46.10%,621,35.90%,523,40.00%,307,25.90%,303,40.80%,419,27.70%,380,26.90%,206,23.20%,419,22.70%,158,20.60%,199,21.20%,271,10.80%,322,15.70%,653,34.70%,972,41.70%,"1,007",46.90%,653,30.70%,730,37.90%,672,46.70%,624,56.20%,722,33.50%,209,11.60%,449,32.30%,624,37.60%,472,23.00%,176,49.20%,356,33.70%,889,64.00%,180,19.70%,285,18.50%,264,24.50%,958,64.50%,471,17.60%,203,11.70%,370,20.20%,156,9.90%,172,13.70%,425,24.30%,222,8.80%,191,9.60%,272,19.90%,192,15.30%,191,11.90%,313,18.70%,240,17.20%,426,24.30%,213,16.00%,111,18.00%,128,11.10%,156,12.50%,202,12.40%,478,26.40%,194,17.10%,430,42.30%,133,14.30%,144,10.10%,186,17.10%,192,21.70%,782,30.70%,652,24.50%,469,24.60%,398,32.70%,730,33.50%,501,35.80%,850,35.70%,506,34.90%,411,26.70%,799,32.90%,348,37.30%,503,42.00%,207,27.70%,598,27.30%,547,31.90%,657,28.60%,427,19.00%,596,28.70%,"1,169",51.60%,409,23.80%,153,9.70%,"1,497",53.90%,"1,287",53.00%,"1,004",55.00%,135,7.50%,409,17.20%,2,66.70%
        Renter-occupied housing units,526,62.10%,897,67.40%,"1,560",75.00%,"1,092",68.70%,966,68.10%,"1,089",69.40%,"1,692",76.00%,"1,031",72.10%,"1,248",72.30%,"2,275",78.00%,537,68.50%,"1,449",70.80%,625,78.30%,466,87.30%,755,68.60%,"1,264",81.40%,"1,457",77.20%,"1,360",89.20%,"1,286",95.90%,609,87.80%,"1,133",93.30%,648,62.30%,791,65.60%,819,60.40%,"1,362",71.50%,"1,838",80.20%,"1,069",70.00%,"1,109",85.10%,"1,426",91.50%,"1,120",85.90%,721,66.60%,"1,223",65.80%,"1,025",81.30%,613,69.00%,"1,459",79.80%,"1,418",78.70%,741,71.00%,910,83.90%,"1,200",74.20%,614,70.20%,"1,119",78.00%,"1,114",66.30%,973,67.20%,"1,377",76.80%,813,70.20%,"1,237",45.60%,829,75.40%,916,67.60%,"1,531",76.40%,239,31.20%,581,49.90%,"1,049",62.20%,"1,231",71.70%,729,52.30%,929,76.30%,"1,128",74.70%,"1,237",70.40%,"1,154",71.20%,732,68.30%,232,55.40%,"1,307",92.00%,"1,060",76.20%,24,75.00%,765,79.30%,963,81.90%,"1,259",81.40%,"1,015",73.10%,"2,198",84.00%,"2,207",78.20%,"3,129",83.20%,"4,660",86.90%,"2,050",77.70%,"2,676",92.50%,674,99.70%,"1,733",74.50%,"2,032",99.10%,"1,761",67.30%,751,60.50%,788,65.90%,"1,355",68.40%,"1,288",55.90%,"1,020",70.20%,"1,029",64.30%,650,64.90%,394,74.90%,831,60.80%,"1,107",87.50%,728,78.50%,"1,377",80.60%,"1,402",51.80%,868,67.70%,819,57.40%,659,49.50%,"1,342",69.60%,594,64.30%,329,28.90%,550,39.70%,821,60.50%,"1,045",53.90%,"1,110",64.10%,785,60.00%,878,74.10%,439,59.20%,"1,095",72.30%,"1,032",73.10%,683,76.80%,"1,430",77.30%,610,79.40%,741,78.80%,"2,228",89.20%,"1,733",84.30%,"1,227",65.30%,"1,357",58.30%,"1,141",53.10%,"1,475",69.30%,"1,194",62.10%,768,53.30%,486,43.80%,"1,432",66.50%,"1,588",88.40%,940,67.70%,"1,034",62.40%,"1,583",77.00%,182,50.80%,700,66.30%,499,36.00%,736,80.30%,"1,252",81.50%,815,75.50%,527,35.50%,"2,206",82.40%,"1,525",88.30%,"1,462",79.80%,"1,413",90.10%,"1,084",86.30%,"1,324",75.70%,"2,298",91.20%,"1,795",90.40%,"1,096",80.10%,"1,067",84.70%,"1,419",88.10%,"1,359",81.30%,"1,158",82.80%,"1,329",75.70%,"1,119",84.00%,506,82.00%,"1,024",88.90%,"1,091",87.50%,"1,432",87.60%,"1,336",73.60%,941,82.90%,586,57.70%,795,85.70%,"1,283",89.90%,899,82.90%,692,78.30%,"1,764",69.30%,"2,014",75.50%,"1,440",75.40%,819,67.30%,"1,447",66.50%,899,64.20%,"1,530",64.30%,943,65.10%,"1,128",73.30%,"1,628",67.10%,586,62.70%,696,58.00%,540,72.30%,"1,594",72.70%,"1,170",68.10%,"1,640",71.40%,"1,823",81.00%,"1,482",71.30%,"1,098",48.40%,"1,306",76.20%,"1,431",90.30%,"1,281",46.10%,"1,141",47.00%,821,45.00%,"1,674",92.50%,"1,965",82.80%,1,33.30%
