Label (Grouping),Total:,Hispanic or Latino,White alone,Black or African American alone,American Indian and Alaska Native alone,Asian alone,Native Hawaiian and Other Pacific Islander alone,Some Other Race alone,Two or More Races:,total_pop_x,total_white_x,total_black_x,total_asian_x,total_other_x,total_hispanic_x,white_pct,black_pct,asian_pct,other_pct,hispanic_pct,near_hblr_x,near_path_x,tract_num,total_pop_y,total_white_y,total_black_y,total_asian_y,total_hispanic_y,total_other_y,near_hblr_y,near_path_y,total_white_pct,total_black_pct,total_asian_pct,total_hispanic_pct,total_other_pct,median_house_2020,median_income_2020,median_rent_2020,census_tract_x,median_house_2010,census_tract_y,Households,median_income_2010,census_tract,median_rent_2010,train_access,white_pct_change,black_pct_change,asian_pct_change,hispanic_pct_change,other_pct_change
"Census Tract 1, Hudson County, New Jersey","6,025","2,458","1,437",253,15,"1,693",9,32,128,6025.0,1437.0,253.0,1693.0,32.0,2458.0,23.850622406639005,4.199170124481328,28.099585062240664,0.5311203319502075,40.79668049792532,False,False,1.0,6388.0,1157.0,323.0,2097.0,2649.0,66.0,False,False,18.11208515967439,5.056355666875391,32.82717595491547,41.468378209142145,1.0331872260488417,406290.872415532,72149.23600605143,1545.6717095310137,"Census Tract 1, Hudson County, New Jersey!!Estimate",342900.0,"Census Tract 1, Hudson County, New Jersey!!Median income (dollars)!!Estimate","56,389",56389.0,"Census Tract 1, Hudson County, New Jersey!!Total population!!Estimate",1341.0,near_neither,-5.738537246964615,0.8571855423940633,4.7275908926748045,0.6716977112168223,0.5020668940986343
"Census Tract 2, Hudson County, New Jersey","5,409","3,362",987,310,12,630,0,31,77,5409.0,987.0,310.0,630.0,31.0,3362.0,18.24736550194121,5.731188759474949,11.647254575707152,0.5731188759474949,62.15566648178961,False,False,2.0,5391.0,859.0,320.0,1043.0,2954.0,86.0,False,False,15.93396401409757,5.9358189575217954,19.347059914672602,54.79502875162308,1.5952513448339825,467700.0,39665.0,1314.0,"Census Tract 2, Hudson County, New Jersey!!Estimate",275500.0,"Census Tract 2, Hudson County, New Jersey!!Median income (dollars)!!Estimate","38,438",38438.0,"Census Tract 2, Hudson County, New Jersey!!Total population!!Estimate",962.0,near_neither,-2.31340148784364,0.20463019804684635,7.699805338965451,-7.3606377301665304,1.0221324688864875
"Census Tract 3, Hudson County, New Jersey","4,220 (r46394)","2,346","1,267",177,10,312,0,35,73,4220.0,1267.0,177.0,312.0,35.0,2346.0,30.023696682464458,4.194312796208531,7.393364928909953,0.8293838862559242,55.59241706161138,True,False,3.0,3948.0,1249.0,141.0,496.0,1910.0,42.0,True,False,31.63627152988855,3.571428571428571,12.563323201621074,48.37892603850051,1.0638297872340425,538400.0,61069.0,1288.0,"Census Tract 3, Hudson County, New Jersey!!Estimate",409300.0,"Census Tract 3, Hudson County, New Jersey!!Median income (dollars)!!Estimate","46,033",46033.0,"Census Tract 3, Hudson County, New Jersey!!Total population!!Estimate",1120.0,hblr_only,1.6125748474240922,-0.62288422477996,5.1699582727111215,-7.213491023110869,0.23444590097811835
"Census Tract 4, Hudson County, New Jersey","3,991","1,297","1,013",205,10,"1,297",0,39,130,3991.0,1013.0,205.0,1297.0,39.0,1297.0,25.382109746930592,5.136557253821097,32.4981207717364,0.9771986970684038,32.4981207717364,False,False,4.0,3973.0,666.0,146.0,1654.0,1372.0,46.0,False,False,16.76315127107979,3.674804933299773,41.63100931286181,34.533098414296504,1.1578152529574628,421200.0,80324.0,1492.0,"Census Tract 4, Hudson County, New Jersey!!Estimate",366000.0,"Census Tract 4, Hudson County, New Jersey!!Median income (dollars)!!Estimate","70,586",70586.0,"Census Tract 4, Hudson County, New Jersey!!Total population!!Estimate",1317.0,near_neither,-8.618958475850803,-1.4617523205213243,9.13288854112541,2.0349776425601007,0.180616555889059
"Census Tract 5, Hudson County, New Jersey","4,311 (r46395)","1,928",977,224,10,"1,062",0,48,62,4311.0,977.0,224.0,1062.0,48.0,1928.0,22.66295523080492,5.196010206448619,24.63465553235908,1.1134307585247043,44.72280213407562,False,False,5.0,4317.0,957.0,197.0,1310.0,1677.0,58.0,False,False,22.1681723419041,4.563354181144313,30.34514709288858,38.846421125781795,1.3435255964790365,515500.0,76406.0,1534.0,"Census Tract 5, Hudson County, New Jersey!!Estimate",413200.0,"Census Tract 5, Hudson County, New Jersey!!Median income (dollars)!!Estimate","52,147",52147.0,"Census Tract 5, Hudson County, New Jersey!!Total population!!Estimate",963.0,near_neither,-0.49478288890081856,-0.6326560253043061,5.710491560529501,-5.876381008293826,0.23009483795433217
"Census Tract 6, Hudson County, New Jersey","5,750 (r46396)","2,494","1,373",366,11,"1,303",1,38,164,5750.0,1373.0,366.0,1303.0,38.0,2494.0,23.878260869565217,6.365217391304348,22.660869565217396,0.6608695652173914,43.37391304347826,False,False,6.0,5790.0,1237.0,286.0,1602.0,2450.0,74.0,False,False,21.364421416234887,4.939550949913644,27.668393782383422,42.31433506044905,1.2780656303972366,389800.0,59862.0,1189.0,"Census Tract 6, Hudson County, New Jersey!!Estimate",325400.0,"Census Tract 6, Hudson County, New Jersey!!Median income (dollars)!!Estimate","48,619",48619.0,"Census Tract 6, Hudson County, New Jersey!!Total population!!Estimate",1121.0,near_neither,-2.5138394533303305,-1.425666441390704,5.007524217166026,-1.0595779830292145,0.6171960651798453
"Census Tract 7, Hudson County, New Jersey","3,486 (r46397)","1,965",862,178,4,393,0,33,51,3486.0,862.0,178.0,393.0,33.0,1965.0,24.72748135398738,5.1061388410786,11.273666092943202,0.9466437177280552,56.36833046471601,False,False,7.0,3609.0,955.0,169.0,488.0,1864.0,46.0,False,False,26.461623718481576,4.682737600443336,13.521751177611527,51.64865613743419,1.2745912995289554,577400.0,56925.0,1393.0,"Census Tract 7, Hudson County, New Jersey!!Estimate",366500.0,"Census Tract 7, Hudson County, New Jersey!!Median income (dollars)!!Estimate","48,795",48795.0,"Census Tract 7, Hudson County, New Jersey!!Total population!!Estimate",1157.0,near_neither,1.734142364494197,-0.42340124063526385,2.2480850846683254,-4.7196743272818225,0.3279475818009002
"Census Tract 8, Hudson County, New Jersey","3,900 (r46398)","2,150","1,021",253,12,345,0,58,61,3900.0,1021.0,253.0,345.0,58.0,2150.0,26.179487179487182,6.487179487179487,8.846153846153847,1.4871794871794872,55.12820512820513,True,False,8.0,4075.0,1582.0,178.0,541.0,1562.0,68.0,True,False,38.82208588957055,4.368098159509202,13.276073619631902,38.331288343558285,1.6687116564417177,452700.0,79500.0,1515.0,"Census Tract 8, Hudson County, New Jersey!!Estimate",376000.0,"Census Tract 8, Hudson County, New Jersey!!Median income (dollars)!!Estimate","65,444",65444.0,"Census Tract 8, Hudson County, New Jersey!!Total population!!Estimate",1255.0,hblr_only,12.64259871008337,-2.119081327670285,4.429919773478055,-16.796916784646847,0.18153216926223048
"Census Tract 9.02, Hudson County, New Jersey","6,100",980,"1,724",361,10,"2,802",6,39,178,6100.0,1724.0,361.0,2802.0,39.0,980.0,28.262295081967213,5.918032786885246,45.9344262295082,0.6393442622950819,16.065573770491802,False,True,9.02,6778.0,1341.0,278.0,4074.0,896.0,63.0,False,True,19.78459722632045,4.10150486869283,60.106226025376216,13.219238713484804,0.9294777220419003,347500.0,85556.0,1270.0,"Census Tract 9.02, Hudson County, New Jersey!!Estimate",326600.0,"Census Tract 9.02, Hudson County, New Jersey!!Median income (dollars)!!Estimate","35,977",35977.0,"Census Tract 9.02, Hudson County, New Jersey!!Total population!!Estimate",780.0,path_only,-8.477697855646763,-1.816527918192416,14.171799795868019,-2.846335057006998,0.29013345974681837
"Census Tract 10, Hudson County, New Jersey","1,986",570,624,91,1,631,0,15,54,1986.0,624.0,91.0,631.0,15.0,570.0,31.419939577039276,4.582074521651561,31.772406847935542,0.7552870090634441,28.700906344410875,False,False,10.0,2118.0,502.0,107.0,904.0,519.0,29.0,False,False,23.701605288007556,5.051935788479698,42.68177525967894,24.504249291784703,1.3692162417374882,461000.0,64044.0,1284.0,"Census Tract 10, Hudson County, New Jersey!!Estimate",314600.0,"Census Tract 10, Hudson County, New Jersey!!Median income (dollars)!!Estimate","59,625",59625.0,"Census Tract 10, Hudson County, New Jersey!!Total population!!Estimate",888.0,near_neither,-7.71833428903172,0.4698612668281372,10.9093684117434,-4.196657052626172,0.6139292326740441
"Census Tract 11, Hudson County, New Jersey","5,409 (r46399)","2,299","1,330",395,13,"1,195",2,70,105,5409.0,1330.0,395.0,1195.0,70.0,2299.0,24.588648548715103,7.302643741911628,22.092808282492143,1.2941393973007949,42.50323534849325,False,False,11.0,5345.0,1359.0,245.0,1634.0,1889.0,69.0,False,False,25.425631431244156,4.583723105706268,30.570626753975677,35.34144059869037,1.2909260991580918,440700.0,59898.0,1311.0,"Census Tract 11, Hudson County, New Jersey!!Estimate",362800.0,"Census Tract 11, Hudson County, New Jersey!!Median income (dollars)!!Estimate","53,174",53174.0,"Census Tract 11, Hudson County, New Jersey!!Total population!!Estimate",1215.0,near_neither,0.8369828825290533,-2.71892063620536,8.477818471483534,-7.16179474980288,-0.0032132981427031027
"Census Tract 12.01, Hudson County, New Jersey","2,158",476,346,124,11,"1,103",0,21,77,2158.0,346.0,124.0,1103.0,21.0,476.0,16.033364226135312,5.746061167747914,51.11214087117701,0.9731232622798888,22.05746061167748,False,False,12.01,2153.0,313.0,89.0,1191.0,464.0,21.0,False,False,14.537854156990246,4.133766836971668,55.31816070599164,21.5513237343242,0.9753831862517418,385300.0,78258.0,1374.0,"Census Tract 12.01, Hudson County, New Jersey!!Estimate",374800.0,"Census Tract 12.01, Hudson County, New Jersey!!Median income (dollars)!!Estimate","68,355",68355.0,"Census Tract 12.01, Hudson County, New Jersey!!Total population!!Estimate",1011.0,near_neither,-1.495510069145066,-1.6122943307762467,4.206019834814626,-0.5061368773532813,0.0022599239718530395
"Census Tract 12.02, Hudson County, New Jersey","1,357",472,198,289,4,336,1,14,43,1357.0,198.0,289.0,336.0,14.0,472.0,14.591009579955786,21.2969786293294,24.760501105379515,1.0316875460574797,34.78260869565217,False,True,12.02,1268.0,188.0,281.0,354.0,395.0,15.0,False,True,14.826498422712934,22.160883280757098,27.917981072555204,31.15141955835962,1.1829652996845426,420000.0,54967.0,1154.0,"Census Tract 12.02, Hudson County, New Jersey!!Estimate",370000.0,"Census Tract 12.02, Hudson County, New Jersey!!Median income (dollars)!!Estimate","19,150",19150.0,"Census Tract 12.02, Hudson County, New Jersey!!Total population!!Estimate",689.0,path_only,0.23548884275714776,0.8639046514276991,3.1574799671756892,-3.6311891372925515,0.15127775362706286
"Census Tract 13, Hudson County, New Jersey","2,913 (r46400)","1,445",839,189,5,372,3,7,53,2913.0,839.0,189.0,372.0,7.0,1445.0,28.80192241675249,6.488156539649846,12.770339855818744,0.2403020940611054,49.605217988328185,False,False,13.0,2624.0,919.0,148.0,449.0,962.0,44.0,False,False,35.02286585365854,5.640243902439025,17.111280487804876,36.66158536585366,1.676829268292683,439600.0,98866.0,1595.0,"Census Tract 13, Hudson County, New Jersey!!Estimate",327000.0,"Census Tract 13, Hudson County, New Jersey!!Median income (dollars)!!Estimate","48,884",48884.0,"Census Tract 13, Hudson County, New Jersey!!Total population!!Estimate",1086.0,near_neither,6.2209434369060475,-0.847912637210821,4.340940631986133,-12.943632622474524,1.4365271742315777
"Census Tract 14, Hudson County, New Jersey","3,738 (r46401)","1,752",749,294,12,797,3,35,96,3738.0,749.0,294.0,797.0,35.0,1752.0,20.0374531835206,7.865168539325842,21.321562332798287,0.9363295880149812,46.86998394863564,False,False,14.0,3867.0,900.0,214.0,1070.0,1505.0,41.0,False,False,23.273855702094647,5.534005689164727,27.670028445823636,38.91905870183605,1.0602534264287562,380800.0,64028.0,1407.0,"Census Tract 14, Hudson County, New Jersey!!Estimate",341900.0,"Census Tract 14, Hudson County, New Jersey!!Median income (dollars)!!Estimate","50,675",50675.0,"Census Tract 14, Hudson County, New Jersey!!Total population!!Estimate",966.0,near_neither,3.236402518574046,-2.3311628501611157,6.348466113025349,-7.950925246799592,0.12392383841377497
"Census Tract 17.01, Hudson County, New Jersey","4,257","1,025",752,854,8,"1,482",2,34,100,4257.0,752.0,854.0,1482.0,34.0,1025.0,17.665022316185105,20.061075875029363,34.81324876673714,0.7986845196147521,24.077989194268262,False,False,17.01,5237.0,1157.0,624.0,2054.0,1128.0,56.0,False,False,22.092801222073707,11.91521863662402,39.22092801222073,21.53904907389727,1.0693144930303609,504700.0,67500.0,1449.0,"Census Tract 17.01, Hudson County, New Jersey!!Estimate",285400.0,"Census Tract 17.01, Hudson County, New Jersey!!Median income (dollars)!!Estimate","49,250",49250.0,"Census Tract 17.01, Hudson County, New Jersey!!Total population!!Estimate",955.0,near_neither,4.4277789058886015,-8.145857238405343,4.4076792454835925,-2.5389401203709916,0.2706299734156088
"Census Tract 18, Hudson County, New Jersey","4,031","1,288",850,529,9,"1,213",4,35,103,4031.0,850.0,529.0,1213.0,35.0,1288.0,21.08657901265195,13.123294467873976,30.09178863805507,0.8682709005209625,31.95236913917142,False,False,18.0,3965.0,889.0,496.0,1555.0,850.0,35.0,False,False,22.421185372005045,12.509457755359396,39.21815889029004,21.437578814627994,0.8827238335435058,419100.0,34038.0,1126.0,"Census Tract 18, Hudson County, New Jersey!!Estimate",426900.0,"Census Tract 18, Hudson County, New Jersey!!Median income (dollars)!!Estimate","20,820",20820.0,"Census Tract 18, Hudson County, New Jersey!!Total population!!Estimate",783.0,near_neither,1.3346063593530957,-0.6138367125145798,9.12637025223497,-10.514790324543426,0.014452933022543357
"Census Tract 19, Hudson County, New Jersey","1,518 (r46402)",220,268,72,5,912,0,12,29,1518.0,268.0,72.0,912.0,12.0,220.0,17.654808959156785,4.743083003952568,60.0790513833992,0.7905138339920948,14.492753623188406,False,True,19.0,2684.0,588.0,176.0,1482.0,329.0,17.0,False,True,21.90760059612519,6.557377049180328,55.216095380029806,12.257824143070046,0.6333830104321907,361100.0,66417.0,1486.0,"Census Tract 19, Hudson County, New Jersey!!Estimate",247900.0,"Census Tract 19, Hudson County, New Jersey!!Median income (dollars)!!Estimate","31,543",31543.0,"Census Tract 19, Hudson County, New Jersey!!Total population!!Estimate",840.0,path_only,4.252791636968404,1.8142940452277596,-4.862956003369391,-2.2349294801183603,-0.15713082355990415
"Census Tract 20, Hudson County, New Jersey","4,340",913,"1,392",359,13,"1,523",2,32,106,4340.0,1392.0,359.0,1523.0,32.0,913.0,32.07373271889401,8.271889400921658,35.09216589861751,0.7373271889400922,21.036866359447004,False,True,20.0,4190.0,1202.0,305.0,1666.0,823.0,41.0,False,True,28.687350835322196,7.279236276849642,39.76133651551312,19.64200477326969,0.9785202863961814,362739.2179413456,60714.50316273721,1315.1725129384704,"Census Tract 20, Hudson County, New Jersey!!Estimate",385100.0,"Census Tract 20, Hudson County, New Jersey!!Median income (dollars)!!Estimate","39,375",39375.0,"Census Tract 20, Hudson County, New Jersey!!Total population!!Estimate",889.0,path_only,-3.3863818835718114,-0.9926531240720164,4.669170616895613,-1.3948615861773135,0.2411930974560892
"Census Tract 22, Hudson County, New Jersey","1,681",419,913,115,1,190,1,3,39,1681.0,913.0,115.0,190.0,3.0,419.0,54.31290898274837,6.841165972635337,11.302795954788817,0.1784651992861392,24.925639500297443,False,False,22.0,2036.0,1119.0,90.0,364.0,337.0,16.0,False,False,54.96070726915521,4.4204322200392925,17.87819253438114,16.55206286836935,0.7858546168958742,937500.0,116250.0,1645.0,"Census Tract 22, Hudson County, New Jersey!!Estimate",358100.0,"Census Tract 22, Hudson County, New Jersey!!Median income (dollars)!!Estimate","62,823",62823.0,"Census Tract 22, Hudson County, New Jersey!!Total population!!Estimate",1180.0,near_neither,0.6477982864068395,-2.4207337525960444,6.575396579592322,-8.373576631928092,0.607389417609735
"Census Tract 23, Hudson County, New Jersey","2,133 (r46403)",620,992,137,0,331,0,7,46,2133.0,992.0,137.0,331.0,7.0,620.0,46.507266760431314,6.422878574777309,15.518049695264883,0.3281762775433661,29.06704172526957,False,False,23.0,2470.0,1278.0,104.0,538.0,383.0,14.0,False,False,51.740890688259114,4.2105263157894735,21.78137651821862,15.506072874493926,0.5668016194331984,738600.0,122434.0,1959.0,"Census Tract 23, Hudson County, New Jersey!!Estimate",440900.0,"Census Tract 23, Hudson County, New Jersey!!Median income (dollars)!!Estimate","72,313",72313.0,"Census Tract 23, Hudson County, New Jersey!!Total population!!Estimate",1280.0,near_neither,5.2336239278278,-2.2123522589878357,6.263326822953738,-13.560968850775643,0.2386253418898323
"Census Tract 24, Hudson County, New Jersey","2,309 (r46404)",335,"1,422",146,0,298,5,16,87,2309.0,1422.0,146.0,298.0,16.0,335.0,61.585101775660455,6.323083585967952,12.906019922044177,0.6929406669553919,14.50844521437852,False,False,24.0,2806.0,1718.0,90.0,448.0,359.0,17.0,False,False,61.22594440484676,3.2074126870990733,15.965787598004278,12.794012829650747,0.6058446186742694,871800.0,131406.0,2115.0,"Census Tract 24, Hudson County, New Jersey!!Estimate",597600.0,"Census Tract 24, Hudson County, New Jersey!!Median income (dollars)!!Estimate","89,849",89849.0,"Census Tract 24, Hudson County, New Jersey!!Total population!!Estimate",1625.0,near_neither,-0.3591573708136977,-3.1156708988688786,3.059767675960101,-1.7144323847277736,-0.0870960482811225
"Census Tract 27, Hudson County, New Jersey","4,815 (r46405)","1,578",697,"1,013",27,"1,283",5,95,117,4815.0,697.0,1013.0,1283.0,95.0,1578.0,14.475597092419523,21.03842159916926,26.64589823468328,1.9730010384215992,32.77258566978193,False,False,27.0,5952.0,1224.0,1146.0,1436.0,1721.0,158.0,False,False,20.56451612903226,19.254032258064516,24.126344086021508,28.914650537634408,2.6545698924731185,339600.0,57222.0,1326.0,"Census Tract 27, Hudson County, New Jersey!!Estimate",318900.0,"Census Tract 27, Hudson County, New Jersey!!Median income (dollars)!!Estimate","57,000",57000.0,"Census Tract 27, Hudson County, New Jersey!!Total population!!Estimate",1058.0,near_neither,6.088919036612737,-1.7843893411047453,-2.519554148661772,-3.8579351321475244,0.6815688540515192
"Census Tract 28, Hudson County, New Jersey","5,671 (r46406)","1,738","1,679",989,12,978,4,87,184,5671.0,1679.0,989.0,978.0,87.0,1738.0,29.606771292540994,17.439605007935107,17.245635690354437,1.534120966319873,30.647152177746428,False,False,28.0,5643.0,1730.0,814.0,1181.0,1594.0,87.0,False,False,30.65745171008329,14.42495126705653,20.928584086478825,28.24738614212298,1.541733120680489,378300.0,65397.0,1142.0,"Census Tract 28, Hudson County, New Jersey!!Estimate",291300.0,"Census Tract 28, Hudson County, New Jersey!!Median income (dollars)!!Estimate","29,310",29310.0,"Census Tract 28, Hudson County, New Jersey!!Total population!!Estimate",790.0,near_neither,1.0506804175422957,-3.014653740878577,3.682948396124388,-2.399766035623447,0.007612154360616019
"Census Tract 29, Hudson County, New Jersey","3,923 (r46407)",781,"1,125",571,2,"1,293",2,37,112,3923.0,1125.0,571.0,1293.0,37.0,781.0,28.677032882997704,14.555187356614836,32.959469793525365,0.9431557481519244,19.908233494774407,False,False,29.0,3990.0,1275.0,384.0,1434.0,708.0,41.0,False,False,31.954887218045116,9.624060150375941,35.93984962406015,17.74436090225564,1.0275689223057645,355500.0,55862.0,1207.0,"Census Tract 29, Hudson County, New Jersey!!Estimate",284000.0,"Census Tract 29, Hudson County, New Jersey!!Median income (dollars)!!Estimate","61,875",61875.0,"Census Tract 29, Hudson County, New Jersey!!Total population!!Estimate",1032.0,near_neither,3.2778543350474116,-4.9311272062388944,2.980379830534787,-2.163872592518768,0.08441317415384009
"Census Tract 30, Hudson County, New Jersey","3,165","1,182",574,677,4,638,1,24,65,3165.0,574.0,677.0,638.0,24.0,1182.0,18.13586097946288,21.390205371248022,20.15797788309637,0.7582938388625593,37.345971563981045,False,False,30.0,2974.0,856.0,428.0,536.0,990.0,35.0,False,False,28.782784129119033,14.391392064559517,18.022864828513786,33.28850033624748,1.1768661735036987,445000.0,40731.0,1041.0,"Census Tract 30, Hudson County, New Jersey!!Estimate",362300.0,"Census Tract 30, Hudson County, New Jersey!!Median income (dollars)!!Estimate","27,083",27083.0,"Census Tract 30, Hudson County, New Jersey!!Total population!!Estimate",822.0,near_neither,10.646923149656153,-6.998813306688506,-2.1351130545825825,-4.057471227733565,0.4185723346411394
"Census Tract 31, Hudson County, New Jersey","4,094","1,270",869,608,8,"1,181",0,15,143,4094.0,869.0,608.0,1181.0,15.0,1270.0,21.22618466047875,14.851001465559357,28.847093307278943,0.3663898387884709,31.021006350757208,False,False,31.0,6211.0,1602.0,652.0,2452.0,1222.0,84.0,False,False,25.792947995491872,10.497504427628401,39.47834487200129,19.67477056834648,1.3524392207374014,378651.3413124226,76722.51300041271,1578.1613702022287,"Census Tract 31, Hudson County, New Jersey!!Estimate",407700.0,"Census Tract 31, Hudson County, New Jersey!!Median income (dollars)!!Estimate","32,609",32609.0,"Census Tract 31, Hudson County, New Jersey!!Total population!!Estimate",789.0,near_neither,4.566763335013121,-4.353497037930955,10.631251564722344,-11.346235782410727,0.9860493819489304
"Census Tract 35, Hudson County, New Jersey","1,937 (r46408)",672,848,209,2,161,2,6,37,1937.0,848.0,209.0,161.0,6.0,672.0,43.77903975219412,10.789881259679918,8.311822405782138,0.3097573567372225,34.69282395456892,False,True,35.0,2257.0,970.0,127.0,312.0,709.0,22.0,False,True,42.977403633141336,5.62693841382366,13.82365972529907,31.41338059370846,0.9747452370403189,619500.0,98173.0,1730.0,"Census Tract 35, Hudson County, New Jersey!!Estimate",675000.0,"Census Tract 35, Hudson County, New Jersey!!Median income (dollars)!!Estimate","77,632",77632.0,"Census Tract 35, Hudson County, New Jersey!!Total population!!Estimate",1422.0,path_only,-0.8016361190527874,-5.162942845856258,5.511837319516932,-3.279443360860462,0.6649878803030964
"Census Tract 40, Hudson County, New Jersey","5,286 (r46409)","1,217",700,"1,095",21,"1,992",11,130,120,5286.0,700.0,1095.0,1992.0,130.0,1217.0,13.242527430949677,20.715096481271285,37.6844494892168,2.4593265228906547,23.023079833522512,False,False,40.0,5642.0,672.0,1086.0,2077.0,1487.0,144.0,False,False,11.910669975186105,19.248493442041827,36.81318681318682,26.35590216235377,2.552286423254165,332500.0,70167.0,1429.0,"Census Tract 40, Hudson County, New Jersey!!Estimate",336500.0,"Census Tract 40, Hudson County, New Jersey!!Median income (dollars)!!Estimate","57,066",57066.0,"Census Tract 40, Hudson County, New Jersey!!Total population!!Estimate",1022.0,near_neither,-1.331857455763572,-1.466603039229458,-0.8712626760299855,3.3328223288312593,0.09295990036351043
"Census Tract 41.01, Hudson County, New Jersey","6,576","2,147","1,302","2,052",6,836,6,50,177,6576.0,1302.0,2052.0,836.0,50.0,2147.0,19.7992700729927,31.204379562043798,12.712895377128955,0.7603406326034063,32.64902676399027,False,False,41.01,6878.0,1840.0,1703.0,888.0,2075.0,112.0,False,False,26.751962779877868,24.760104681593486,12.910729863332365,30.16865367839488,1.628380343123001,381869.2942254812,74990.16681943172,1102.314390467461,"Census Tract 41.01, Hudson County, New Jersey!!Estimate",277500.0,"Census Tract 41.01, Hudson County, New Jersey!!Median income (dollars)!!Estimate","34,839",34839.0,"Census Tract 41.01, Hudson County, New Jersey!!Total population!!Estimate",882.0,near_neither,6.952692706885166,-6.444274880450312,0.19783448620341026,-2.4803730855953923,0.8680397105195947
"Census Tract 41.02, Hudson County, New Jersey","2,874",909,195,"1,509",3,195,0,18,45,2874.0,195.0,1509.0,195.0,18.0,909.0,6.784968684759916,52.505219206680586,6.784968684759916,0.6263048016701461,31.62839248434238,False,False,41.02,3091.0,461.0,1076.0,318.0,1080.0,29.0,False,False,14.914267227434488,34.81074086056292,10.287932707861533,34.94014881915238,0.9382076997735361,687500.0,72344.0,1211.0,"Census Tract 41.02, Hudson County, New Jersey!!Estimate",357000.0,"Census Tract 41.02, Hudson County, New Jersey!!Median income (dollars)!!Estimate","43,720",43720.0,"Census Tract 41.02, Hudson County, New Jersey!!Total population!!Estimate",1044.0,near_neither,8.129298542674572,-17.694478346117663,3.502964023101616,3.3117563348099956,0.31190289810339
"Census Tract 42, Hudson County, New Jersey","4,632","1,371",316,"2,148",17,543,0,100,137,4632.0,316.0,2148.0,543.0,100.0,1371.0,6.822107081174439,46.373056994818654,11.72279792746114,2.158894645941278,29.598445595854923,True,False,42.0,5100.0,764.0,1759.0,670.0,1559.0,125.0,True,False,14.980392156862745,34.490196078431374,13.137254901960786,30.56862745098039,2.450980392156863,313400.0,48138.0,1128.0,"Census Tract 42, Hudson County, New Jersey!!Estimate",312700.0,"Census Tract 42, Hudson County, New Jersey!!Median income (dollars)!!Estimate","36,080",36080.0,"Census Tract 42, Hudson County, New Jersey!!Total population!!Estimate",954.0,hblr_only,8.158285075688307,-11.88286091638728,1.414456974499645,0.9701818551254675,0.29208574621558503
"Census Tract 43, Hudson County, New Jersey","2,214 (r46410)",344,179,"1,575",4,34,1,12,65,2214.0,179.0,1575.0,34.0,12.0,344.0,8.084914182475158,71.13821138211382,1.5356820234869015,0.5420054200542005,15.537488708220415,False,False,43.0,2503.0,434.0,1264.0,105.0,552.0,39.0,False,False,17.339192968437874,50.499400719137036,4.194966040751099,22.053535757091492,1.558130243707551,464200.0,44125.0,1220.0,"Census Tract 43, Hudson County, New Jersey!!Estimate",301400.0,"Census Tract 43, Hudson County, New Jersey!!Median income (dollars)!!Estimate","39,764",39764.0,"Census Tract 43, Hudson County, New Jersey!!Total population!!Estimate",803.0,near_neither,9.254278785962716,-20.638810662976788,2.6592840172641976,6.516047048871076,1.0161248236533504
"Census Tract 44, Hudson County, New Jersey","2,406",373,40,"1,925",7,6,0,16,39,2406.0,40.0,1925.0,6.0,16.0,373.0,1.662510390689942,80.00831255195345,0.2493765586034912,0.6650041562759768,15.502909393183709,True,False,44.0,2697.0,113.0,1763.0,74.0,661.0,16.0,True,False,4.189840563589174,65.3689284390063,2.743789395624768,24.50871338524286,0.5932517612161661,388600.0,22480.0,948.0,"Census Tract 44, Hudson County, New Jersey!!Estimate",273000.0,"Census Tract 44, Hudson County, New Jersey!!Median income (dollars)!!Estimate","27,650",27650.0,"Census Tract 44, Hudson County, New Jersey!!Total population!!Estimate",715.0,hblr_only,2.527330172899232,-14.639384112947155,2.494412837021277,9.005803992059151,-0.07175239505981068
"Census Tract 45, Hudson County, New Jersey","3,922",857,182,"2,729",10,62,0,20,62,3922.0,182.0,2729.0,62.0,20.0,857.0,4.640489546149924,69.58184599694034,1.580826109127996,0.5099439061703213,21.851096379398268,True,False,45.0,4395.0,327.0,2437.0,90.0,1316.0,72.0,True,False,7.440273037542662,55.449374288964734,2.04778156996587,29.94311717861206,1.6382252559726962,237100.0,49743.0,1318.0,"Census Tract 45, Hudson County, New Jersey!!Estimate",294900.0,"Census Tract 45, Hudson County, New Jersey!!Median income (dollars)!!Estimate","39,851",39851.0,"Census Tract 45, Hudson County, New Jersey!!Total population!!Estimate",963.0,hblr_only,2.7997834913927377,-14.132471707975611,0.4669554608378741,8.092020799213792,1.128281349802375
"Census Tract 46, Hudson County, New Jersey","2,229","1,140",161,879,4,14,0,7,24,2229.0,161.0,879.0,14.0,7.0,1140.0,7.222969941677883,39.43472409152086,0.6280843427545985,0.3140421713772992,51.14401076716016,True,False,46.0,2309.0,260.0,712.0,45.0,1219.0,13.0,True,False,11.26028583802512,30.835859679514943,1.9488956258120398,52.79341706366393,0.563014291901256,298400.0,49103.0,1314.0,"Census Tract 46, Hudson County, New Jersey!!Estimate",269700.0,"Census Tract 46, Hudson County, New Jersey!!Median income (dollars)!!Estimate","30,288",30288.0,"Census Tract 46, Hudson County, New Jersey!!Total population!!Estimate",1173.0,hblr_only,4.037315896347236,-8.59886441200592,1.3208112830574414,1.64940629650377,0.24897212052395679
"Census Tract 47, Hudson County, New Jersey","2,591 (r46411)","1,195",344,872,9,113,0,6,52,2591.0,344.0,872.0,113.0,6.0,1195.0,13.27672713238132,33.65495947510614,4.361250482439213,0.2315708220764183,46.12118873021999,True,False,47.0,3304.0,1002.0,712.0,253.0,1182.0,30.0,True,False,30.326876513317192,21.54963680387409,7.657384987893462,35.77481840193705,0.9079903147699757,378500.0,66185.0,1828.0,"Census Tract 47, Hudson County, New Jersey!!Estimate",383700.0,"Census Tract 47, Hudson County, New Jersey!!Median income (dollars)!!Estimate","44,622",44622.0,"Census Tract 47, Hudson County, New Jersey!!Total population!!Estimate",1105.0,hblr_only,17.05014938093587,-12.105322671232049,3.2961345054542486,-10.346370328282944,0.6764194926935574
"Census Tract 48, Hudson County, New Jersey","4,208",908,695,"1,019",12,"1,369",2,63,140,4208.0,695.0,1019.0,1369.0,63.0,908.0,16.51615969581749,24.21577946768061,32.53326996197718,1.497148288973384,21.57794676806084,True,False,48.0,4713.0,710.0,991.0,1595.0,1122.0,97.0,True,False,15.064714619138552,21.026946743051138,33.842563123276044,23.80649267982177,2.0581370676851263,329200.0,56735.0,1649.0,"Census Tract 48, Hudson County, New Jersey!!Estimate",362000.0,"Census Tract 48, Hudson County, New Jersey!!Median income (dollars)!!Estimate","69,088",69088.0,"Census Tract 48, Hudson County, New Jersey!!Total population!!Estimate",1037.0,hblr_only,-1.4514450766789366,-3.1888327246294708,1.3092931612988608,2.2285459117609285,0.5609887787117422
"Census Tract 49, Hudson County, New Jersey","3,995",807,262,"1,979",7,746,0,113,81,3995.0,262.0,1979.0,746.0,113.0,807.0,6.55819774718398,49.5369211514393,18.67334167709637,2.828535669586984,20.200250312891114,True,False,49.0,4370.0,461.0,1612.0,805.0,1203.0,109.0,True,False,10.549199084668192,36.88787185354691,18.421052631578945,27.528604118993133,2.4942791762013727,333700.0,63918.0,1460.0,"Census Tract 49, Hudson County, New Jersey!!Estimate",329300.0,"Census Tract 49, Hudson County, New Jersey!!Median income (dollars)!!Estimate","47,344",47344.0,"Census Tract 49, Hudson County, New Jersey!!Total population!!Estimate",1081.0,hblr_only,3.991001337484212,-12.64904929789239,-0.2522890455174256,7.328353806102019,-0.33425649338561136
"Census Tract 52, Hudson County, New Jersey","4,369 (r46412)",682,571,"2,712",18,284,0,16,86,4369.0,571.0,2712.0,284.0,16.0,682.0,13.069352254520489,62.07370107576104,6.500343327992677,0.3662165255207141,15.60997940032044,False,False,52.0,4815.0,665.0,2376.0,328.0,1272.0,58.0,False,False,13.811007268951196,49.34579439252336,6.812045690550364,26.417445482866043,1.2045690550363446,243300.0,46681.0,1023.0,"Census Tract 52, Hudson County, New Jersey!!Estimate",345900.0,"Census Tract 52, Hudson County, New Jersey!!Median income (dollars)!!Estimate","36,146",36146.0,"Census Tract 52, Hudson County, New Jersey!!Total population!!Estimate",915.0,near_neither,0.741655014430707,-12.727906683237684,0.31170236255768735,10.807466082545602,0.8383525295156304
"Census Tract 53, Hudson County, New Jersey","3,053",594,65,"2,287",5,39,0,22,41,3053.0,65.0,2287.0,39.0,22.0,594.0,2.1290533901080906,74.90992466426466,1.2774320340648542,0.7206026858827383,19.45627251883393,True,False,53.0,3201.0,188.0,1995.0,38.0,912.0,12.0,True,False,5.873164636051234,62.32427366447985,1.1871290221805686,28.49109653233365,0.37488284910965325,281700.0,42092.0,1304.0,"Census Tract 53, Hudson County, New Jersey!!Estimate",324600.0,"Census Tract 53, Hudson County, New Jersey!!Median income (dollars)!!Estimate","52,368",52368.0,"Census Tract 53, Hudson County, New Jersey!!Total population!!Estimate",1241.0,hblr_only,3.7441112459431434,-12.585650999784818,-0.09030301188428558,9.034824013499719,-0.3457198367730851
"Census Tract 54, Hudson County, New Jersey","6,161 (r46413)",922,"1,054","1,959",11,"1,972",3,97,143,6161.0,1054.0,1959.0,1972.0,97.0,922.0,17.107612400584323,31.796786236000653,32.00779094302873,1.574419737055673,14.96510306768382,False,False,54.0,7307.0,1004.0,2204.0,2507.0,1085.0,207.0,False,False,13.740249076228276,30.16285753387163,34.309566169426574,14.8487751471192,2.832899958943479,361800.0,90278.0,1650.0,"Census Tract 54, Hudson County, New Jersey!!Estimate",359100.0,"Census Tract 54, Hudson County, New Jersey!!Median income (dollars)!!Estimate","98,272",98272.0,"Census Tract 54, Hudson County, New Jersey!!Total population!!Estimate",1264.0,near_neither,-3.367363324356047,-1.6339287021290225,2.3017752263978437,-0.11632792056462016,1.2584802218878062
"Census Tract 55, Hudson County, New Jersey","2,484 (r46414)",390,11,"2,022",11,14,0,0,36,2484.0,11.0,2022.0,14.0,0.0,390.0,0.4428341384863123,81.40096618357488,0.5636070853462157,0.0,15.70048309178744,True,False,55.0,3141.0,123.0,2176.0,50.0,678.0,18.0,True,False,3.9159503342884436,69.27730022285897,1.591849729385546,21.585482330468004,0.5730659025787965,301600.0,30290.0,1095.0,"Census Tract 55, Hudson County, New Jersey!!Estimate",367900.0,"Census Tract 55, Hudson County, New Jersey!!Median income (dollars)!!Estimate","53,095",53095.0,"Census Tract 55, Hudson County, New Jersey!!Total population!!Estimate",1100.0,hblr_only,3.4731161958021315,-12.123665960715911,1.0282426440393304,5.884999238680564,0.5730659025787965
"Census Tract 56, Hudson County, New Jersey","3,704",811,324,"1,521",7,775,2,117,147,3704.0,324.0,1521.0,775.0,117.0,811.0,8.74730021598272,41.063714902807774,20.92332613390929,3.1587473002159827,21.89524838012959,False,False,56.0,3897.0,342.0,1457.0,749.0,995.0,168.0,False,False,8.775981524249422,37.387734154477805,19.219912753400052,25.532460867333846,4.311008468052348,334000.0,67500.0,1399.0,"Census Tract 56, Hudson County, New Jersey!!Estimate",330300.0,"Census Tract 56, Hudson County, New Jersey!!Median income (dollars)!!Estimate","40,339",40339.0,"Census Tract 56, Hudson County, New Jersey!!Total population!!Estimate",1043.0,near_neither,0.028681308266701677,-3.6759807483299696,-1.703413380509236,3.6372124872042555,1.1522611678363655
"Census Tract 58.01, Hudson County, New Jersey","4,833 (r46415)",776,92,"3,783",11,60,1,27,83,4833.0,92.0,3783.0,60.0,27.0,776.0,1.903579557210842,78.27436374922408,1.2414649286157666,0.5586592178770949,16.056279743430583,True,False,58.01,5569.0,217.0,3423.0,143.0,1535.0,78.0,True,False,3.8965702998743046,61.465254085114026,2.5677859579816844,27.56329682169151,1.4006105225354641,283900.0,43642.0,1117.0,"Census Tract 58.01, Hudson County, New Jersey!!Estimate",332400.0,"Census Tract 58.01, Hudson County, New Jersey!!Median income (dollars)!!Estimate","38,802",38802.0,"Census Tract 58.01, Hudson County, New Jersey!!Total population!!Estimate",923.0,hblr_only,1.9929907426634625,-16.809109664110053,1.3263210293659178,11.507017078260926,0.8419513046583692
"Census Tract 58.02, Hudson County, New Jersey","1,577",132,953,67,0,371,3,12,39,1577.0,953.0,67.0,371.0,12.0,132.0,60.431198478123015,4.2485732403297405,23.52568167406468,0.7609384908053266,8.370323398858591,False,False,58.02,1683.0,845.0,79.0,449.0,154.0,36.0,False,False,50.20796197266786,4.69399881164587,26.67855020796197,9.15032679738562,2.13903743315508,517900.0,201875.0,2324.0,"Census Tract 58.02, Hudson County, New Jersey!!Estimate",746500.0,"Census Tract 58.02, Hudson County, New Jersey!!Median income (dollars)!!Estimate","175,625",175625.0,"Census Tract 58.02, Hudson County, New Jersey!!Total population!!Estimate",2000.0,near_neither,-10.223236505455155,0.4454255713161297,3.1528685338972906,0.7800033985270289,1.3780989423497534
"Census Tract 59, Hudson County, New Jersey","7,257 (r46416)","1,625","1,398","1,458",21,"2,373",5,156,221,7257.0,1398.0,1458.0,2373.0,156.0,1625.0,19.264158743282348,20.090946672178585,32.69946258784622,2.149648615130219,22.39217307427312,False,False,59.0,8300.0,1105.0,1638.0,3021.0,2019.0,237.0,False,False,13.313253012048193,19.734939759036145,36.39759036144578,24.325301204819276,2.855421686746988,309425.66555740434,91775.45216306156,1157.3585690515806,"Census Tract 59, Hudson County, New Jersey!!Estimate",384900.0,"Census Tract 59, Hudson County, New Jersey!!Median income (dollars)!!Estimate","80,473",80473.0,"Census Tract 59, Hudson County, New Jersey!!Total population!!Estimate",1046.0,near_neither,-5.950905731234155,-0.3560069131424406,3.698127773599559,1.9331281305461552,0.7057730716167687
"Census Tract 60, Hudson County, New Jersey","4,308 (r46417)","1,121",162,"2,729",14,154,0,36,92,4308.0,162.0,2729.0,154.0,36.0,1121.0,3.7604456824512535,63.347260909935,3.574744661095636,0.8356545961002786,26.02135561745589,True,False,60.0,4709.0,195.0,2572.0,206.0,1501.0,62.0,True,False,4.141006583138671,54.61881503503928,4.374601826290083,31.875132724569973,1.3166277341261414,348900.0,47007.0,1123.0,"Census Tract 60, Hudson County, New Jersey!!Estimate",348500.0,"Census Tract 60, Hudson County, New Jersey!!Median income (dollars)!!Estimate","39,716",39716.0,"Census Tract 60, Hudson County, New Jersey!!Total population!!Estimate",995.0,hblr_only,0.3805609006874171,-8.72844587489572,0.7998571651944468,5.853777107114084,0.48097313802586283
"Census Tract 61, Hudson County, New Jersey","6,745","1,565","1,214","1,913",18,"1,732",2,107,194,6745.0,1214.0,1913.0,1732.0,107.0,1565.0,17.99851742031134,28.36174944403262,25.678280207561155,1.586360266864344,23.202372127501853,False,False,61.0,7390.0,1134.0,2061.0,1797.0,1963.0,190.0,False,False,15.345060893098783,27.889039242219216,24.316644113667117,26.562922868741545,2.571041948579161,324236.4161849711,65569.08181413962,1409.6313917296577,"Census Tract 61, Hudson County, New Jersey!!Estimate",369000.0,"Census Tract 61, Hudson County, New Jersey!!Median income (dollars)!!Estimate","50,324",50324.0,"Census Tract 61, Hudson County, New Jersey!!Total population!!Estimate",902.0,near_neither,-2.6534565272125583,-0.4727102018134026,-1.3616360938940382,3.3605507412396918,0.9846816817148172
"Census Tract 62, Hudson County, New Jersey","3,649 (r46418)","1,180",375,"1,544",16,372,0,80,82,3649.0,375.0,1544.0,372.0,80.0,1180.0,10.276788161140038,42.31296245546725,10.194573855850916,2.1923814743765413,32.33762674705399,True,False,62.0,4047.0,394.0,1450.0,425.0,1431.0,152.0,True,False,9.735606622189277,35.82900914257475,10.501606127996046,35.35952557449963,3.755868544600939,354700.0,42647.0,1156.0,"Census Tract 62, Hudson County, New Jersey!!Estimate",265900.0,"Census Tract 62, Hudson County, New Jersey!!Median income (dollars)!!Estimate","31,077",31077.0,"Census Tract 62, Hudson County, New Jersey!!Total population!!Estimate",1028.0,hblr_only,-0.5411815389507613,-6.483953312892503,0.30703227214513085,3.0218988274456393,1.5634870702243977
"Census Tract 63, Hudson County, New Jersey","4,293 (r46419)","1,477",539,"1,740",20,316,2,74,125,4293.0,539.0,1740.0,316.0,74.0,1477.0,12.5553226182157,40.53109713487072,7.360819939436292,1.7237363149312834,34.40484509666899,True,False,63.0,4792.0,459.0,1822.0,302.0,1855.0,163.0,True,False,9.578464106844741,38.02170283806344,6.302170283806344,38.71035058430718,3.401502504173623,288300.0,54695.0,1152.0,"Census Tract 63, Hudson County, New Jersey!!Estimate",346400.0,"Census Tract 63, Hudson County, New Jersey!!Median income (dollars)!!Estimate","46,701",46701.0,"Census Tract 63, Hudson County, New Jersey!!Total population!!Estimate",973.0,hblr_only,-2.976858511370958,-2.5093942968072795,-1.0586496556299476,4.305505487638186,1.6777661892423397
"Census Tract 64, Hudson County, New Jersey","3,101 (r46420)",750,"1,616",212,3,421,0,15,84,3101.0,1616.0,212.0,421.0,15.0,750.0,52.11222186391487,6.836504353434377,13.576265720735249,0.4837149306675266,24.185746533376328,False,True,64.0,3276.0,1814.0,145.0,586.0,514.0,32.0,False,True,55.372405372405375,4.426129426129426,17.887667887667888,15.68986568986569,0.9768009768009768,730700.0,134861.0,2149.0,"Census Tract 64, Hudson County, New Jersey!!Estimate",544000.0,"Census Tract 64, Hudson County, New Jersey!!Median income (dollars)!!Estimate","82,946",82946.0,"Census Tract 64, Hudson County, New Jersey!!Total population!!Estimate",1426.0,path_only,3.260183508490506,-2.41037492730495,4.3114021669326394,-8.495880843510639,0.4930860461334502
"Census Tract 65, Hudson County, New Jersey","1,843",709,652,263,12,154,0,6,47,1843.0,652.0,263.0,154.0,6.0,709.0,35.37710255018991,14.270211611502983,8.355941399891481,0.3255561584373304,38.46988605534455,False,False,65.0,2270.0,960.0,211.0,317.0,657.0,25.0,False,False,42.290748898678416,9.295154185022026,13.964757709251103,28.942731277533042,1.1013215859030838,660000.0,107031.0,957.0,"Census Tract 65, Hudson County, New Jersey!!Estimate",437300.0,"Census Tract 65, Hudson County, New Jersey!!Median income (dollars)!!Estimate","68,344",68344.0,"Census Tract 65, Hudson County, New Jersey!!Total population!!Estimate",1183.0,near_neither,6.913646348488506,-4.975057426480957,5.6088163093596215,-9.52715477781151,0.7757654274657535
"Census Tract 66, Hudson County, New Jersey","1,446",79,214,40,0,"1,079",0,4,30,1446.0,214.0,40.0,1079.0,4.0,79.0,14.79944674965422,2.7662517289073305,74.61964038727524,0.2766251728907331,5.463347164591978,False,False,66.0,1329.0,212.0,45.0,909.0,83.0,42.0,False,False,15.951843491346878,3.3860045146726865,68.39729119638827,6.245297215951844,3.160270880361174,551200.0,102386.0,1988.0,"Census Tract 66, Hudson County, New Jersey!!Estimate",390300.0,"Census Tract 66, Hudson County, New Jersey!!Median income (dollars)!!Estimate","64,398",64398.0,"Census Tract 66, Hudson County, New Jersey!!Total population!!Estimate",1228.0,near_neither,1.1523967416926588,0.619752785765356,-6.222349190886973,0.7819500513598658,2.883645707470441
"Census Tract 67, Hudson County, New Jersey","3,519 (r46421)","1,227",69,"2,135",7,53,0,4,24,3519.0,69.0,2135.0,53.0,4.0,1227.0,1.96078431372549,60.67064506962205,1.5061096902529127,0.1136686558681443,34.86786018755328,False,False,67.0,3670.0,374.0,1595.0,106.0,1461.0,20.0,False,False,10.190735694822889,43.46049046321526,2.888283378746594,39.80926430517711,0.544959128065395,284700.0,24113.0,622.0,"Census Tract 67, Hudson County, New Jersey!!Estimate",298100.0,"Census Tract 67, Hudson County, New Jersey!!Median income (dollars)!!Estimate","18,825",18825.0,"Census Tract 67, Hudson County, New Jersey!!Total population!!Estimate",537.0,near_neither,8.229951381097399,-17.21015460640679,1.3821736884936813,4.941404117623826,0.43129047219725075
"Census Tract 68, Hudson County, New Jersey","3,343 (r46422)",545,45,"2,637",15,9,0,25,67,3343.0,45.0,2637.0,9.0,25.0,545.0,1.3460963206700567,78.88124439126533,0.2692192641340113,0.7478312892611426,16.30272210589291,True,False,68.0,4143.0,155.0,2600.0,130.0,1080.0,52.0,True,False,3.741250301713734,62.7564566739078,3.1378228336953895,26.06806661839247,1.255129133478156,0.0,47332.0,1289.0,"Census Tract 68, Hudson County, New Jersey!!Estimate",228300.0,"Census Tract 68, Hudson County, New Jersey!!Median income (dollars)!!Estimate","34,688",34688.0,"Census Tract 68, Hudson County, New Jersey!!Total population!!Estimate",943.0,hblr_only,2.395153981043677,-16.124787717357528,2.8686035695613783,9.76534451249956,0.5072978442170134
"Census Tract 69, Hudson County, New Jersey",81,31,23,26,0,1,0,0,0,,,,,,,,,,,,False,False,69.0,0.0,0.0,0.0,0.0,0.0,0.0,False,False,,,,,,,,,"Census Tract 69, Hudson County, New Jersey!!Estimate",287000.0,"Census Tract 69, Hudson County, New Jersey!!Median income (dollars)!!Estimate","51,364",51364.0,,,near_neither,,,,,
"Census Tract 70, Hudson County, New Jersey","3,944","1,240","1,356",271,11,952,2,17,95,3944.0,1356.0,271.0,952.0,17.0,1240.0,34.38133874239351,6.871196754563895,24.13793103448276,0.4310344827586206,31.44016227180527,False,True,70.0,4514.0,1732.0,240.0,1206.0,1120.0,22.0,False,True,38.369517058041644,5.316792202038104,26.716880815241474,24.81169694284448,0.48737261852015945,824982.3960880196,146264.88948655257,1832.437652811736,"Census Tract 70, Hudson County, New Jersey!!Estimate",427400.0,"Census Tract 70, Hudson County, New Jersey!!Median income (dollars)!!Estimate","62,750",62750.0,"Census Tract 70, Hudson County, New Jersey!!Total population!!Estimate",1189.0,path_only,3.9881783156481347,-1.5544045525257912,2.5789497807587125,-6.6284653289607895,0.05633813576153884
"Census Tract 71, Hudson County, New Jersey","3,280 (r46423)",809,961,368,9,988,1,31,113,3280.0,961.0,368.0,988.0,31.0,809.0,29.29878048780488,11.219512195121952,30.121951219512194,0.945121951219512,24.664634146341463,False,True,71.0,3510.0,1124.0,398.0,1036.0,772.0,49.0,False,True,32.022792022792025,11.339031339031338,29.51566951566952,21.994301994301992,1.396011396011396,572100.0,52344.0,1189.0,"Census Tract 71, Hudson County, New Jersey!!Estimate",303700.0,"Census Tract 71, Hudson County, New Jersey!!Median income (dollars)!!Estimate","34,438",34438.0,"Census Tract 71, Hudson County, New Jersey!!Total population!!Estimate",930.0,path_only,2.724011534987145,0.11951914390938612,-0.6062817038426758,-2.670332152039471,0.450889444791884
"Census Tract 72, Hudson County, New Jersey","2,160 (r46424)",232,"1,054",180,4,634,0,8,48,2160.0,1054.0,180.0,634.0,8.0,232.0,48.7962962962963,8.333333333333332,29.35185185185185,0.3703703703703704,10.74074074074074,False,False,72.0,3269.0,1544.0,184.0,1050.0,297.0,31.0,False,False,47.23156928724381,5.62863260936066,32.11991434689507,9.085347200978893,0.9483022330988069,751800.0,190000.0,3026.0,"Census Tract 72, Hudson County, New Jersey!!Estimate",583300.0,"Census Tract 72, Hudson County, New Jersey!!Median income (dollars)!!Estimate","110,000",110000.0,"Census Tract 72, Hudson County, New Jersey!!Total population!!Estimate",1958.0,near_neither,-1.5647270090524898,-2.704700723972672,2.768062495043221,-1.6553935397618478,0.5779318627284364
"Census Tract 73, Hudson County, New Jersey","1,034",62,564,40,1,347,0,4,16,1034.0,564.0,40.0,347.0,4.0,62.0,54.54545454545454,3.8684719535783367,33.558994197292066,0.3868471953578337,5.996131528046422,True,False,73.0,4946.0,2395.0,133.0,1878.0,351.0,30.0,True,False,48.42296805499394,2.689041649818035,37.970076829761425,7.096643752527294,0.606550748079256,698700.0,165417.0,2817.0,"Census Tract 73, Hudson County, New Jersey!!Estimate",483800.0,"Census Tract 73, Hudson County, New Jersey!!Median income (dollars)!!Estimate","110,917",110917.0,,,hblr_only,-6.122486490460602,-1.1794303037603018,4.411082632469359,1.1005122244808723,0.21970355272142233
"Census Tract 74, Hudson County, New Jersey","4,141",313,"2,248",157,1,"1,286",0,16,120,4141.0,2248.0,157.0,1286.0,16.0,313.0,54.28640425018112,3.791354745230621,31.05530065201642,0.3863801014247766,7.558560734122192,True,True,74.0,5833.0,2862.0,150.0,2111.0,400.0,37.0,True,True,49.065660894908284,2.571575518601063,36.19063946511229,6.857534716269501,0.6343219612549289,917700.0,190975.0,3440.0,"Census Tract 74, Hudson County, New Jersey!!Estimate",677800.0,"Census Tract 74, Hudson County, New Jersey!!Median income (dollars)!!Estimate","148,906",148906.0,"Census Tract 74, Hudson County, New Jersey!!Total population!!Estimate",2000.0,near_both,-5.2207433552728375,-1.2197792266295577,5.135338813095871,-0.7010260178526915,0.24794185983015232
"Census Tract 75, Hudson County, New Jersey","5,044",545,"2,045",400,11,"1,897",1,24,121,5044.0,2045.0,400.0,1897.0,24.0,545.0,40.54321966693101,7.930214115781125,37.60904044409199,0.4758128469468675,10.804916732751783,True,True,75.0,7364.0,3189.0,417.0,2626.0,748.0,99.0,True,True,43.30526887561108,5.662683324280283,35.65996740901684,10.157523085279738,1.3443780554046714,669500.0,114406.0,2245.0,"Census Tract 75, Hudson County, New Jersey!!Estimate",335700.0,"Census Tract 75, Hudson County, New Jersey!!Median income (dollars)!!Estimate","91,510",91510.0,"Census Tract 75, Hudson County, New Jersey!!Total population!!Estimate",1583.0,near_both,2.762049208680068,-2.2675307915008416,-1.9490730350751448,-0.647393647472045,0.8685652084578039
"Census Tract 76, Hudson County, New Jersey","5,690",354,"1,827",176,6,"3,159",0,37,131,5690.0,1827.0,176.0,3159.0,37.0,354.0,32.10896309314587,3.093145869947276,55.51845342706503,0.6502636203866432,6.221441124780316,True,True,76.0,15578.0,5402.0,347.0,8340.0,887.0,112.0,True,True,34.67710874309925,2.227500320965464,53.537039414559,5.693927333418925,0.7189626396199769,766578.2696177062,185170.86720321933,3075.3319919517103,"Census Tract 76, Hudson County, New Jersey!!Estimate",540900.0,"Census Tract 76, Hudson County, New Jersey!!Median income (dollars)!!Estimate","147,739",147739.0,"Census Tract 76, Hudson County, New Jersey!!Total population!!Estimate",2000.0,near_both,2.5681456499533795,-0.8656455489818118,-1.9814140125060362,-0.5275137913613914,0.06869901923333366
"Census Tract 77, Hudson County, New Jersey","9,618",401,"1,986",353,21,"6,671",0,29,157,9618.0,1986.0,353.0,6671.0,29.0,401.0,20.6487835308796,3.670201705136203,69.35953420669578,0.3015179871075067,4.169265959658973,True,True,77.0,12388.0,2439.0,320.0,8698.0,559.0,70.0,True,True,19.688408136906684,2.583144979011947,70.2131094607685,4.512431385211495,0.5650629641588635,669918.1609195402,151262.55632183907,2894.7986206896553,"Census Tract 77, Hudson County, New Jersey!!Estimate",565000.0,"Census Tract 77, Hudson County, New Jersey!!Median income (dollars)!!Estimate","117,277",117277.0,"Census Tract 77, Hudson County, New Jersey!!Total population!!Estimate",2000.0,near_both,-0.9603753939729174,-1.0870567261242559,0.8535752540727088,0.34316542555252205,0.26354497705135677
"Census Tract 78, Hudson County, New Jersey","1,360",381,314,297,2,329,0,6,31,1360.0,314.0,297.0,329.0,6.0,381.0,23.08823529411765,21.83823529411765,24.19117647058824,0.4411764705882353,28.014705882352946,False,False,78.0,4343.0,1895.0,485.0,1119.0,708.0,25.0,False,False,43.63343311075293,11.167395809348376,25.765599815795532,16.30209532581165,0.5756389592447617,0.0,75313.0,2092.0,"Census Tract 78, Hudson County, New Jersey!!Estimate",,"Census Tract 78, Hudson County, New Jersey!!Median income (dollars)!!Estimate","14,824",14824.0,"Census Tract 78, Hudson County, New Jersey!!Total population!!Estimate",480.0,near_neither,20.545197816635284,-10.670839484769273,1.5744233452072933,-11.712610556541296,0.13446248865652644
"Census Tract 101, Hudson County, New Jersey","5,614","1,471","2,820",447,4,711,1,22,138,5614.0,2820.0,447.0,711.0,22.0,1471.0,50.23156394727467,7.9622372639828995,12.664766654791592,0.3918774492340577,26.202351264695405,False,False,101.0,6695.0,2573.0,818.0,1022.0,1998.0,70.0,False,False,38.43166542195669,12.218073188946974,15.265123226288274,29.84316654219567,1.0455563853622107,288700.0,71087.0,1384.0,"Census Tract 101, Hudson County, New Jersey!!Estimate",424400.0,"Census Tract 101, Hudson County, New Jersey!!Median income (dollars)!!Estimate","53,614",53614.0,"Census Tract 101, Hudson County, New Jersey!!Total population!!Estimate",1035.0,near_neither,-11.799898525317985,4.2558359249640745,2.6003565714966825,3.6408152775002662,0.653678936128153
"Census Tract 102, Hudson County, New Jersey","3,151",760,"1,815",225,1,265,3,31,51,3151.0,1815.0,225.0,265.0,31.0,760.0,57.60076166296414,7.140590288797208,8.410028562361155,0.9838146620120596,24.11932719771501,True,False,102.0,3477.0,1627.0,334.0,349.0,995.0,52.0,True,False,46.793212539545586,9.605982168536094,10.03738855335059,28.616623526028185,1.4955421340235837,427000.0,88370.0,1361.0,"Census Tract 102, Hudson County, New Jersey!!Estimate",328300.0,"Census Tract 102, Hudson County, New Jersey!!Median income (dollars)!!Estimate","54,020",54020.0,"Census Tract 102, Hudson County, New Jersey!!Total population!!Estimate",1022.0,hblr_only,-10.807549123418553,2.4653918797388865,1.6273599909894347,4.497296328313176,0.5117274720115241
"Census Tract 103, Hudson County, New Jersey","2,774",746,"1,493",279,3,209,1,10,33,2774.0,1493.0,279.0,209.0,10.0,746.0,53.82119682768566,10.057678442682048,7.534246575342466,0.3604902667627974,26.892573900504686,True,False,103.0,3131.0,1346.0,278.0,273.0,1070.0,28.0,True,False,42.98946023634622,8.87895241137017,8.71925902267646,34.174385180453534,0.8942829766847652,351000.0,61035.0,1223.0,"Census Tract 103, Hudson County, New Jersey!!Estimate",363000.0,"Census Tract 103, Hudson County, New Jersey!!Median income (dollars)!!Estimate","43,101",43101.0,"Census Tract 103, Hudson County, New Jersey!!Total population!!Estimate",916.0,hblr_only,-10.831736591339443,-1.1787260313118786,1.1850124473339951,7.2818112799488475,0.5337927099219678
"Census Tract 104, Hudson County, New Jersey","3,780",865,"2,216",276,1,345,1,9,67,3780.0,2216.0,276.0,345.0,9.0,865.0,58.62433862433862,7.301587301587302,9.126984126984128,0.2380952380952381,22.883597883597883,True,False,104.0,5008.0,1954.0,494.0,1070.0,1303.0,36.0,True,False,39.01757188498402,9.864217252396166,21.365814696485625,26.01837060702875,0.7188498402555911,368900.0,82292.0,1720.0,"Census Tract 104, Hudson County, New Jersey!!Estimate",365600.0,"Census Tract 104, Hudson County, New Jersey!!Median income (dollars)!!Estimate","68,368",68368.0,"Census Tract 104, Hudson County, New Jersey!!Total population!!Estimate",1008.0,hblr_only,-19.606766739354597,2.562629950808864,12.238830569501497,3.134772723430867,0.48075460216035293
"Census Tract 105, Hudson County, New Jersey","5,208","1,048","3,315",281,7,466,1,20,70,5208.0,3315.0,281.0,466.0,20.0,1048.0,63.6520737327189,5.395545314900153,8.947772657450077,0.3840245775729646,20.12288786482335,False,False,105.0,5712.0,2999.0,456.0,610.0,1451.0,55.0,False,False,52.503501400560225,7.9831932773109235,10.679271708683473,25.402661064425768,0.9628851540616247,360300.0,95990.0,1503.0,"Census Tract 105, Hudson County, New Jersey!!Estimate",373700.0,"Census Tract 105, Hudson County, New Jersey!!Median income (dollars)!!Estimate","57,255",57255.0,"Census Tract 105, Hudson County, New Jersey!!Total population!!Estimate",956.0,near_neither,-11.148572332158672,2.58764796241077,1.7314990512333956,5.279773199602417,0.5788605764886601
"Census Tract 106, Hudson County, New Jersey","6,544","1,661","3,797",339,7,595,0,29,116,6544.0,3797.0,339.0,595.0,29.0,1661.0,58.02261613691931,5.180317848410758,9.092298288508555,0.4431540342298288,25.3820293398533,False,False,106.0,7288.0,3546.0,550.0,638.0,2287.0,57.0,False,False,48.655323819978044,7.546652030735455,8.754116355653128,31.380351262349066,0.7821075740944018,319992.7814569537,48930.44701986755,884.4543046357616,"Census Tract 106, Hudson County, New Jersey!!Estimate",351000.0,"Census Tract 106, Hudson County, New Jersey!!Median income (dollars)!!Estimate","44,093",44093.0,"Census Tract 106, Hudson County, New Jersey!!Total population!!Estimate",857.0,near_neither,-9.367292316941267,2.366334182324697,-0.3381819328554272,5.998321922495766,0.338953539864573
"Census Tract 107, Hudson County, New Jersey","3,693 (r46425)","1,100","1,948",295,8,268,2,9,63,3693.0,1948.0,295.0,268.0,9.0,1100.0,52.74844300027078,7.988085567289467,7.256972650961278,0.2437043054427295,29.786081776333607,True,False,107.0,4054.0,1819.0,330.0,332.0,1403.0,29.0,True,False,44.86926492353231,8.140108534780465,8.189442525900345,34.60779477059694,0.7153428712382831,372209.17085427133,61833.67336683417,1181.7751256281408,"Census Tract 107, Hudson County, New Jersey!!Estimate",348000.0,"Census Tract 107, Hudson County, New Jersey!!Median income (dollars)!!Estimate","35,984",35984.0,"Census Tract 107, Hudson County, New Jersey!!Total population!!Estimate",959.0,hblr_only,-7.879178076738469,0.15202296749099808,0.9324698749390672,4.821712994263333,0.47163856579555363
"Census Tract 108, Hudson County, New Jersey","3,143",907,"1,720",163,3,287,1,7,55,3143.0,1720.0,163.0,287.0,7.0,907.0,54.72478523703468,5.186127903277124,9.131403118040089,0.2227171492204899,28.85777919185492,False,False,108.0,3688.0,1492.0,274.0,398.0,1373.0,32.0,False,False,40.455531453362255,7.429501084598698,10.79175704989154,37.22885032537961,0.8676789587852495,332900.0,80662.0,1611.0,"Census Tract 108, Hudson County, New Jersey!!Estimate",362300.0,"Census Tract 108, Hudson County, New Jersey!!Median income (dollars)!!Estimate","80,156",80156.0,"Census Tract 108, Hudson County, New Jersey!!Total population!!Estimate",1011.0,near_neither,-14.269253783672426,2.243373181321574,1.6603539318514517,8.37107113352469,0.6449618095647596
"Census Tract 109, Hudson County, New Jersey","2,144",569,"1,158",213,2,150,0,12,40,2144.0,1158.0,213.0,150.0,12.0,569.0,54.01119402985075,9.934701492537314,6.996268656716417,0.5597014925373134,26.53917910447761,True,False,109.0,2700.0,1186.0,342.0,268.0,777.0,32.0,True,False,43.925925925925924,12.666666666666668,9.925925925925926,28.77777777777778,1.1851851851851851,395300.0,45795.0,1069.0,"Census Tract 109, Hudson County, New Jersey!!Estimate",368800.0,"Census Tract 109, Hudson County, New Jersey!!Median income (dollars)!!Estimate","24,911",24911.0,"Census Tract 109, Hudson County, New Jersey!!Total population!!Estimate",803.0,hblr_only,-10.085268103924825,2.7319651741293534,2.9296572692095086,2.2385986733001673,0.6254836926478717
"Census Tract 110, Hudson County, New Jersey","2,287",851,831,303,5,223,0,26,48,2287.0,831.0,303.0,223.0,26.0,851.0,36.335811106252734,13.24879755137735,9.75076519457805,1.1368605159597729,37.21031919545256,True,False,110.0,2543.0,854.0,409.0,337.0,848.0,28.0,True,False,33.58238301219033,16.08336610302792,13.252064490758947,33.34644121116791,1.1010617381046008,366500.0,61341.0,1342.0,"Census Tract 110, Hudson County, New Jersey!!Estimate",289500.0,"Census Tract 110, Hudson County, New Jersey!!Median income (dollars)!!Estimate","49,618",49618.0,"Census Tract 110, Hudson County, New Jersey!!Total population!!Estimate",1080.0,hblr_only,-2.753428094062407,2.8345685516505696,3.501299296180898,-3.863877984284656,-0.03579877785517205
"Census Tract 111, Hudson County, New Jersey","4,593","1,667","1,939",492,10,346,0,19,120,4593.0,1939.0,492.0,346.0,19.0,1667.0,42.21641628565208,10.711952971913782,7.533202699760505,0.4136729806226867,36.29436098410625,False,False,111.0,4715.0,1752.0,622.0,277.0,1887.0,44.0,False,False,37.158006362672324,13.191940615058325,5.874867444326617,40.021208907741254,0.9331919406150583,320300.0,52602.0,1346.0,"Census Tract 111, Hudson County, New Jersey!!Estimate",372900.0,"Census Tract 111, Hudson County, New Jersey!!Median income (dollars)!!Estimate","45,372",45372.0,"Census Tract 111, Hudson County, New Jersey!!Total population!!Estimate",1115.0,near_neither,-5.058409922979756,2.4799876431445433,-1.6583352554338875,3.726847923635006,0.5195189599923715
"Census Tract 112, Hudson County, New Jersey","6,432","1,311","4,381",255,4,341,0,24,116,6432.0,4381.0,255.0,341.0,24.0,1311.0,68.11256218905473,3.9645522388059695,5.301616915422885,0.3731343283582089,20.38246268656717,True,False,112.0,7398.0,4107.0,532.0,579.0,1940.0,63.0,True,False,55.515004055150044,7.191132738577995,7.826439578264396,26.22330359556637,0.851581508515815,379900.0,93750.0,1499.0,"Census Tract 112, Hudson County, New Jersey!!Estimate",412600.0,"Census Tract 112, Hudson County, New Jersey!!Median income (dollars)!!Estimate","74,375",74375.0,"Census Tract 112, Hudson County, New Jersey!!Total population!!Estimate",1127.0,hblr_only,-12.597558133904684,3.2265804997720253,2.524822662841511,5.840840908999201,0.4784471801576061
"Census Tract 113, Hudson County, New Jersey","2,920",858,"1,613",235,3,167,0,4,40,2920.0,1613.0,235.0,167.0,4.0,858.0,55.23972602739726,8.047945205479452,5.719178082191781,0.136986301369863,29.383561643835616,True,False,113.0,3238.0,1353.0,336.0,232.0,1201.0,39.0,True,False,41.785052501544165,10.376775787523162,7.164916615194565,37.09079678814083,1.2044471896232243,280600.0,62557.0,1210.0,"Census Tract 113, Hudson County, New Jersey!!Estimate",297800.0,"Census Tract 113, Hudson County, New Jersey!!Median income (dollars)!!Estimate","50,357",50357.0,"Census Tract 113, Hudson County, New Jersey!!Total population!!Estimate",934.0,hblr_only,-13.454673525853096,2.328830582043709,1.4457385330027845,7.707235144305212,1.0674608882533612
"Census Tract 114, Hudson County, New Jersey","3,388",690,"2,331",172,1,150,0,3,41,3388.0,2331.0,172.0,150.0,3.0,690.0,68.80165289256198,5.076741440377805,4.427390791027155,0.0885478158205431,20.365997638724917,True,False,114.0,3863.0,1980.0,375.0,237.0,1164.0,15.0,True,False,51.25550090603158,9.707481232202952,6.135128138752266,30.13202174475796,0.38829924928811804,322900.0,83103.0,1247.0,"Census Tract 114, Hudson County, New Jersey!!Estimate",340500.0,"Census Tract 114, Hudson County, New Jersey!!Median income (dollars)!!Estimate","63,701",63701.0,"Census Tract 114, Hudson County, New Jersey!!Total population!!Estimate",1009.0,hblr_only,-17.546151986530397,4.630739791825147,1.7077373477251108,9.766024106033043,0.29975143346757493
"Census Tract 115, Hudson County, New Jersey","3,173",692,"2,228",93,3,121,0,4,32,3173.0,2228.0,93.0,121.0,4.0,692.0,70.2174598172077,2.930980144973212,3.8134257800189095,0.1260636621493854,21.80901355184368,True,False,115.0,3429.0,1911.0,217.0,186.0,988.0,23.0,True,False,55.730533683289586,6.328375619714202,5.42432195975503,28.813065033537477,0.6707494896471274,364900.0,70673.0,1225.0,"Census Tract 115, Hudson County, New Jersey!!Estimate",391200.0,"Census Tract 115, Hudson County, New Jersey!!Median income (dollars)!!Estimate","65,781",65781.0,"Census Tract 115, Hudson County, New Jersey!!Total population!!Estimate",982.0,hblr_only,-14.48692613391811,3.39739547474099,1.6108961797361205,7.004051481693796,0.544685827497742
"Census Tract 116, Hudson County, New Jersey","4,180","1,055","2,216",662,4,159,0,5,79,4180.0,2216.0,662.0,159.0,5.0,1055.0,53.014354066985646,15.83732057416268,3.803827751196173,0.1196172248803827,25.239234449760765,False,False,116.0,4747.0,2198.0,749.0,203.0,1416.0,35.0,False,False,46.30292816515694,15.778386349273225,4.276385085317043,29.829365915314938,0.7373077733305246,344500.0,39486.0,830.0,"Census Tract 116, Hudson County, New Jersey!!Estimate",349400.0,"Census Tract 116, Hudson County, New Jersey!!Median income (dollars)!!Estimate","47,021",47021.0,"Census Tract 116, Hudson County, New Jersey!!Total population!!Estimate",786.0,near_neither,-6.711425901828704,-0.05893422488945532,0.47255733412086975,4.5901314655541725,0.6176905484501418
"Census Tract 123, Hudson County, New Jersey","2,206",717,"1,214",51,4,148,0,25,47,2206.0,1214.0,51.0,148.0,25.0,717.0,55.031731640979146,2.3118766999093383,6.708975521305531,1.1332728921124209,32.502266545784224,False,False,123.0,2250.0,860.0,48.0,119.0,1042.0,55.0,False,False,38.22222222222222,2.1333333333333333,5.288888888888889,46.31111111111111,2.4444444444444446,355600.0,78750.0,1191.0,"Census Tract 123, Hudson County, New Jersey!!Estimate",368200.0,"Census Tract 123, Hudson County, New Jersey!!Median income (dollars)!!Estimate","50,890",50890.0,"Census Tract 123, Hudson County, New Jersey!!Total population!!Estimate",978.0,near_neither,-16.809509418756925,-0.178543366576005,-1.4200866324166421,13.808844565326886,1.3111715523320238
"Census Tract 124, Hudson County, New Jersey","3,191",734,"2,287",29,0,103,1,16,21,3191.0,2287.0,29.0,103.0,16.0,734.0,71.6703227828267,0.9088060169225948,3.22782826700094,0.5014102162331557,23.00219366969602,False,False,124.0,3230.0,1873.0,35.0,171.0,1000.0,43.0,False,False,57.987616099071204,1.08359133126935,5.294117647058823,30.959752321981426,1.3312693498452013,381800.0,80648.0,1222.0,"Census Tract 124, Hudson County, New Jersey!!Estimate",444300.0,"Census Tract 124, Hudson County, New Jersey!!Median income (dollars)!!Estimate","100,078",100078.0,"Census Tract 124, Hudson County, New Jersey!!Total population!!Estimate",1124.0,near_neither,-13.682706683755498,0.17478531434675515,2.066289380057883,7.957558652285407,0.8298591336120456
"Census Tract 125, Hudson County, New Jersey","3,754","1,080","2,382",50,7,160,0,27,48,3754.0,2382.0,50.0,160.0,27.0,1080.0,63.45231752797017,1.3319126265316994,4.262120404901439,0.7192328183271177,28.76931273308471,False,False,125.0,3900.0,1900.0,52.0,179.0,1470.0,64.0,False,False,48.717948717948715,1.3333333333333335,4.589743589743589,37.69230769230769,1.641025641025641,436200.0,94197.0,1210.0,"Census Tract 125, Hudson County, New Jersey!!Estimate",392100.0,"Census Tract 125, Hudson County, New Jersey!!Median income (dollars)!!Estimate","80,938",80938.0,"Census Tract 125, Hudson County, New Jersey!!Total population!!Estimate",1042.0,near_neither,-14.734368810021458,0.0014207068016340862,0.32762318484215047,8.922994959222983,0.9217928226985233
"Census Tract 126, Hudson County, New Jersey","3,472","1,230","1,909",60,3,142,0,57,71,3472.0,1909.0,60.0,142.0,57.0,1230.0,54.98271889400922,1.7281105990783412,4.089861751152074,1.6417050691244237,35.426267281105986,False,False,126.0,3846.0,1566.0,58.0,153.0,1729.0,127.0,False,False,40.71762870514821,1.5080603224128966,3.978159126365054,44.95579823192928,3.3021320852834117,348600.0,91492.0,1365.0,"Census Tract 126, Hudson County, New Jersey!!Estimate",324100.0,"Census Tract 126, Hudson County, New Jersey!!Median income (dollars)!!Estimate","63,848",63848.0,"Census Tract 126, Hudson County, New Jersey!!Total population!!Estimate",1019.0,near_neither,-14.26509018886101,-0.22005027666544463,-0.11170262478701964,9.529530950823293,1.660427016158988
"Census Tract 127, Hudson County, New Jersey","7,186","2,586","3,049","1,203",6,162,18,67,95,7186.0,3049.0,1203.0,162.0,67.0,2586.0,42.42972446423601,16.740885054272194,2.2543835235179515,0.9323684942944616,35.986640690231006,False,False,127.0,6009.0,2299.0,492.0,230.0,2533.0,167.0,False,False,38.259277750041605,8.187718422366451,3.8275919454152105,42.15343651189882,2.779164586453653,326500.0,75863.0,1293.0,"Census Tract 127, Hudson County, New Jersey!!Estimate",331700.0,"Census Tract 127, Hudson County, New Jersey!!Median income (dollars)!!Estimate","60,710",60710.0,"Census Tract 127, Hudson County, New Jersey!!Total population!!Estimate",1196.0,near_neither,-4.170446714194405,-8.553166631905743,1.573208421897259,6.166795821667812,1.8467960921591913
"Census Tract 128, Hudson County, New Jersey","4,118","1,611","2,139",63,4,140,0,107,54,4118.0,2139.0,63.0,140.0,107.0,1611.0,51.94269062651773,1.52986886838271,3.3997085964060223,2.59834871296746,39.12093249150072,False,False,128.0,4829.0,1497.0,123.0,329.0,2397.0,178.0,False,False,31.000207082211638,2.5471112031476495,6.813004762890867,49.63760612963347,3.686063367156761,346600.0,61875.0,1479.0,"Census Tract 128, Hudson County, New Jersey!!Estimate",335500.0,"Census Tract 128, Hudson County, New Jersey!!Median income (dollars)!!Estimate","52,317",52317.0,"Census Tract 128, Hudson County, New Jersey!!Total population!!Estimate",1256.0,near_neither,-20.942483544306093,1.0172423347649395,3.413296166484845,10.516673638132751,1.087714654189301
"Census Tract 129, Hudson County, New Jersey","3,919","1,779","1,812",59,9,147,0,79,34,3919.0,1812.0,59.0,147.0,79.0,1779.0,46.23628476652208,1.5054860933911711,3.7509568767542736,2.015820362337331,45.39423322276091,False,False,129.0,4062.0,1121.0,91.0,137.0,2371.0,135.0,False,False,27.5972427375677,2.24027572624323,3.3727227966518956,58.37026095519449,3.323485967503693,366000.0,72628.0,1440.0,"Census Tract 129, Hudson County, New Jersey!!Estimate",344200.0,"Census Tract 129, Hudson County, New Jersey!!Median income (dollars)!!Estimate","56,012",56012.0,"Census Tract 129, Hudson County, New Jersey!!Total population!!Estimate",1075.0,near_neither,-18.639042028954382,0.7347896328520589,-0.378234080102378,12.976027732433579,1.307665605166362
"Census Tract 130, Hudson County, New Jersey","3,393","1,916","1,200",45,2,143,2,33,52,3393.0,1200.0,45.0,143.0,33.0,1916.0,35.36693191865606,1.326259946949602,4.21455938697318,0.9725906277630416,56.46920129678751,False,False,130.0,3665.0,765.0,59.0,143.0,2377.0,160.0,False,False,20.8731241473397,1.6098226466575716,3.901773533424284,64.85675306957708,4.365620736698499,304100.0,63051.0,1318.0,"Census Tract 130, Hudson County, New Jersey!!Estimate",387000.0,"Census Tract 130, Hudson County, New Jersey!!Median income (dollars)!!Estimate","44,706",44706.0,"Census Tract 130, Hudson County, New Jersey!!Total population!!Estimate",1071.0,near_neither,-14.493807771316359,0.28356269970796966,-0.3127858535488963,8.387551772789571,3.3930301089354575
"Census Tract 131, Hudson County, New Jersey","2,043",923,940,33,1,83,0,31,32,2043.0,940.0,33.0,83.0,31.0,923.0,46.01076847772883,1.6152716593245229,4.062652961331375,1.5173764072442486,45.1786588350465,False,False,131.0,2178.0,754.0,28.0,56.0,1150.0,72.0,False,False,34.61891643709826,1.285583103764922,2.571166207529844,52.80073461891644,3.3057851239669422,336500.0,55688.0,1275.0,"Census Tract 131, Hudson County, New Jersey!!Estimate",373800.0,"Census Tract 131, Hudson County, New Jersey!!Median income (dollars)!!Estimate","57,917",57917.0,"Census Tract 131, Hudson County, New Jersey!!Total population!!Estimate",1071.0,near_neither,-11.391852040630575,-0.32968855555960097,-1.4914867538015315,7.6220757838699384,1.7884087167226936
"Census Tract 132, Hudson County, New Jersey","4,201","2,322","1,493",64,6,211,1,51,53,4201.0,1493.0,64.0,211.0,51.0,2322.0,35.53915734348965,1.5234467983813378,5.022613663413473,1.2139966674601286,55.27255415377292,False,False,132.0,4265.0,1100.0,125.0,183.0,2537.0,168.0,False,False,25.791324736225086,2.9308323563892147,4.2907385697538105,59.48417350527549,3.939038686987104,354900.0,72928.0,1429.0,"Census Tract 132, Hudson County, New Jersey!!Estimate",339700.0,"Census Tract 132, Hudson County, New Jersey!!Median income (dollars)!!Estimate","46,048",46048.0,"Census Tract 132, Hudson County, New Jersey!!Total population!!Estimate",1189.0,near_neither,-9.747832607264563,1.407385558007877,-0.7318750936596627,4.21161935150257,2.725042019526976
"Census Tract 133, Hudson County, New Jersey","3,201","1,355","1,391",64,1,307,0,30,53,3201.0,1391.0,64.0,307.0,30.0,1355.0,43.455170259293965,1.999375195251484,9.590752889721962,0.937207122774133,42.33052171196501,False,False,133.0,3765.0,1154.0,135.0,334.0,1859.0,116.0,False,False,30.650730411686588,3.5856573705179287,8.871181938911024,49.375830013280215,3.0810092961487383,329500.0,76641.0,1300.0,"Census Tract 133, Hudson County, New Jersey!!Estimate",421000.0,"Census Tract 133, Hudson County, New Jersey!!Median income (dollars)!!Estimate","56,033",56033.0,"Census Tract 133, Hudson County, New Jersey!!Total population!!Estimate",1016.0,near_neither,-12.804439847607377,1.5862821752664447,-0.7195709508109385,7.0453083013152025,2.1438021733746053
"Census Tract 134, Hudson County, New Jersey","2,406","1,477",668,17,2,188,0,30,24,2406.0,668.0,17.0,188.0,30.0,1477.0,27.763923524522028,0.7065669160432253,7.813798836242726,1.2468827930174564,61.3881961762261,False,False,134.0,2594.0,511.0,54.0,257.0,1619.0,82.0,False,False,19.69930609097918,2.081727062451812,9.907478797224364,62.41326137239784,3.1611410948342327,317300.0,60833.0,1255.0,"Census Tract 134, Hudson County, New Jersey!!Estimate",364200.0,"Census Tract 134, Hudson County, New Jersey!!Median income (dollars)!!Estimate","54,722",54722.0,"Census Tract 134, Hudson County, New Jersey!!Total population!!Estimate",1101.0,near_neither,-8.064617433542846,1.3751601464085867,2.093679960981638,1.025065196171738,1.9142583018167763
"Census Tract 135, Hudson County, New Jersey","4,531","1,999","1,824",57,2,522,0,69,58,4531.0,1824.0,57.0,522.0,69.0,1999.0,40.25601412491724,1.2580004414036636,11.520635621275655,1.5228426395939088,44.11829618185831,False,False,135.0,5028.0,1291.0,119.0,689.0,2531.0,165.0,False,False,25.67621320604614,2.3667462211614954,13.703261734287986,50.33810660302307,3.281622911694511,294100.0,49886.0,1358.0,"Census Tract 135, Hudson County, New Jersey!!Estimate",356300.0,"Census Tract 135, Hudson County, New Jersey!!Median income (dollars)!!Estimate","50,991",50991.0,"Census Tract 135, Hudson County, New Jersey!!Total population!!Estimate",1021.0,near_neither,-14.579800918871104,1.1087457797578317,2.182626113012331,6.219810421164759,1.7587802721006023
"Census Tract 136, Hudson County, New Jersey","2,144","1,155",596,17,3,331,1,22,19,2144.0,596.0,17.0,331.0,22.0,1155.0,27.798507462686565,0.792910447761194,15.438432835820896,1.0261194029850746,53.87126865671642,False,False,136.0,2234.0,360.0,32.0,394.0,1279.0,83.0,False,False,16.11459265890779,1.432408236347359,17.636526410026857,57.251566696508505,3.715308863025962,342600.0,52900.0,1360.0,"Census Tract 136, Hudson County, New Jersey!!Estimate",422200.0,"Census Tract 136, Hudson County, New Jersey!!Median income (dollars)!!Estimate","40,071",40071.0,"Census Tract 136, Hudson County, New Jersey!!Total population!!Estimate",1090.0,near_neither,-11.683914803778777,0.6394977885861649,2.198093574205961,3.3802980397920876,2.6891894600408874
"Census Tract 137, Hudson County, New Jersey","2,448","1,330",697,38,1,315,0,32,35,2448.0,697.0,38.0,315.0,32.0,1330.0,28.47222222222222,1.5522875816993464,12.867647058823527,1.30718954248366,54.33006535947712,False,False,137.0,2624.0,432.0,61.0,492.0,1507.0,55.0,False,False,16.463414634146343,2.3246951219512195,18.75,57.431402439024396,2.096036585365854,172200.0,58962.0,1313.0,"Census Tract 137, Hudson County, New Jersey!!Estimate",354000.0,"Census Tract 137, Hudson County, New Jersey!!Median income (dollars)!!Estimate","44,130",44130.0,"Census Tract 137, Hudson County, New Jersey!!Total population!!Estimate",1091.0,near_neither,-12.008807588075879,0.7724075402518731,5.882352941176473,3.101337079547278,0.7888470428821939
"Census Tract 138, Hudson County, New Jersey","1,763",654,579,28,0,424,0,47,31,1763.0,579.0,28.0,424.0,47.0,654.0,32.84174702212138,1.588201928530913,24.049914917753828,2.665910380034033,37.09585933068633,False,False,138.0,4944.0,1206.0,322.0,2105.0,985.0,125.0,False,False,24.393203883495147,6.5129449838187705,42.576860841423944,19.923139158576053,2.52831715210356,379200.0,98125.0,2042.0,"Census Tract 138, Hudson County, New Jersey!!Estimate",270800.0,"Census Tract 138, Hudson County, New Jersey!!Median income (dollars)!!Estimate","61,518",61518.0,"Census Tract 138, Hudson County, New Jersey!!Total population!!Estimate",1230.0,near_neither,-8.448543138626235,4.924743055287857,18.526945923670116,-17.172720172110278,-0.13759322793047302
"Census Tract 139, Hudson County, New Jersey","2,734",879,"1,122",33,0,606,1,64,29,2734.0,1122.0,33.0,606.0,64.0,879.0,41.03877103145575,1.207022677395757,22.165325530358448,2.3408924652523777,32.15069495245062,False,False,139.0,4620.0,1401.0,188.0,1266.0,1457.0,101.0,False,False,30.324675324675326,4.069264069264069,27.4025974025974,31.536796536796537,2.186147186147186,450000.0,107574.0,2014.0,"Census Tract 139, Hudson County, New Jersey!!Estimate",283300.0,"Census Tract 139, Hudson County, New Jersey!!Median income (dollars)!!Estimate","59,275",59275.0,"Census Tract 139, Hudson County, New Jersey!!Total population!!Estimate",1244.0,near_neither,-10.714095706780427,2.8622413918683116,5.237271872238953,-0.6138984156540843,-0.15474527910519154
"Census Tract 140, Hudson County, New Jersey","5,020","3,656","1,009",78,9,184,6,26,52,5020.0,1009.0,78.0,184.0,26.0,3656.0,20.0996015936255,1.5537848605577689,3.665338645418327,0.5179282868525896,72.82868525896414,False,False,140.0,5209.0,824.0,86.0,173.0,4026.0,43.0,False,False,15.818775196774812,1.6509886734497985,3.321174889614129,77.289306968708,0.8254943367248992,417600.0,70778.0,1448.0,"Census Tract 140, Hudson County, New Jersey!!Estimate",399100.0,"Census Tract 140, Hudson County, New Jersey!!Median income (dollars)!!Estimate","51,969",51969.0,"Census Tract 140, Hudson County, New Jersey!!Total population!!Estimate",1027.0,near_neither,-4.2808263968506886,0.09720381289202962,-0.3441637558041979,4.460621709743862,0.3075660498723096
"Census Tract 141.01, Hudson County, New Jersey","3,577",786,"1,790",143,3,783,0,21,51,3577.0,1790.0,143.0,783.0,21.0,786.0,50.041934582052,3.997763488957226,21.889851831143417,0.5870841487279843,21.97372099524741,False,False,141.01,4498.0,1846.0,281.0,983.0,1208.0,39.0,False,False,41.040462427745666,6.24722098710538,21.85415740329035,26.856380613606046,0.8670520231213872,436300.0,100406.0,1787.0,"Census Tract 141.01, Hudson County, New Jersey!!Estimate",239300.0,"Census Tract 141.01, Hudson County, New Jersey!!Median income (dollars)!!Estimate","87,361",87361.0,"Census Tract 141.01, Hudson County, New Jersey!!Total population!!Estimate",1523.0,near_neither,-9.001472154306335,2.249457498148154,-0.0356944278530662,4.882659618358634,0.27996787439340287
"Census Tract 141.02, Hudson County, New Jersey","5,060","2,799","1,710",155,0,297,1,18,80,5060.0,1710.0,155.0,297.0,18.0,2799.0,33.794466403162055,3.063241106719368,5.869565217391305,0.3557312252964427,55.31620553359684,False,False,141.02,5149.0,1394.0,133.0,293.0,3191.0,43.0,False,False,27.07321810060206,2.5830258302583027,5.690425325305885,61.973198679355214,0.8351136142940376,377200.0,65724.0,1326.0,"Census Tract 141.02, Hudson County, New Jersey!!Estimate",300700.0,"Census Tract 141.02, Hudson County, New Jersey!!Median income (dollars)!!Estimate","53,023",53023.0,"Census Tract 141.02, Hudson County, New Jersey!!Total population!!Estimate",953.0,near_neither,-6.721248302559996,-0.48021527646106543,-0.17913989208541992,6.656993145758371,0.47938238899759494
"Census Tract 142, Hudson County, New Jersey","5,776","4,348","1,049",88,9,226,3,20,33,5776.0,1049.0,88.0,226.0,20.0,4348.0,18.161357340720222,1.5235457063711912,3.912742382271469,0.3462603878116343,75.2770083102493,False,False,142.0,5932.0,954.0,112.0,202.0,4562.0,42.0,False,False,16.082265677680375,1.8880647336480108,3.4052596089008764,76.90492245448416,0.708024275118004,459900.0,80179.0,1565.0,"Census Tract 142, Hudson County, New Jersey!!Estimate",412200.0,"Census Tract 142, Hudson County, New Jersey!!Median income (dollars)!!Estimate","55,492",55492.0,"Census Tract 142, Hudson County, New Jersey!!Total population!!Estimate",1109.0,near_neither,-2.079091663039847,0.3645190272768195,-0.5074827733705924,1.6279141442348646,0.3617638873063697
"Census Tract 143, Hudson County, New Jersey","5,741","4,402","1,004",52,2,182,0,15,84,5741.0,1004.0,52.0,182.0,15.0,4402.0,17.488242466469256,0.9057655460721128,3.1701794112523958,0.2612785229054172,76.6765371886431,False,False,143.0,5937.0,710.0,64.0,191.0,4835.0,71.0,False,False,11.958901802257033,1.077985514569648,3.2171130200437927,81.43843692100387,1.1958901802257031,416000.0,64208.0,1185.0,"Census Tract 143, Hudson County, New Jersey!!Estimate",457600.0,"Census Tract 143, Hudson County, New Jersey!!Median income (dollars)!!Estimate","52,719",52719.0,"Census Tract 143, Hudson County, New Jersey!!Total population!!Estimate",1079.0,near_neither,-5.5293406642122225,0.17221996849753518,0.046933608791396964,4.761899732360774,0.934611657320286
"Census Tract 144, Hudson County, New Jersey","8,161","5,677","1,808",126,13,416,2,30,89,8161.0,1808.0,126.0,416.0,30.0,5677.0,22.154147776007843,1.5439284401421394,5.0974145325327775,0.3676020095576522,69.5625536086264,False,False,144.0,8175.0,1459.0,125.0,366.0,6022.0,74.0,False,False,17.847094801223243,1.529051987767584,4.477064220183486,73.66360856269112,0.9051987767584098,368090.7944514502,83615.24716267339,1730.3984867591425,"Census Tract 144, Hudson County, New Jersey!!Estimate",369100.0,"Census Tract 144, Hudson County, New Jersey!!Median income (dollars)!!Estimate","70,192",70192.0,"Census Tract 144, Hudson County, New Jersey!!Total population!!Estimate",1309.0,near_neither,-4.3070529747846,-0.01487645237455526,-0.6203503123492915,4.101054954064722,0.5375967672007576
"Census Tract 145.01, Hudson County, New Jersey","6,249","4,480","1,302",80,9,313,0,19,46,6249.0,1302.0,80.0,313.0,19.0,4480.0,20.83533365338454,1.2802048327732436,5.008801408225317,0.3040486477836454,71.69147063530164,False,False,145.01,6312.0,986.0,107.0,265.0,4781.0,72.0,False,False,15.621039290240812,1.6951837769328266,4.198352344740178,75.7446134347275,1.1406844106463878,331800.0,57855.0,1522.0,"Census Tract 145.01, Hudson County, New Jersey!!Estimate",389800.0,"Census Tract 145.01, Hudson County, New Jersey!!Median income (dollars)!!Estimate","48,886",48886.0,"Census Tract 145.01, Hudson County, New Jersey!!Total population!!Estimate",1121.0,near_neither,-5.214294363143729,0.41497894415958303,-0.8104490634851391,4.053142799425856,0.8366357628627424
"Census Tract 145.02, Hudson County, New Jersey","3,458","2,485",844,41,3,61,0,11,13,3458.0,844.0,41.0,61.0,11.0,2485.0,24.40717177559283,1.1856564488143435,1.7640254482359747,0.318102949681897,71.86234817813765,False,False,145.02,3562.0,512.0,40.0,73.0,2872.0,24.0,False,False,14.37394722066255,1.1229646266142617,2.0494104435710274,80.62886019090398,0.673778775968557,397100.0,23560.0,536.0,"Census Tract 145.02, Hudson County, New Jersey!!Estimate",435600.0,"Census Tract 145.02, Hudson County, New Jersey!!Median income (dollars)!!Estimate","19,736",19736.0,"Census Tract 145.02, Hudson County, New Jersey!!Total population!!Estimate",446.0,near_neither,-10.033224554930278,-0.06269182220008185,0.2853849953350527,8.766512012766327,0.35567582628665995
"Census Tract 146, Hudson County, New Jersey","3,757","2,972",558,38,0,142,0,13,34,3757.0,558.0,38.0,142.0,13.0,2972.0,14.85227575192973,1.0114453021027414,3.7796113920681393,0.3460207612456747,79.1056694170881,True,False,146.0,4228.0,587.0,113.0,280.0,3184.0,24.0,True,False,13.883632923368022,2.672658467360454,6.622516556291391,75.30747398297068,0.5676442762535477,398700.0,92986.0,2115.0,"Census Tract 146, Hudson County, New Jersey!!Estimate",391300.0,"Census Tract 146, Hudson County, New Jersey!!Median income (dollars)!!Estimate","56,250",56250.0,"Census Tract 146, Hudson County, New Jersey!!Total population!!Estimate",1323.0,hblr_only,-0.9686428285617072,1.6612131652577127,2.8429051642232515,-3.7981954341174173,0.22162351500787303
"Census Tract 147, Hudson County, New Jersey","4,863","3,723",741,114,5,226,6,15,33,4863.0,741.0,114.0,226.0,15.0,3723.0,15.237507711289329,2.344231955582974,4.647337034752211,0.3084515731030228,76.55768044417026,False,False,147.0,4880.0,609.0,80.0,271.0,3772.0,75.0,False,False,12.479508196721312,1.639344262295082,5.553278688524591,77.29508196721312,1.5368852459016393,346300.0,76094.0,1569.0,"Census Tract 147, Hudson County, New Jersey!!Estimate",350900.0,"Census Tract 147, Hudson County, New Jersey!!Median income (dollars)!!Estimate","62,500",62500.0,"Census Tract 147, Hudson County, New Jersey!!Total population!!Estimate",1313.0,near_neither,-2.7579995145680165,-0.7048876932878918,0.9059416537723797,0.7374015230428626,1.2284336727986165
"Census Tract 148, Hudson County, New Jersey","5,995","4,326","1,032",113,7,442,0,17,58,5995.0,1032.0,113.0,442.0,17.0,4326.0,17.214345287739782,1.884904086738949,7.372810675562968,0.2835696413678065,72.16013344453711,False,False,148.0,6329.0,970.0,205.0,470.0,4530.0,68.0,False,False,15.326275872965715,3.2390583030494553,7.426133670406067,71.5752883551904,1.0744193395481119,349696.9928400955,49875.00572792363,1285.6348448687352,"Census Tract 148, Hudson County, New Jersey!!Estimate",371000.0,"Census Tract 148, Hudson County, New Jersey!!Median income (dollars)!!Estimate","40,219",40219.0,"Census Tract 148, Hudson County, New Jersey!!Total population!!Estimate",885.0,near_neither,-1.8880694147740673,1.3541542163105063,0.0533229948430991,-0.5848450893467145,0.7908496981803054
"Census Tract 149, Hudson County, New Jersey","3,116","1,915",523,37,2,563,0,26,50,3116.0,523.0,37.0,563.0,26.0,1915.0,16.78433889602054,1.1874197689345314,18.06803594351733,0.8344030808729139,61.45699614890886,False,False,149.0,3150.0,384.0,57.0,702.0,1917.0,37.0,False,False,12.19047619047619,1.8095238095238095,22.285714285714285,60.857142857142854,1.1746031746031746,344700.0,66250.0,1490.0,"Census Tract 149, Hudson County, New Jersey!!Estimate",394200.0,"Census Tract 149, Hudson County, New Jersey!!Median income (dollars)!!Estimate","43,558",43558.0,"Census Tract 149, Hudson County, New Jersey!!Total population!!Estimate",1042.0,near_neither,-4.59386270554435,0.6221040405892782,4.217678342196955,-0.5998532917660029,0.3402000937302607
"Census Tract 150.01, Hudson County, New Jersey","2,185",366,"1,127",143,3,493,1,19,33,2185.0,1127.0,143.0,493.0,19.0,366.0,51.578947368421055,6.54462242562929,22.5629290617849,0.8695652173913043,16.750572082379865,False,False,150.01,2611.0,1178.0,131.0,676.0,513.0,24.0,False,False,45.11681348142474,5.017234775947912,25.89046342397549,19.64764458062045,0.9191880505553428,309500.0,114394.0,2313.0,"Census Tract 150.01, Hudson County, New Jersey!!Estimate",453000.0,"Census Tract 150.01, Hudson County, New Jersey!!Median income (dollars)!!Estimate","83,583",83583.0,"Census Tract 150.01, Hudson County, New Jersey!!Total population!!Estimate",2000.0,near_neither,-6.4621338869963125,-1.527387649681378,3.3275343621905904,2.897072498240586,0.04962283316403848
"Census Tract 150.02, Hudson County, New Jersey","5,977","4,520",985,159,5,243,1,26,38,5977.0,985.0,159.0,243.0,26.0,4520.0,16.47983938430651,2.660197423456584,4.065584741509118,0.4350008365400702,75.62322235235068,False,False,150.02,6162.0,848.0,161.0,257.0,4782.0,48.0,False,False,13.761765660499838,2.6127880558260306,4.170723790976956,77.60467380720544,0.7789678675754625,323420.0,53409.44,1392.68,"Census Tract 150.02, Hudson County, New Jersey!!Estimate",306400.0,"Census Tract 150.02, Hudson County, New Jersey!!Median income (dollars)!!Estimate","32,712",32712.0,"Census Tract 150.02, Hudson County, New Jersey!!Total population!!Estimate",1004.0,near_neither,-2.71807372380667,-0.04740936763055359,0.10513904946783725,1.9814514548547635,0.34396703103539233
"Census Tract 151, Hudson County, New Jersey","3,014","2,359",510,28,5,67,2,7,36,3014.0,510.0,28.0,67.0,7.0,2359.0,16.921035169210352,0.92899800928998,2.2229595222295955,0.232249502322495,78.26808228268082,False,False,151.0,3244.0,400.0,51.0,131.0,2573.0,50.0,False,False,12.330456226880395,1.5721331689272502,4.038224414303329,79.31565967940813,1.5413070283600494,296300.0,59375.0,1532.0,"Census Tract 151, Hudson County, New Jersey!!Estimate",347000.0,"Census Tract 151, Hudson County, New Jersey!!Median income (dollars)!!Estimate","48,750",48750.0,"Census Tract 151, Hudson County, New Jersey!!Total population!!Estimate",1082.0,near_neither,-4.590578942329957,0.6431351596372702,1.8152648920737335,1.0475773967273057,1.3090575260375543
"Census Tract 152.01, Hudson County, New Jersey","2,734",453,"1,464",127,3,603,0,21,63,2734.0,1464.0,127.0,603.0,21.0,453.0,53.54791514264814,4.6452084857351865,22.05559619604974,0.7681053401609363,16.56912948061448,False,False,152.01,2880.0,1241.0,126.0,860.0,509.0,32.0,False,False,43.09027777777778,4.375,29.86111111111111,17.67361111111111,1.1111111111111112,302300.0,133087.0,2794.0,"Census Tract 152.01, Hudson County, New Jersey!!Estimate",334800.0,"Census Tract 152.01, Hudson County, New Jersey!!Median income (dollars)!!Estimate","86,850",86850.0,"Census Tract 152.01, Hudson County, New Jersey!!Total population!!Estimate",2000.0,near_neither,-10.457637364870358,-0.2702084857351865,7.805514915061369,1.104481630496629,0.3430057709501748
"Census Tract 152.02, Hudson County, New Jersey","5,980","4,214","1,061",199,6,393,0,22,85,5980.0,1061.0,199.0,393.0,22.0,4214.0,17.74247491638796,3.327759197324415,6.5719063545150505,0.3678929765886287,70.46822742474916,False,False,152.02,6467.0,1056.0,257.0,404.0,4553.0,89.0,False,False,16.329055203340033,3.97402195763105,6.24710066491418,70.4035874439462,1.3762177207360444,348600.0,70386.0,1455.0,"Census Tract 152.02, Hudson County, New Jersey!!Estimate",283300.0,"Census Tract 152.02, Hudson County, New Jersey!!Median income (dollars)!!Estimate","51,042",51042.0,"Census Tract 152.02, Hudson County, New Jersey!!Total population!!Estimate",1089.0,near_neither,-1.4134197130479258,0.6462627603066351,-0.3248056896008702,-0.06463998080296562,1.0083247441474157
"Census Tract 153, Hudson County, New Jersey","4,417","3,751",415,67,3,151,0,7,23,4417.0,415.0,67.0,151.0,7.0,3751.0,9.395517319447588,1.5168666515734663,3.418609916232737,0.1584786053882725,84.92189268734435,False,False,153.0,4568.0,380.0,109.0,138.0,3835.0,58.0,False,False,8.318739054290718,2.3861646234676006,3.0210157618213658,83.95359019264448,1.2697022767075306,245200.0,41915.0,1208.0,"Census Tract 153, Hudson County, New Jersey!!Estimate",407600.0,"Census Tract 153, Hudson County, New Jersey!!Median income (dollars)!!Estimate","36,815",36815.0,"Census Tract 153, Hudson County, New Jersey!!Total population!!Estimate",910.0,near_neither,-1.0767782651568698,0.8692979718941343,-0.397594154411371,-0.96830249469987,1.111223671319258
"Census Tract 155, Hudson County, New Jersey","4,705","4,177",383,43,1,62,0,15,24,4705.0,383.0,43.0,62.0,15.0,4177.0,8.140276301806589,0.913921360255048,1.3177470775770457,0.3188097768331562,88.7778958554729,False,False,155.0,5203.0,419.0,55.0,157.0,4465.0,39.0,False,False,8.053046319431099,1.0570824524312896,3.0174899096674994,85.81587545646742,0.7495675571785508,286600.0,59235.0,1337.0,"Census Tract 155, Hudson County, New Jersey!!Estimate",448300.0,"Census Tract 155, Hudson County, New Jersey!!Median income (dollars)!!Estimate","34,423",34423.0,"Census Tract 155, Hudson County, New Jersey!!Total population!!Estimate",976.0,near_neither,-0.08722998237549007,0.14316109217624162,1.6997428320904537,-2.962020399005482,0.43075778034539464
"Census Tract 156, Hudson County, New Jersey","3,928","3,544",276,46,0,49,0,3,10,3928.0,276.0,46.0,49.0,3.0,3544.0,7.026476578411406,1.1710794297352345,1.2474541751527497,0.0763747454175152,90.22403258655804,False,False,156.0,4315.0,336.0,111.0,131.0,3668.0,24.0,False,False,7.786790266512167,2.5724217844727693,3.0359212050984934,85.00579374275782,0.5561993047508691,312700.0,54214.0,1198.0,"Census Tract 156, Hudson County, New Jersey!!Estimate",280300.0,"Census Tract 156, Hudson County, New Jersey!!Median income (dollars)!!Estimate","32,972",32972.0,"Census Tract 156, Hudson County, New Jersey!!Total population!!Estimate",845.0,near_neither,0.7603136881007613,1.4013423547375348,1.7884670299457437,-5.218238843800222,0.4798245593333539
"Census Tract 157, Hudson County, New Jersey","3,861","3,545",189,49,7,62,0,6,3,3861.0,189.0,49.0,62.0,6.0,3545.0,4.895104895104895,1.269101269101269,1.6058016058016058,0.1554001554001554,91.81559181559182,False,False,157.0,3753.0,209.0,60.0,36.0,3400.0,28.0,False,False,5.568878230748734,1.5987210231814548,0.9592326139088728,90.59419131361578,0.7460698108180123,210700.0,53860.0,1493.0,"Census Tract 157, Hudson County, New Jersey!!Estimate",552500.0,"Census Tract 157, Hudson County, New Jersey!!Median income (dollars)!!Estimate","38,797",38797.0,"Census Tract 157, Hudson County, New Jersey!!Total population!!Estimate",1026.0,near_neither,0.6737733356438387,0.32961975408018573,-0.646568991892733,-1.221400501976035,0.5906696554178569
"Census Tract 158.01, Hudson County, New Jersey","2,972",273,"1,281",114,3,"1,228",1,9,63,2972.0,1281.0,114.0,1228.0,9.0,273.0,43.10228802153432,3.835800807537012,41.318977119784655,0.3028263795423957,9.185733512786005,False,False,158.01,3494.0,1402.0,122.0,1453.0,352.0,22.0,False,False,40.12593016599886,3.4917000572409846,41.585575271894676,10.074413279908415,0.6296508299942759,554900.0,145137.0,2948.0,"Census Tract 158.01, Hudson County, New Jersey!!Estimate",594200.0,"Census Tract 158.01, Hudson County, New Jersey!!Median income (dollars)!!Estimate","151,111",151111.0,"Census Tract 158.01, Hudson County, New Jersey!!Total population!!Estimate",2000.0,near_neither,-2.9763578555354613,-0.34410075029602716,0.2665981521100207,0.8886797671224098,0.3268244504518802
"Census Tract 158.02, Hudson County, New Jersey","5,813","4,946",562,91,5,166,0,18,25,5813.0,562.0,91.0,166.0,18.0,4946.0,9.66798554963014,1.565456734904524,2.8556683296060554,0.3096507827283674,85.0851539652503,True,False,158.02,5710.0,499.0,123.0,174.0,4819.0,42.0,True,False,8.73905429071804,2.1541155866900175,3.0472854640980733,84.39579684763572,0.7355516637478109,475400.0,42069.0,1080.0,"Census Tract 158.02, Hudson County, New Jersey!!Estimate",527400.0,"Census Tract 158.02, Hudson County, New Jersey!!Median income (dollars)!!Estimate","34,654",34654.0,"Census Tract 158.02, Hudson County, New Jersey!!Total population!!Estimate",1007.0,hblr_only,-0.928931258912101,0.5886588517854934,0.1916171344920179,-0.689357117614577,0.4259008810194435
"Census Tract 159, Hudson County, New Jersey","5,607","5,225",225,43,6,63,2,8,35,5607.0,225.0,43.0,63.0,8.0,5225.0,4.012841091492777,0.7668985197075086,1.1235955056179776,0.1426787943641876,93.18708756911003,False,False,159.0,5966.0,368.0,115.0,151.0,5242.0,48.0,False,False,6.168286959436808,1.9275896748240027,2.531009051290647,87.86456587328193,0.8045591686221925,319200.0,60827.0,1321.0,"Census Tract 159, Hudson County, New Jersey!!Estimate",401900.0,"Census Tract 159, Hudson County, New Jersey!!Median income (dollars)!!Estimate","34,798",34798.0,"Census Tract 159, Hudson County, New Jersey!!Total population!!Estimate",942.0,near_neither,2.1554458679440316,1.1606911551164942,1.4074135456726693,-5.322521695828101,0.6618803742580048
"Census Tract 160, Hudson County, New Jersey","3,284","2,998",208,27,1,44,0,2,4,3284.0,208.0,27.0,44.0,2.0,2998.0,6.333739342265529,0.8221680876979294,1.3398294762484777,0.0609013398294762,91.2911084043849,True,False,160.0,3794.0,271.0,88.0,117.0,3236.0,26.0,True,False,7.142857142857142,2.319451765946231,3.083816552451239,85.2925672113864,0.6852925672113864,253700.0,63063.0,1232.0,"Census Tract 160, Hudson County, New Jersey!!Estimate",443200.0,"Census Tract 160, Hudson County, New Jersey!!Median income (dollars)!!Estimate","35,709",35709.0,"Census Tract 160, Hudson County, New Jersey!!Total population!!Estimate",1002.0,hblr_only,0.8091178005916131,1.4972836782483014,1.7439870762027614,-5.998541192998502,0.6243912273819102
"Census Tract 161, Hudson County, New Jersey","3,539","3,223",179,48,2,60,1,15,11,3539.0,179.0,48.0,60.0,15.0,3223.0,5.057925967787511,1.3563153433173212,1.6953941791466518,0.4238485447866629,91.07092398982763,True,False,161.0,3773.0,226.0,72.0,91.0,3310.0,25.0,True,False,5.989928438908031,1.9082957858468061,2.411873840445269,87.72859793267956,0.6626027034190299,381300.0,41630.0,1271.0,"Census Tract 161, Hudson County, New Jersey!!Estimate",385400.0,"Census Tract 161, Hudson County, New Jersey!!Median income (dollars)!!Estimate","28,636",28636.0,"Census Tract 161, Hudson County, New Jersey!!Total population!!Estimate",983.0,hblr_only,0.9320024711205201,0.551980442529485,0.7164796612986171,-3.342326057148071,0.23875415863236704
"Census Tract 162, Hudson County, New Jersey","4,895 (r46426)","4,449",300,55,7,48,2,16,18,4895.0,300.0,55.0,48.0,16.0,4449.0,6.128702757916241,1.1235955056179776,0.9805924412665984,0.3268641470888662,90.88866189989784,True,False,162.0,4813.0,324.0,50.0,60.0,4284.0,42.0,True,False,6.731768127986702,1.0388531061707875,1.246623727404945,89.00893413671307,0.8726366091834614,359100.0,37865.0,1157.0,"Census Tract 162, Hudson County, New Jersey!!Estimate",528200.0,"Census Tract 162, Hudson County, New Jersey!!Median income (dollars)!!Estimate","34,205",34205.0,"Census Tract 162, Hudson County, New Jersey!!Total population!!Estimate",1035.0,hblr_only,0.6030653700704605,-0.08474239944719009,0.2660312861383466,-1.8797277631847749,0.5457724620945952
"Census Tract 163, Hudson County, New Jersey","4,441","3,918",333,51,2,119,0,6,12,4441.0,333.0,51.0,119.0,6.0,3918.0,7.49831119117316,1.148390002251745,2.6795766719207386,0.1351047061472641,88.22337311416348,False,False,163.0,4503.0,385.0,91.0,177.0,3772.0,20.0,False,False,8.549855651787697,2.0208749722407284,3.930712858094604,83.76637797024206,0.44414834554741284,328800.0,51538.0,1276.0,"Census Tract 163, Hudson County, New Jersey!!Estimate",404100.0,"Census Tract 163, Hudson County, New Jersey!!Median income (dollars)!!Estimate","38,438",38438.0,"Census Tract 163, Hudson County, New Jersey!!Total population!!Estimate",984.0,near_neither,1.0515444606145365,0.8724849699889834,1.2511361861738655,-4.456995143921418,0.30904363940014873
"Census Tract 164, Hudson County, New Jersey","3,805","3,386",310,37,2,43,1,10,16,3805.0,310.0,37.0,43.0,10.0,3386.0,8.14717477003942,0.9724047306176083,1.1300919842312749,0.2628120893561104,88.98817345597898,False,False,164.0,3784.0,323.0,57.0,80.0,3250.0,27.0,False,False,8.535940803382664,1.5063424947145878,2.1141649048625792,85.88794926004229,0.7135306553911205,351600.0,42614.0,1380.0,"Census Tract 164, Hudson County, New Jersey!!Estimate",386700.0,"Census Tract 164, Hudson County, New Jersey!!Median income (dollars)!!Estimate","48,929",48929.0,"Census Tract 164, Hudson County, New Jersey!!Total population!!Estimate",969.0,near_neither,0.3887660333432432,0.5339377640969795,0.9840729206313044,-3.10022419593669,0.4507185660350101
"Census Tract 165, Hudson County, New Jersey","4,172","3,113",813,81,2,124,1,9,29,4172.0,813.0,81.0,124.0,9.0,3113.0,19.48705656759348,1.9415148609779485,2.972195589645254,0.2157238734419942,74.61649089165869,False,False,165.0,4682.0,860.0,126.0,342.0,3184.0,86.0,False,False,18.36821870995301,2.6911576249466043,7.30457069628364,68.00512601452371,1.8368218709953013,434600.0,71746.0,1163.0,"Census Tract 165, Hudson County, New Jersey!!Estimate",380000.0,"Census Tract 165, Hudson County, New Jersey!!Median income (dollars)!!Estimate","41,658",41658.0,"Census Tract 165, Hudson County, New Jersey!!Total population!!Estimate",956.0,near_neither,-1.1188378576404716,0.7496427639686558,4.332375106638386,-6.6113648771349744,1.621097997553307
"Census Tract 166, Hudson County, New Jersey","3,737","3,163",434,52,2,61,0,12,13,3737.0,434.0,52.0,61.0,12.0,3163.0,11.613593791811612,1.391490500401391,1.6323253947016323,0.3211131924003211,84.64008563018464,False,False,166.0,3822.0,398.0,66.0,98.0,3176.0,37.0,False,False,10.413396127681843,1.726844583987441,2.564102564102564,83.09785452642595,0.9680795395081109,342300.0,42212.0,1153.0,"Census Tract 166, Hudson County, New Jersey!!Estimate",425400.0,"Census Tract 166, Hudson County, New Jersey!!Median income (dollars)!!Estimate","24,809",24809.0,"Census Tract 166, Hudson County, New Jersey!!Total population!!Estimate",848.0,near_neither,-1.2001976641297691,0.3353540835860498,0.9317771694009316,-1.542231103758695,0.6469663471077898
"Census Tract 167, Hudson County, New Jersey","1,529","1,368",93,13,1,42,0,8,4,1529.0,93.0,13.0,42.0,8.0,1368.0,6.082406801831263,0.8502289077828646,2.746893394375409,0.5232177894048398,89.4702419882276,False,False,167.0,1773.0,131.0,27.0,67.0,1526.0,10.0,False,False,7.388606880992668,1.5228426395939088,3.778905809362662,86.06880992667794,0.5640157924421884,349400.0,51576.0,1335.0,"Census Tract 167, Hudson County, New Jersey!!Estimate",376500.0,"Census Tract 167, Hudson County, New Jersey!!Median income (dollars)!!Estimate","38,288",38288.0,"Census Tract 167, Hudson County, New Jersey!!Total population!!Estimate",950.0,near_neither,1.306200079161405,0.6726137318110441,1.0320124149872534,-3.401432061549656,0.040798003037348596
"Census Tract 168, Hudson County, New Jersey","3,321","2,935",242,63,1,60,0,12,8,3321.0,242.0,63.0,60.0,12.0,2935.0,7.286961758506474,1.8970189701897016,1.8066847335140015,0.3613369467028003,88.37699488105993,False,False,168.0,3348.0,190.0,103.0,99.0,2873.0,24.0,False,False,5.675029868578255,3.076463560334528,2.956989247311828,85.81242532855437,0.7168458781362007,357900.0,44375.0,1292.0,"Census Tract 168, Hudson County, New Jersey!!Estimate",416400.0,"Census Tract 168, Hudson County, New Jersey!!Median income (dollars)!!Estimate","51,802",51802.0,"Census Tract 168, Hudson County, New Jersey!!Total population!!Estimate",924.0,near_neither,-1.6119318899282193,1.1794445901448265,1.1503045137978265,-2.56456955250556,0.3555089314334004
"Census Tract 169, Hudson County, New Jersey","3,404","2,986",332,31,2,33,0,15,5,3404.0,332.0,31.0,33.0,15.0,2986.0,9.753231492361929,0.91069330199765,0.9694477085781434,0.4406580493537015,87.72032902467684,False,False,169.0,3364.0,219.0,30.0,107.0,2955.0,17.0,False,False,6.510107015457789,0.89179548156956,3.1807372175980975,87.84185493460166,0.5053507728894174,356800.0,33500.0,1169.0,"Census Tract 169, Hudson County, New Jersey!!Estimate",450000.0,"Census Tract 169, Hudson County, New Jersey!!Median income (dollars)!!Estimate","32,194",32194.0,"Census Tract 169, Hudson County, New Jersey!!Total population!!Estimate",933.0,near_neither,-3.243124476904139,-0.018897820428089962,2.211289509019954,0.12152590992481294,0.06469272353571592
"Census Tract 170, Hudson County, New Jersey","4,707","4,250",289,63,10,66,2,2,25,4707.0,289.0,63.0,66.0,2.0,4250.0,6.139791799447631,1.338432122370937,1.4021669853409815,0.0424899086466964,90.29105587422988,False,False,170.0,4920.0,351.0,124.0,120.0,4214.0,54.0,False,False,7.134146341463414,2.5203252032520327,2.4390243902439024,85.65040650406503,1.097560975609756,382300.0,47318.0,1249.0,"Census Tract 170, Hudson County, New Jersey!!Estimate",225000.0,"Census Tract 170, Hudson County, New Jersey!!Median income (dollars)!!Estimate","40,049",40049.0,"Census Tract 170, Hudson County, New Jersey!!Total population!!Estimate",899.0,near_neither,0.9943545420157829,1.1818930808810957,1.0368574049029209,-4.6406493701648515,1.0550710669630596
"Census Tract 171, Hudson County, New Jersey","5,137","4,275",636,96,0,89,0,10,31,5137.0,636.0,96.0,89.0,10.0,4275.0,12.380766984621374,1.8687950165466225,1.7325287132567646,0.1946661475569398,83.2197780805918,False,False,171.0,5359.0,470.0,105.0,139.0,4552.0,46.0,False,False,8.77029296510543,1.9593207688001495,2.5937674939354354,84.941220376936,0.8583690987124464,356100.0,59207.0,1442.0,"Census Tract 171, Hudson County, New Jersey!!Estimate",325500.0,"Census Tract 171, Hudson County, New Jersey!!Median income (dollars)!!Estimate","51,932",51932.0,"Census Tract 171, Hudson County, New Jersey!!Total population!!Estimate",1007.0,near_neither,-3.6104740195159444,0.09052575225352699,0.8612387806786708,1.7214422963442075,0.6637029511555066
"Census Tract 172, Hudson County, New Jersey","3,208","2,738",372,30,1,45,0,12,10,3208.0,372.0,30.0,45.0,12.0,2738.0,11.596009975062344,0.9351620947630924,1.4027431421446384,0.3740648379052369,85.3491271820449,False,False,172.0,3229.0,315.0,43.0,74.0,2746.0,26.0,False,False,9.755342211210902,1.3316816351811707,2.2917311861257357,85.04180860947662,0.8052028491793125,538000.0,43050.0,1218.0,"Census Tract 172, Hudson County, New Jersey!!Estimate",388500.0,"Census Tract 172, Hudson County, New Jersey!!Median income (dollars)!!Estimate","44,619",44619.0,"Census Tract 172, Hudson County, New Jersey!!Total population!!Estimate",1167.0,near_neither,-1.8406677638514424,0.39651954041807824,0.8889880439810973,-0.30731857256827766,0.4311380112740756
"Census Tract 173, Hudson County, New Jersey","2,379","1,448",732,53,2,110,0,6,28,2379.0,732.0,53.0,110.0,6.0,1448.0,30.76923076923077,2.2278268179907523,4.623791509037411,0.2522068095838587,60.86591004623792,False,False,173.0,2272.0,671.0,39.0,154.0,1344.0,17.0,False,False,29.533450704225352,1.716549295774648,6.778169014084508,59.154929577464785,0.7482394366197183,279500.0,73268.0,1337.0,"Census Tract 173, Hudson County, New Jersey!!Estimate",354100.0,"Census Tract 173, Hudson County, New Jersey!!Median income (dollars)!!Estimate","56,786",56786.0,"Census Tract 173, Hudson County, New Jersey!!Total population!!Estimate",917.0,near_neither,-1.235780065005418,-0.5112775222161043,2.154377505047097,-1.710980468773137,0.49603262703585954
"Census Tract 174, Hudson County, New Jersey","2,663","2,362",209,48,3,10,2,21,8,2663.0,209.0,48.0,10.0,21.0,2362.0,7.848291400675929,1.80247840781074,0.3755163349605708,0.7885843034171987,88.69695831768682,False,False,174.0,2597.0,174.0,51.0,41.0,2295.0,15.0,False,False,6.7000385059684255,1.9638043896804003,1.5787447054293418,88.37119753561802,0.5775895263765883,301500.0,36646.0,1107.0,"Census Tract 174, Hudson County, New Jersey!!Estimate",470800.0,"Census Tract 174, Hudson County, New Jersey!!Median income (dollars)!!Estimate","43,669",43669.0,"Census Tract 174, Hudson County, New Jersey!!Total population!!Estimate",1063.0,near_neither,-1.148252894707503,0.16132598186966018,1.203228370468771,-0.325760782068798,-0.21099477704061032
"Census Tract 175, Hudson County, New Jersey","4,089","3,763",220,53,2,32,0,9,10,4089.0,220.0,53.0,32.0,9.0,3763.0,5.380288579114699,1.2961604304230865,0.7825874296894106,0.2201027146001467,92.02739056003912,False,False,175.0,4361.0,238.0,60.0,83.0,3899.0,40.0,False,False,5.457463884430177,1.375831231368952,1.9032332033937172,89.40609951845907,0.9172208209126348,377100.0,57664.0,1348.0,"Census Tract 175, Hudson County, New Jersey!!Estimate",356000.0,"Census Tract 175, Hudson County, New Jersey!!Median income (dollars)!!Estimate","40,941",40941.0,"Census Tract 175, Hudson County, New Jersey!!Total population!!Estimate",966.0,near_neither,0.07717530531547823,0.07967080094586554,1.1206457737043065,-2.6212910415800508,0.697118106312488
"Census Tract 176, Hudson County, New Jersey","3,075","2,735",199,45,2,64,0,15,15,3075.0,199.0,45.0,64.0,15.0,2735.0,6.471544715447155,1.4634146341463417,2.08130081300813,0.4878048780487805,88.9430894308943,False,False,176.0,3219.0,166.0,57.0,43.0,2884.0,37.0,False,False,5.156881018949985,1.7707362534948743,1.3358185771978874,89.59304131717924,1.1494252873563218,350600.0,46100.0,1333.0,"Census Tract 176, Hudson County, New Jersey!!Estimate",452500.0,"Census Tract 176, Hudson County, New Jersey!!Median income (dollars)!!Estimate","37,820",37820.0,"Census Tract 176, Hudson County, New Jersey!!Total population!!Estimate",1091.0,near_neither,-1.3146636964971696,0.30732161934853264,-0.7454822358102424,0.6499518862849385,0.6616204093075413
"Census Tract 177, Hudson County, New Jersey","1,959","1,468",234,92,2,131,0,4,28,1959.0,234.0,92.0,131.0,4.0,1468.0,11.944869831546708,4.696273608984176,6.687085247575293,0.2041858090862685,74.93619193466054,False,False,177.0,2192.0,261.0,86.0,213.0,1578.0,19.0,False,False,11.906934306569344,3.923357664233577,9.717153284671532,71.98905109489051,0.8667883211678832,341500.0,46531.0,1147.0,"Census Tract 177, Hudson County, New Jersey!!Estimate",413400.0,"Census Tract 177, Hudson County, New Jersey!!Median income (dollars)!!Estimate","40,389",40389.0,"Census Tract 177, Hudson County, New Jersey!!Total population!!Estimate",956.0,near_neither,-0.037935524977363855,-0.7729159447505989,3.030068037096239,-2.9471408397700287,0.6626025120816147
"Census Tract 178, Hudson County, New Jersey","6,395","4,711","1,113",159,5,310,0,29,68,6395.0,1113.0,159.0,310.0,29.0,4711.0,17.404222048475372,2.4863174354964817,4.847537138389367,0.4534792806880375,73.66692728694292,False,False,178.0,6578.0,1153.0,168.0,406.0,4667.0,58.0,False,False,17.52812404986318,2.553967771359076,6.172088780784433,70.94861660079052,0.8817269686834904,373300.0,76612.0,1194.0,"Census Tract 178, Hudson County, New Jersey!!Estimate",276900.0,"Census Tract 178, Hudson County, New Jersey!!Median income (dollars)!!Estimate","41,205",41205.0,"Census Tract 178, Hudson County, New Jersey!!Total population!!Estimate",930.0,near_neither,0.12390200138780827,0.06765033586259417,1.3245516423950665,-2.7183106861524067,0.42824768799545293
"Census Tract 179, Hudson County, New Jersey","1,550",233,913,58,0,322,0,0,24,1550.0,913.0,58.0,322.0,0.0,233.0,58.90322580645161,3.741935483870968,20.774193548387096,0.0,15.03225806451613,True,False,179.0,5358.0,2642.0,224.0,1509.0,755.0,36.0,True,False,49.30944382232176,4.180664427025009,28.163493840985442,14.091078760731616,0.6718924972004479,890200.0,159028.0,2901.0,"Census Tract 179, Hudson County, New Jersey!!Estimate",697500.0,"Census Tract 179, Hudson County, New Jersey!!Median income (dollars)!!Estimate","89,531",89531.0,"Census Tract 179, Hudson County, New Jersey!!Total population!!Estimate",1372.0,hblr_only,-9.593781984129848,0.4387289431540413,7.389300292598346,-0.941179303784514,0.6718924972004479
"Census Tract 180, Hudson County, New Jersey","3,961","2,105","1,365",129,3,276,1,21,61,3961.0,1365.0,129.0,276.0,21.0,2105.0,34.460994698308504,3.25675334511487,6.967937389548094,0.5301691492047462,53.143145670285286,False,False,180.0,4156.0,1323.0,175.0,336.0,2152.0,46.0,False,False,31.833493743984604,4.210779595765159,8.084696823869104,51.78055822906641,1.1068334937439845,401300.0,66757.0,1359.0,"Census Tract 180, Hudson County, New Jersey!!Estimate",462900.0,"Census Tract 180, Hudson County, New Jersey!!Median income (dollars)!!Estimate","51,075",51075.0,"Census Tract 180, Hudson County, New Jersey!!Total population!!Estimate",977.0,near_neither,-2.6275009543238994,0.9540262506502888,1.1167594343210094,-1.3625874412188779,0.5766643445392383
"Census Tract 181, Hudson County, New Jersey","2,854","1,309","1,273",71,4,156,0,5,36,2854.0,1273.0,71.0,156.0,5.0,1309.0,44.60406447091801,2.4877365101611773,5.466012613875263,0.1751927119831814,45.865451997196914,False,False,181.0,2849.0,1142.0,112.0,286.0,1181.0,25.0,False,False,40.084240084240086,3.9312039312039313,10.038610038610038,41.45314145314145,0.8775008775008775,676000.0,82031.0,1197.0,"Census Tract 181, Hudson County, New Jersey!!Estimate",553900.0,"Census Tract 181, Hudson County, New Jersey!!Median income (dollars)!!Estimate","61,161",61161.0,"Census Tract 181, Hudson County, New Jersey!!Total population!!Estimate",1027.0,near_neither,-4.519824386677925,1.443467421042754,4.572597424734775,-4.412310544055465,0.702308165517696
"Census Tract 182, Hudson County, New Jersey","4,189","1,408","2,299",154,7,256,0,10,55,4189.0,2299.0,154.0,256.0,10.0,1408.0,54.88183337312008,3.6762950584865126,6.111243733587968,0.23872045834328,33.61184053473383,False,False,182.0,4834.0,2430.0,174.0,463.0,1577.0,25.0,False,False,50.268928423665706,3.5995035167563096,9.577989242863055,32.62308647083161,0.517170045510964,710000.0,117321.0,1718.0,"Census Tract 182, Hudson County, New Jersey!!Estimate",540800.0,"Census Tract 182, Hudson County, New Jersey!!Median income (dollars)!!Estimate","63,132",63132.0,"Census Tract 182, Hudson County, New Jersey!!Total population!!Estimate",1111.0,near_neither,-4.612904949454375,-0.07679154173020297,3.4667455092750865,-0.9887540639022205,0.278449587167684
"Census Tract 183.01, Hudson County, New Jersey","1,802",63,"1,473",27,0,202,0,4,33,1802.0,1473.0,27.0,202.0,4.0,63.0,81.74250832408435,1.4983351831298557,11.20976692563818,0.2219755826859045,3.4961154273029966,False,False,183.01,3180.0,2047.0,24.0,753.0,200.0,28.0,False,False,64.37106918238995,0.7547169811320755,23.67924528301887,6.289308176100629,0.8805031446540881,1059800.0,201544.0,3427.0,"Census Tract 183.01, Hudson County, New Jersey!!Estimate",,"Census Tract 183.01, Hudson County, New Jersey!!Median income (dollars)!!Estimate","162,885",162885.0,"Census Tract 183.01, Hudson County, New Jersey!!Total population!!Estimate",2000.0,near_neither,-17.37143914169441,-0.7436182019977802,12.469478357380689,2.7931927487976327,0.6585275619681836
"Census Tract 183.02, Hudson County, New Jersey","3,124",196,"2,620",14,1,222,0,16,55,3124.0,2620.0,14.0,222.0,16.0,196.0,83.86683738796414,0.4481434058898847,7.106274007682459,0.5121638924455826,6.274007682458387,False,False,183.02,5227.0,3934.0,101.0,584.0,334.0,43.0,False,False,75.26305720298451,1.9322747273770806,11.172756839487278,6.389898603405395,0.8226516166060839,,,,"Census Tract 183.02, Hudson County, New Jersey!!Estimate",652200.0,"Census Tract 183.02, Hudson County, New Jersey!!Median income (dollars)!!Estimate","171,090",171090.0,"Census Tract 183.02, Hudson County, New Jersey!!Total population!!Estimate",2000.0,near_neither,-8.603780184979627,1.4841313214871958,4.0664828318048185,0.11589092094700781,0.3104877241605013
"Census Tract 184, Hudson County, New Jersey","4,948",861,"3,544",99,8,354,2,10,70,4948.0,3544.0,99.0,354.0,10.0,861.0,71.62489894907034,2.0008084074373484,7.154405820533549,0.2021018593371059,17.40097008892482,False,False,184.0,6640.0,4660.0,111.0,615.0,938.0,50.0,False,False,70.18072289156626,1.6716867469879517,9.262048192771084,14.126506024096386,0.7530120481927711,713486.7786705624,170912.26625273924,2485.7439737034333,"Census Tract 184, Hudson County, New Jersey!!Estimate",665700.0,"Census Tract 184, Hudson County, New Jersey!!Median income (dollars)!!Estimate","117,697",117697.0,"Census Tract 184, Hudson County, New Jersey!!Total population!!Estimate",1837.0,near_neither,-1.4441760575040803,-0.3291216604493967,2.1076423722375353,-3.2744640648284324,0.5509101888556652
"Census Tract 185, Hudson County, New Jersey","6,153",890,"4,677",119,5,352,1,7,102,6153.0,4677.0,119.0,352.0,7.0,890.0,76.01170160897124,1.9340159271899888,5.720786608158622,0.1137656427758816,14.464488867219243,True,False,185.0,7308.0,5150.0,236.0,774.0,893.0,47.0,True,False,70.47071702244116,3.2293377120963327,10.591133004926109,12.219485495347564,0.6431308155446087,645834.6459193395,158370.51444903144,2576.8389965068277,"Census Tract 185, Hudson County, New Jersey!!Estimate",486700.0,"Census Tract 185, Hudson County, New Jersey!!Median income (dollars)!!Estimate","111,806",111806.0,"Census Tract 185, Hudson County, New Jersey!!Total population!!Estimate",1760.0,hblr_only,-5.540984586530072,1.2953217849063439,4.870346396767487,-2.245003371871679,0.5293651727687271
"Census Tract 186, Hudson County, New Jersey","2,365",223,"1,900",31,3,173,0,4,31,2365.0,1900.0,31.0,173.0,4.0,223.0,80.33826638477801,1.3107822410147991,7.3150105708245245,0.1691331923890063,9.429175475687105,False,False,186.0,2441.0,1865.0,35.0,196.0,218.0,11.0,False,False,76.40311347808276,1.4338385907414994,8.029496108152397,8.930766079475625,0.4506349856616141,668100.0,144196.0,2114.0,"Census Tract 186, Hudson County, New Jersey!!Estimate",498400.0,"Census Tract 186, Hudson County, New Jersey!!Median income (dollars)!!Estimate","86,891",86891.0,"Census Tract 186, Hudson County, New Jersey!!Total population!!Estimate",1547.0,near_neither,-3.935152906695251,0.12305634972670032,0.7144855373278727,-0.49840939621148017,0.2815017932726078
"Census Tract 187.01, Hudson County, New Jersey","2,936",198,"2,333",57,3,270,1,6,68,2936.0,2333.0,57.0,270.0,6.0,198.0,79.46185286103542,1.9414168937329697,9.196185286103542,0.2043596730245231,6.743869209809264,False,False,187.01,3006.0,1539.0,623.0,288.0,359.0,73.0,False,False,51.19760479041916,20.72521623419827,9.580838323353294,11.942781104457751,2.4284763805721887,887200.0,126475.0,2204.0,"Census Tract 187.01, Hudson County, New Jersey!!Estimate",833800.0,"Census Tract 187.01, Hudson County, New Jersey!!Median income (dollars)!!Estimate","115,114",115114.0,"Census Tract 187.01, Hudson County, New Jersey!!Total population!!Estimate",1695.0,near_neither,-28.26424807061626,18.7837993404653,0.38465303724975186,5.198911894648487,2.2241167075476658
"Census Tract 187.02, Hudson County, New Jersey","4,273",872,"3,051",65,3,204,1,13,64,4273.0,3051.0,65.0,204.0,13.0,872.0,71.40182541539902,1.5211794991809031,4.77416335127545,0.3042358998361806,20.407208050549965,False,False,187.02,4382.0,3113.0,56.0,322.0,727.0,28.0,False,False,71.04062072113192,1.2779552715654952,7.348242811501597,16.590597900502054,0.6389776357827476,613800.0,98716.0,2087.0,"Census Tract 187.02, Hudson County, New Jersey!!Estimate",661200.0,"Census Tract 187.02, Hudson County, New Jersey!!Median income (dollars)!!Estimate","98,549",98549.0,"Census Tract 187.02, Hudson County, New Jersey!!Total population!!Estimate",1697.0,near_neither,-0.36120469426710144,-0.24322422761540796,2.574079460226147,-3.816610150047911,0.334741735946567
"Census Tract 188, Hudson County, New Jersey","3,258",307,"2,595",57,1,236,1,8,53,3258.0,2595.0,57.0,236.0,8.0,307.0,79.6500920810313,1.7495395948434622,7.243707796193983,0.245549416820135,9.422958870472682,False,False,188.0,3369.0,2453.0,58.0,312.0,418.0,18.0,False,False,72.8109231225883,1.7215791035915702,9.260908281389137,12.40724250519442,0.5342831700801425,850100.0,156176.0,1932.0,"Census Tract 188, Hudson County, New Jersey!!Estimate",541700.0,"Census Tract 188, Hudson County, New Jersey!!Median income (dollars)!!Estimate","90,417",90417.0,"Census Tract 188, Hudson County, New Jersey!!Total population!!Estimate",1496.0,near_neither,-6.839168958442997,-0.02796049125189204,2.0172004851951533,2.984283634721738,0.2887337532600075
"Census Tract 189, Hudson County, New Jersey","3,554",492,"2,684",55,0,248,0,8,67,3554.0,2684.0,55.0,248.0,8.0,492.0,75.52054023635341,1.5475520540236354,6.978052898142938,0.225098480585256,13.843556555993247,True,False,189.0,4764.0,3454.0,89.0,429.0,610.0,25.0,True,False,72.50209907640638,1.868178001679261,9.005037783375315,12.804366078925272,0.5247691015952981,680500.0,121208.0,1441.0,"Census Tract 189, Hudson County, New Jersey!!Estimate",532400.0,"Census Tract 189, Hudson County, New Jersey!!Median income (dollars)!!Estimate","96,667",96667.0,"Census Tract 189, Hudson County, New Jersey!!Total population!!Estimate",1127.0,hblr_only,-3.018441159947031,0.3206259476556257,2.026984885232377,-1.0391904770679758,0.2996706210100421
"Census Tract 190, Hudson County, New Jersey","4,614","1,701","2,126",572,0,137,3,15,60,4614.0,2126.0,572.0,137.0,15.0,1701.0,46.07715648027742,12.397052449068054,2.9692241005635025,0.3250975292587776,36.86605981794538,True,False,190.0,4822.0,2189.0,528.0,230.0,1709.0,27.0,True,False,45.396101202820404,10.949813355454168,4.769805060141021,35.4417254251348,0.5599336374948154,603700.0,78108.0,1546.0,"Census Tract 190, Hudson County, New Jersey!!Estimate",376300.0,"Census Tract 190, Hudson County, New Jersey!!Median income (dollars)!!Estimate","58,631",58631.0,"Census Tract 190, Hudson County, New Jersey!!Total population!!Estimate",747.0,hblr_only,-0.6810552774570127,-1.4472390936138861,1.8005809595775184,-1.4243343928105787,0.2348361082360378
"Census Tract 191, Hudson County, New Jersey","3,392",648,"2,386",69,1,228,0,9,51,3392.0,2386.0,69.0,228.0,9.0,648.0,70.34198113207547,2.0341981132075477,6.721698113207547,0.2653301886792453,19.10377358490566,True,False,191.0,3949.0,2633.0,104.0,330.0,743.0,20.0,True,False,66.67510762218282,2.633578121043302,8.356545961002785,18.814889845530512,0.5064573309698658,662500.0,133372.0,2486.0,"Census Tract 191, Hudson County, New Jersey!!Estimate",395100.0,"Census Tract 191, Hudson County, New Jersey!!Median income (dollars)!!Estimate","84,335",84335.0,"Census Tract 191, Hudson County, New Jersey!!Total population!!Estimate",1544.0,hblr_only,-3.6668735098926533,0.5993800078357543,1.6348478477952382,-0.288883739375148,0.2411271422906205
"Census Tract 192, Hudson County, New Jersey","3,928",269,"2,997",47,2,513,0,8,92,3928.0,2997.0,47.0,513.0,8.0,269.0,76.29837067209776,1.1965376782077393,13.060081466395111,0.2036659877800407,6.84826883910387,True,False,192.0,5108.0,3383.0,43.0,1051.0,358.0,22.0,True,False,66.22944400939701,0.8418167580266249,20.575567736883322,7.008613938919342,0.4306969459671104,773700.0,201798.0,2454.0,"Census Tract 192, Hudson County, New Jersey!!Estimate",580300.0,"Census Tract 192, Hudson County, New Jersey!!Median income (dollars)!!Estimate","158,158",158158.0,"Census Tract 192, Hudson County, New Jersey!!Total population!!Estimate",2000.0,hblr_only,-10.068926662700747,-0.35472092018111434,7.515486270488211,0.16034509981547185,0.2270309581870697
"Census Tract 193, Hudson County, New Jersey","2,813",490,"2,059",30,0,189,2,3,40,2813.0,2059.0,30.0,189.0,3.0,490.0,73.19587628865979,1.0664770707429791,6.718805545680769,0.1066477070742979,17.41912548880199,True,True,193.0,3260.0,2207.0,32.0,364.0,541.0,19.0,True,True,67.69938650306749,0.98159509202454,11.16564417177914,16.595092024539877,0.5828220858895705,758300.0,153792.0,2306.0,"Census Tract 193, Hudson County, New Jersey!!Estimate",464800.0,"Census Tract 193, Hudson County, New Jersey!!Median income (dollars)!!Estimate","81,827",81827.0,"Census Tract 193, Hudson County, New Jersey!!Total population!!Estimate",1570.0,near_both,-5.496489785592303,-0.08488197871843917,4.446838626098372,-0.8240334642621114,0.47617437881527264
"Census Tract 194, Hudson County, New Jersey","2,845",392,"2,162",47,6,188,0,6,44,2845.0,2162.0,47.0,188.0,6.0,392.0,75.99297012302286,1.6520210896309315,6.608084358523726,0.210896309314587,13.778558875219684,True,True,194.0,2963.0,2030.0,66.0,270.0,494.0,26.0,True,True,68.51164360445495,2.2274721565980427,9.112386095173811,16.672291596355045,0.8774890313871078,886100.0,85815.0,1703.0,"Census Tract 194, Hudson County, New Jersey!!Estimate",565100.0,"Census Tract 194, Hudson County, New Jersey!!Median income (dollars)!!Estimate","91,875",91875.0,"Census Tract 194, Hudson County, New Jersey!!Total population!!Estimate",1677.0,near_both,-7.481326518567911,0.5754510669671111,2.504301736650085,2.893732721135361,0.6665927220725207
"Census Tract 198, Hudson County, New Jersey","5,669",962,"3,376",97,3,"1,105",0,12,114,5669.0,3376.0,97.0,1105.0,12.0,962.0,59.551949197389305,1.7110601517022404,19.49197389310284,0.2116775445404833,16.969483153995412,False,False,198.0,7080.0,3139.0,232.0,1941.0,1561.0,41.0,False,False,44.336158192090394,3.2768361581920904,27.415254237288135,22.048022598870055,0.5790960451977402,559100.0,139102.0,1675.0,"Census Tract 198, Hudson County, New Jersey!!Estimate",508200.0,"Census Tract 198, Hudson County, New Jersey!!Median income (dollars)!!Estimate","82,390",82390.0,"Census Tract 198, Hudson County, New Jersey!!Total population!!Estimate",1218.0,near_neither,-15.215791005298911,1.56577600648985,7.923280344185294,5.078539444874643,0.3674185006572569
"Census Tract 199, Hudson County, New Jersey","4,725",828,"2,376",181,9,"1,260",1,10,60,4725.0,2376.0,181.0,1260.0,10.0,828.0,50.28571428571429,3.830687830687831,26.666666666666668,0.2116402116402116,17.523809523809526,False,False,199.0,5542.0,2127.0,224.0,1771.0,1244.0,40.0,False,False,38.37964633706243,4.041862143630459,31.955972573078313,22.44677011909058,0.7217610970768675,414000.0,100847.0,1484.0,"Census Tract 199, Hudson County, New Jersey!!Estimate",387200.0,"Census Tract 199, Hudson County, New Jersey!!Median income (dollars)!!Estimate","93,220",93220.0,"Census Tract 199, Hudson County, New Jersey!!Total population!!Estimate",1173.0,near_neither,-11.90606794865186,0.21117431294262756,5.289305906411645,4.9229605952810545,0.5101208854366559
"Census Tract 200, Hudson County, New Jersey","5,157 (r46427)","1,055","3,098",232,9,695,0,7,61,5157.0,3098.0,232.0,695.0,7.0,1055.0,60.07368625169672,4.498739577273609,13.476827612953269,0.1357378320729106,20.457630405274383,False,True,200.0,5303.0,2644.0,216.0,955.0,1362.0,15.0,False,False,49.85857062040355,4.073166132377899,18.008674335281917,25.683575334716195,0.2828587591929097,460700.0,120582.0,1419.0,"Census Tract 200, Hudson County, New Jersey!!Estimate",483200.0,"Census Tract 200, Hudson County, New Jersey!!Median income (dollars)!!Estimate","64,561",64561.0,"Census Tract 200, Hudson County, New Jersey!!Total population!!Estimate",1221.0,path_only,-10.215115631293173,-0.4255734448957096,4.531846722328648,5.2259449294418125,0.1471209271199991
"Census Tract 201, Hudson County, New Jersey",713,180,241,65,2,209,0,4,12,,,,,,,,,,,,False,True,201.0,4256.0,850.0,250.0,2500.0,533.0,26.0,False,False,19.971804511278197,5.87406015037594,58.74060150375939,12.523496240601503,0.6109022556390977,0.0,162644.0,2690.0,"Census Tract 201, Hudson County, New Jersey!!Estimate",392700.0,"Census Tract 201, Hudson County, New Jersey!!Median income (dollars)!!Estimate","111,000",111000.0,,,path_only,,,,,
"Census Tract 324, Hudson County, New Jersey","6,407","5,686",507,67,4,83,0,16,44,6407.0,507.0,67.0,83.0,16.0,5686.0,7.913219915717184,1.0457312314655844,1.2954580927110972,0.2497268612455127,88.74668331512409,False,False,324.0,6762.0,468.0,68.0,124.0,6035.0,39.0,False,False,6.921029281277728,1.0056196391600118,1.8337769890564921,89.24874297545105,0.5767524401064774,359500.0,58333.0,1293.0,"Census Tract 324, Hudson County, New Jersey!!Estimate",414000.0,"Census Tract 324, Hudson County, New Jersey!!Median income (dollars)!!Estimate","37,234",37234.0,"Census Tract 324, Hudson County, New Jersey!!Total population!!Estimate",1070.0,near_neither,-0.9921906344394555,-0.040111592305572596,0.5383188963453949,0.5020596603269638,0.3270255788609647
"Census Tract 9801, Hudson County, New Jersey",0,0,0,0,0,0,0,0,0,,,,,,,,,,,,False,False,9801.0,0.0,0.0,0.0,0.0,0.0,0.0,False,False,,,,,,,,,"Census Tract 9801, Hudson County, New Jersey!!Estimate",,"Census Tract 9801, Hudson County, New Jersey!!Median income (dollars)!!Estimate",-,,,,near_neither,,,,,
